image_path,source_data,image_key,image_id,image_type
/home/user/data/phyusformer_data/post_miccai_exps/data/US30k/US30K/Breast-UDIAT/img/000001.png,breast_udiat,000001,breast_udiat_000001,png
/home/user/data/phyusformer_data/post_miccai_exps/data/US30k/US30K/Breast-UDIAT/img/000002.png,breast_udiat,000002,breast_udiat_000002,png
/home/user/data/phyusformer_data/post_miccai_exps/data/US30k/US30K/Breast-UDIAT/img/000003.png,breast_udiat,000003,breast_udiat_000003,png
/home/user/data/phyusformer_data/post_miccai_exps/data/US30k/US30K/Breast-UDIAT/img/000004.png,breast_udiat,000004,breast_udiat_000004,png
/home/user/data/phyusformer_data/post_miccai_exps/data/US30k/US30K/Breast-UDIAT/img/000005.png,breast_udiat,000005,breast_udiat_000005,png
/home/user/data/phyusformer_data/post_miccai_exps/data/US30k/US30K/Breast-UDIAT/img/000006.png,breast_udiat,000006,breast_udiat_000006,png
/home/user/data/phyusformer_data/post_miccai_exps/data/US30k/US30K/Breast-UDIAT/img/000007.png,breast_udiat,000007,breast_udiat_000007,png
/home/user/data/phyusformer_data/post_miccai_exps/data/US30k/US30K/Breast-UDIAT/img/000008.png,breast_udiat,000008,breast_udiat_000008,png
/home/user/data/phyusformer_data/post_miccai_exps/data/US30k/US30K/Breast-UDIAT/img/000009.png,breast_udiat,000009,breast_udiat_000009,png
/home/user/data/phyusformer_data/post_miccai_exps/data/US30k/US30K/Breast-UDIAT/img/000010.png,breast_udiat,000010,breast_udiat_000010,png
/home/user/data/phyusformer_data/post_miccai_exps/data/US30k/US30K/Breast-UDIAT/img/000011.png,breast_udiat,000011,breast_udiat_000011,png
/home/user/data/phyusformer_data/post_miccai_exps/data/US30k/US30K/Breast-UDIAT/img/000012.png,breast_udiat,000012,breast_udiat_000012,png
/home/user/data/phyusformer_data/post_miccai_exps/data/US30k/US30K/Breast-UDIAT/img/000013.png,breast_udiat,000013,breast_udiat_000013,png
/home/user/data/phyusformer_data/post_miccai_exps/data/US30k/US30K/Breast-UDIAT/img/000014.png,breast_udiat,000014,breast_udiat_000014,png
/home/user/data/phyusformer_data/post_miccai_exps/data/US30k/US30K/Breast-UDIAT/img/000015.png,breast_udiat,000015,breast_udiat_000015,png
/home/user/data/phyusformer_data/post_miccai_exps/data/US30k/US30K/Breast-UDIAT/img/000016.png,breast_udiat,000016,breast_udiat_000016,png
/home/user/data/phyusformer_data/post_miccai_exps/data/US30k/US30K/Breast-UDIAT/img/000017.png,breast_udiat,000017,breast_udiat_000017,png
/home/user/data/phyusformer_data/post_miccai_exps/data/US30k/US30K/Breast-UDIAT/img/000018.png,breast_udiat,000018,breast_udiat_000018,png
/home/user/data/phyusformer_data/post_miccai_exps/data/US30k/US30K/Breast-UDIAT/img/000019.png,breast_udiat,000019,breast_udiat_000019,png
/home/user/data/phyusformer_data/post_miccai_exps/data/US30k/US30K/Breast-UDIAT/img/000020.png,breast_udiat,000020,breast_udiat_000020,png
/home/user/data/phyusformer_data/post_miccai_exps/data/US30k/US30K/Breast-UDIAT/img/000021.png,breast_udiat,000021,breast_udiat_000021,png
/home/user/data/phyusformer_data/post_miccai_exps/data/US30k/US30K/Breast-UDIAT/img/000022.png,breast_udiat,000022,breast_udiat_000022,png
/home/user/data/phyusformer_data/post_miccai_exps/data/US30k/US30K/Breast-UDIAT/img/000023.png,breast_udiat,000023,breast_udiat_000023,png
/home/user/data/phyusformer_data/post_miccai_exps/data/US30k/US30K/Breast-UDIAT/img/000024.png,breast_udiat,000024,breast_udiat_000024,png
/home/user/data/phyusformer_data/post_miccai_exps/data/US30k/US30K/Breast-UDIAT/img/000025.png,breast_udiat,000025,breast_udiat_000025,png
/home/user/data/phyusformer_data/post_miccai_exps/data/US30k/US30K/Breast-UDIAT/img/000026.png,breast_udiat,000026,breast_udiat_000026,png
/home/user/data/phyusformer_data/post_miccai_exps/data/US30k/US30K/Breast-UDIAT/img/000027.png,breast_udiat,000027,breast_udiat_000027,png
/home/user/data/phyusformer_data/post_miccai_exps/data/US30k/US30K/Breast-UDIAT/img/000028.png,breast_udiat,000028,breast_udiat_000028,png
/home/user/data/phyusformer_data/post_miccai_exps/data/US30k/US30K/Breast-UDIAT/img/000029.png,breast_udiat,000029,breast_udiat_000029,png
/home/user/data/phyusformer_data/post_miccai_exps/data/US30k/US30K/Breast-UDIAT/img/000030.png,breast_udiat,000030,breast_udiat_000030,png
/home/user/data/phyusformer_data/post_miccai_exps/data/US30k/US30K/Breast-UDIAT/img/000031.png,breast_udiat,000031,breast_udiat_000031,png
/home/user/data/phyusformer_data/post_miccai_exps/data/US30k/US30K/Breast-UDIAT/img/000032.png,breast_udiat,000032,breast_udiat_000032,png
/home/user/data/phyusformer_data/post_miccai_exps/data/US30k/US30K/Breast-UDIAT/img/000033.png,breast_udiat,000033,breast_udiat_000033,png
/home/user/data/phyusformer_data/post_miccai_exps/data/US30k/US30K/Breast-UDIAT/img/000034.png,breast_udiat,000034,breast_udiat_000034,png
/home/user/data/phyusformer_data/post_miccai_exps/data/US30k/US30K/Breast-UDIAT/img/000035.png,breast_udiat,000035,breast_udiat_000035,png
/home/user/data/phyusformer_data/post_miccai_exps/data/US30k/US30K/Breast-UDIAT/img/000036.png,breast_udiat,000036,breast_udiat_000036,png
/home/user/data/phyusformer_data/post_miccai_exps/data/US30k/US30K/Breast-UDIAT/img/000037.png,breast_udiat,000037,breast_udiat_000037,png
/home/user/data/phyusformer_data/post_miccai_exps/data/US30k/US30K/Breast-UDIAT/img/000038.png,breast_udiat,000038,breast_udiat_000038,png
/home/user/data/phyusformer_data/post_miccai_exps/data/US30k/US30K/Breast-UDIAT/img/000039.png,breast_udiat,000039,breast_udiat_000039,png
/home/user/data/phyusformer_data/post_miccai_exps/data/US30k/US30K/Breast-UDIAT/img/000040.png,breast_udiat,000040,breast_udiat_000040,png
/home/user/data/phyusformer_data/post_miccai_exps/data/US30k/US30K/Breast-UDIAT/img/000041.png,breast_udiat,000041,breast_udiat_000041,png
/home/user/data/phyusformer_data/post_miccai_exps/data/US30k/US30K/Breast-UDIAT/img/000042.png,breast_udiat,000042,breast_udiat_000042,png
/home/user/data/phyusformer_data/post_miccai_exps/data/US30k/US30K/Breast-UDIAT/img/000043.png,breast_udiat,000043,breast_udiat_000043,png
/home/user/data/phyusformer_data/post_miccai_exps/data/US30k/US30K/Breast-UDIAT/img/000044.png,breast_udiat,000044,breast_udiat_000044,png
/home/user/data/phyusformer_data/post_miccai_exps/data/US30k/US30K/Breast-UDIAT/img/000045.png,breast_udiat,000045,breast_udiat_000045,png
/home/user/data/phyusformer_data/post_miccai_exps/data/US30k/US30K/Breast-UDIAT/img/000046.png,breast_udiat,000046,breast_udiat_000046,png
/home/user/data/phyusformer_data/post_miccai_exps/data/US30k/US30K/Breast-UDIAT/img/000047.png,breast_udiat,000047,breast_udiat_000047,png
/home/user/data/phyusformer_data/post_miccai_exps/data/US30k/US30K/Breast-UDIAT/img/000048.png,breast_udiat,000048,breast_udiat_000048,png
/home/user/data/phyusformer_data/post_miccai_exps/data/US30k/US30K/Breast-UDIAT/img/000049.png,breast_udiat,000049,breast_udiat_000049,png
/home/user/data/phyusformer_data/post_miccai_exps/data/US30k/US30K/Breast-UDIAT/img/000050.png,breast_udiat,000050,breast_udiat_000050,png
/home/user/data/phyusformer_data/post_miccai_exps/data/US30k/US30K/Breast-UDIAT/img/000051.png,breast_udiat,000051,breast_udiat_000051,png
/home/user/data/phyusformer_data/post_miccai_exps/data/US30k/US30K/Breast-UDIAT/img/000052.png,breast_udiat,000052,breast_udiat_000052,png
/home/user/data/phyusformer_data/post_miccai_exps/data/US30k/US30K/Breast-UDIAT/img/000053.png,breast_udiat,000053,breast_udiat_000053,png
/home/user/data/phyusformer_data/post_miccai_exps/data/US30k/US30K/Breast-UDIAT/img/000054.png,breast_udiat,000054,breast_udiat_000054,png
/home/user/data/phyusformer_data/post_miccai_exps/data/US30k/US30K/Breast-UDIAT/img/000055.png,breast_udiat,000055,breast_udiat_000055,png
/home/user/data/phyusformer_data/post_miccai_exps/data/US30k/US30K/Breast-UDIAT/img/000056.png,breast_udiat,000056,breast_udiat_000056,png
/home/user/data/phyusformer_data/post_miccai_exps/data/US30k/US30K/Breast-UDIAT/img/000057.png,breast_udiat,000057,breast_udiat_000057,png
/home/user/data/phyusformer_data/post_miccai_exps/data/US30k/US30K/Breast-UDIAT/img/000058.png,breast_udiat,000058,breast_udiat_000058,png
/home/user/data/phyusformer_data/post_miccai_exps/data/US30k/US30K/Breast-UDIAT/img/000059.png,breast_udiat,000059,breast_udiat_000059,png
/home/user/data/phyusformer_data/post_miccai_exps/data/US30k/US30K/Breast-UDIAT/img/000060.png,breast_udiat,000060,breast_udiat_000060,png
/home/user/data/phyusformer_data/post_miccai_exps/data/US30k/US30K/Breast-UDIAT/img/000061.png,breast_udiat,000061,breast_udiat_000061,png
/home/user/data/phyusformer_data/post_miccai_exps/data/US30k/US30K/Breast-UDIAT/img/000062.png,breast_udiat,000062,breast_udiat_000062,png
/home/user/data/phyusformer_data/post_miccai_exps/data/US30k/US30K/Breast-UDIAT/img/000063.png,breast_udiat,000063,breast_udiat_000063,png
/home/user/data/phyusformer_data/post_miccai_exps/data/US30k/US30K/Breast-UDIAT/img/000064.png,breast_udiat,000064,breast_udiat_000064,png
/home/user/data/phyusformer_data/post_miccai_exps/data/US30k/US30K/Breast-UDIAT/img/000065.png,breast_udiat,000065,breast_udiat_000065,png
/home/user/data/phyusformer_data/post_miccai_exps/data/US30k/US30K/Breast-UDIAT/img/000066.png,breast_udiat,000066,breast_udiat_000066,png
/home/user/data/phyusformer_data/post_miccai_exps/data/US30k/US30K/Breast-UDIAT/img/000067.png,breast_udiat,000067,breast_udiat_000067,png
/home/user/data/phyusformer_data/post_miccai_exps/data/US30k/US30K/Breast-UDIAT/img/000068.png,breast_udiat,000068,breast_udiat_000068,png
/home/user/data/phyusformer_data/post_miccai_exps/data/US30k/US30K/Breast-UDIAT/img/000069.png,breast_udiat,000069,breast_udiat_000069,png
/home/user/data/phyusformer_data/post_miccai_exps/data/US30k/US30K/Breast-UDIAT/img/000070.png,breast_udiat,000070,breast_udiat_000070,png
/home/user/data/phyusformer_data/post_miccai_exps/data/US30k/US30K/Breast-UDIAT/img/000071.png,breast_udiat,000071,breast_udiat_000071,png
/home/user/data/phyusformer_data/post_miccai_exps/data/US30k/US30K/Breast-UDIAT/img/000072.png,breast_udiat,000072,breast_udiat_000072,png
/home/user/data/phyusformer_data/post_miccai_exps/data/US30k/US30K/Breast-UDIAT/img/000073.png,breast_udiat,000073,breast_udiat_000073,png
/home/user/data/phyusformer_data/post_miccai_exps/data/US30k/US30K/Breast-UDIAT/img/000074.png,breast_udiat,000074,breast_udiat_000074,png
/home/user/data/phyusformer_data/post_miccai_exps/data/US30k/US30K/Breast-UDIAT/img/000075.png,breast_udiat,000075,breast_udiat_000075,png
/home/user/data/phyusformer_data/post_miccai_exps/data/US30k/US30K/Breast-UDIAT/img/000076.png,breast_udiat,000076,breast_udiat_000076,png
/home/user/data/phyusformer_data/post_miccai_exps/data/US30k/US30K/Breast-UDIAT/img/000077.png,breast_udiat,000077,breast_udiat_000077,png
/home/user/data/phyusformer_data/post_miccai_exps/data/US30k/US30K/Breast-UDIAT/img/000078.png,breast_udiat,000078,breast_udiat_000078,png
/home/user/data/phyusformer_data/post_miccai_exps/data/US30k/US30K/Breast-UDIAT/img/000079.png,breast_udiat,000079,breast_udiat_000079,png
/home/user/data/phyusformer_data/post_miccai_exps/data/US30k/US30K/Breast-UDIAT/img/000080.png,breast_udiat,000080,breast_udiat_000080,png
/home/user/data/phyusformer_data/post_miccai_exps/data/US30k/US30K/Breast-UDIAT/img/000081.png,breast_udiat,000081,breast_udiat_000081,png
/home/user/data/phyusformer_data/post_miccai_exps/data/US30k/US30K/Breast-UDIAT/img/000082.png,breast_udiat,000082,breast_udiat_000082,png
/home/user/data/phyusformer_data/post_miccai_exps/data/US30k/US30K/Breast-UDIAT/img/000083.png,breast_udiat,000083,breast_udiat_000083,png
/home/user/data/phyusformer_data/post_miccai_exps/data/US30k/US30K/Breast-UDIAT/img/000084.png,breast_udiat,000084,breast_udiat_000084,png
/home/user/data/phyusformer_data/post_miccai_exps/data/US30k/US30K/Breast-UDIAT/img/000085.png,breast_udiat,000085,breast_udiat_000085,png
/home/user/data/phyusformer_data/post_miccai_exps/data/US30k/US30K/Breast-UDIAT/img/000086.png,breast_udiat,000086,breast_udiat_000086,png
/home/user/data/phyusformer_data/post_miccai_exps/data/US30k/US30K/Breast-UDIAT/img/000087.png,breast_udiat,000087,breast_udiat_000087,png
/home/user/data/phyusformer_data/post_miccai_exps/data/US30k/US30K/Breast-UDIAT/img/000088.png,breast_udiat,000088,breast_udiat_000088,png
/home/user/data/phyusformer_data/post_miccai_exps/data/US30k/US30K/Breast-UDIAT/img/000089.png,breast_udiat,000089,breast_udiat_000089,png
/home/user/data/phyusformer_data/post_miccai_exps/data/US30k/US30K/Breast-UDIAT/img/000090.png,breast_udiat,000090,breast_udiat_000090,png
/home/user/data/phyusformer_data/post_miccai_exps/data/US30k/US30K/Breast-UDIAT/img/000091.png,breast_udiat,000091,breast_udiat_000091,png
/home/user/data/phyusformer_data/post_miccai_exps/data/US30k/US30K/Breast-UDIAT/img/000092.png,breast_udiat,000092,breast_udiat_000092,png
/home/user/data/phyusformer_data/post_miccai_exps/data/US30k/US30K/Breast-UDIAT/img/000093.png,breast_udiat,000093,breast_udiat_000093,png
/home/user/data/phyusformer_data/post_miccai_exps/data/US30k/US30K/Breast-UDIAT/img/000094.png,breast_udiat,000094,breast_udiat_000094,png
/home/user/data/phyusformer_data/post_miccai_exps/data/US30k/US30K/Breast-UDIAT/img/000095.png,breast_udiat,000095,breast_udiat_000095,png
/home/user/data/phyusformer_data/post_miccai_exps/data/US30k/US30K/Breast-UDIAT/img/000096.png,breast_udiat,000096,breast_udiat_000096,png
/home/user/data/phyusformer_data/post_miccai_exps/data/US30k/US30K/Breast-UDIAT/img/000097.png,breast_udiat,000097,breast_udiat_000097,png
/home/user/data/phyusformer_data/post_miccai_exps/data/US30k/US30K/Breast-UDIAT/img/000098.png,breast_udiat,000098,breast_udiat_000098,png
/home/user/data/phyusformer_data/post_miccai_exps/data/US30k/US30K/Breast-UDIAT/img/000099.png,breast_udiat,000099,breast_udiat_000099,png
/home/user/data/phyusformer_data/post_miccai_exps/data/US30k/US30K/Breast-UDIAT/img/000100.png,breast_udiat,000100,breast_udiat_000100,png
/home/user/data/phyusformer_data/post_miccai_exps/data/US30k/US30K/Breast-UDIAT/img/000101.png,breast_udiat,000101,breast_udiat_000101,png
/home/user/data/phyusformer_data/post_miccai_exps/data/US30k/US30K/Breast-UDIAT/img/000102.png,breast_udiat,000102,breast_udiat_000102,png
/home/user/data/phyusformer_data/post_miccai_exps/data/US30k/US30K/Breast-UDIAT/img/000103.png,breast_udiat,000103,breast_udiat_000103,png
/home/user/data/phyusformer_data/post_miccai_exps/data/US30k/US30K/Breast-UDIAT/img/000104.png,breast_udiat,000104,breast_udiat_000104,png
/home/user/data/phyusformer_data/post_miccai_exps/data/US30k/US30K/Breast-UDIAT/img/000105.png,breast_udiat,000105,breast_udiat_000105,png
/home/user/data/phyusformer_data/post_miccai_exps/data/US30k/US30K/Breast-UDIAT/img/000106.png,breast_udiat,000106,breast_udiat_000106,png
/home/user/data/phyusformer_data/post_miccai_exps/data/US30k/US30K/Breast-UDIAT/img/000107.png,breast_udiat,000107,breast_udiat_000107,png
/home/user/data/phyusformer_data/post_miccai_exps/data/US30k/US30K/Breast-UDIAT/img/000108.png,breast_udiat,000108,breast_udiat_000108,png
/home/user/data/phyusformer_data/post_miccai_exps/data/US30k/US30K/Breast-UDIAT/img/000109.png,breast_udiat,000109,breast_udiat_000109,png
/home/user/data/phyusformer_data/post_miccai_exps/data/US30k/US30K/Breast-UDIAT/img/000110.png,breast_udiat,000110,breast_udiat_000110,png
/home/user/data/phyusformer_data/post_miccai_exps/data/US30k/US30K/Breast-UDIAT/img/000111.png,breast_udiat,000111,breast_udiat_000111,png
/home/user/data/phyusformer_data/post_miccai_exps/data/US30k/US30K/Breast-UDIAT/img/000112.png,breast_udiat,000112,breast_udiat_000112,png
/home/user/data/phyusformer_data/post_miccai_exps/data/US30k/US30K/Breast-UDIAT/img/000113.png,breast_udiat,000113,breast_udiat_000113,png
/home/user/data/phyusformer_data/post_miccai_exps/data/US30k/US30K/Breast-UDIAT/img/000114.png,breast_udiat,000114,breast_udiat_000114,png
/home/user/data/phyusformer_data/post_miccai_exps/data/US30k/US30K/Breast-UDIAT/img/000115.png,breast_udiat,000115,breast_udiat_000115,png
/home/user/data/phyusformer_data/post_miccai_exps/data/US30k/US30K/Breast-UDIAT/img/000116.png,breast_udiat,000116,breast_udiat_000116,png
/home/user/data/phyusformer_data/post_miccai_exps/data/US30k/US30K/Breast-UDIAT/img/000117.png,breast_udiat,000117,breast_udiat_000117,png
/home/user/data/phyusformer_data/post_miccai_exps/data/US30k/US30K/Breast-UDIAT/img/000118.png,breast_udiat,000118,breast_udiat_000118,png
/home/user/data/phyusformer_data/post_miccai_exps/data/US30k/US30K/Breast-UDIAT/img/000119.png,breast_udiat,000119,breast_udiat_000119,png
/home/user/data/phyusformer_data/post_miccai_exps/data/US30k/US30K/Breast-UDIAT/img/000120.png,breast_udiat,000120,breast_udiat_000120,png
/home/user/data/phyusformer_data/post_miccai_exps/data/US30k/US30K/Breast-UDIAT/img/000121.png,breast_udiat,000121,breast_udiat_000121,png
/home/user/data/phyusformer_data/post_miccai_exps/data/US30k/US30K/Breast-UDIAT/img/000122.png,breast_udiat,000122,breast_udiat_000122,png
/home/user/data/phyusformer_data/post_miccai_exps/data/US30k/US30K/Breast-UDIAT/img/000123.png,breast_udiat,000123,breast_udiat_000123,png
/home/user/data/phyusformer_data/post_miccai_exps/data/US30k/US30K/Breast-UDIAT/img/000124.png,breast_udiat,000124,breast_udiat_000124,png
/home/user/data/phyusformer_data/post_miccai_exps/data/US30k/US30K/Breast-UDIAT/img/000125.png,breast_udiat,000125,breast_udiat_000125,png
/home/user/data/phyusformer_data/post_miccai_exps/data/US30k/US30K/Breast-UDIAT/img/000126.png,breast_udiat,000126,breast_udiat_000126,png
/home/user/data/phyusformer_data/post_miccai_exps/data/US30k/US30K/Breast-UDIAT/img/000127.png,breast_udiat,000127,breast_udiat_000127,png
/home/user/data/phyusformer_data/post_miccai_exps/data/US30k/US30K/Breast-UDIAT/img/000128.png,breast_udiat,000128,breast_udiat_000128,png
/home/user/data/phyusformer_data/post_miccai_exps/data/US30k/US30K/Breast-UDIAT/img/000129.png,breast_udiat,000129,breast_udiat_000129,png
/home/user/data/phyusformer_data/post_miccai_exps/data/US30k/US30K/Breast-UDIAT/img/000130.png,breast_udiat,000130,breast_udiat_000130,png
/home/user/data/phyusformer_data/post_miccai_exps/data/US30k/US30K/Breast-UDIAT/img/000131.png,breast_udiat,000131,breast_udiat_000131,png
/home/user/data/phyusformer_data/post_miccai_exps/data/US30k/US30K/Breast-UDIAT/img/000132.png,breast_udiat,000132,breast_udiat_000132,png
/home/user/data/phyusformer_data/post_miccai_exps/data/US30k/US30K/Breast-UDIAT/img/000133.png,breast_udiat,000133,breast_udiat_000133,png
/home/user/data/phyusformer_data/post_miccai_exps/data/US30k/US30K/Breast-UDIAT/img/000134.png,breast_udiat,000134,breast_udiat_000134,png
/home/user/data/phyusformer_data/post_miccai_exps/data/US30k/US30K/Breast-UDIAT/img/000135.png,breast_udiat,000135,breast_udiat_000135,png
/home/user/data/phyusformer_data/post_miccai_exps/data/US30k/US30K/Breast-UDIAT/img/000136.png,breast_udiat,000136,breast_udiat_000136,png
/home/user/data/phyusformer_data/post_miccai_exps/data/US30k/US30K/Breast-UDIAT/img/000137.png,breast_udiat,000137,breast_udiat_000137,png
/home/user/data/phyusformer_data/post_miccai_exps/data/US30k/US30K/Breast-UDIAT/img/000138.png,breast_udiat,000138,breast_udiat_000138,png
/home/user/data/phyusformer_data/post_miccai_exps/data/US30k/US30K/Breast-UDIAT/img/000139.png,breast_udiat,000139,breast_udiat_000139,png
/home/user/data/phyusformer_data/post_miccai_exps/data/US30k/US30K/Breast-UDIAT/img/000140.png,breast_udiat,000140,breast_udiat_000140,png
/home/user/data/phyusformer_data/post_miccai_exps/data/US30k/US30K/Breast-UDIAT/img/000141.png,breast_udiat,000141,breast_udiat_000141,png
/home/user/data/phyusformer_data/post_miccai_exps/data/US30k/US30K/Breast-UDIAT/img/000142.png,breast_udiat,000142,breast_udiat_000142,png
/home/user/data/phyusformer_data/post_miccai_exps/data/US30k/US30K/Breast-UDIAT/img/000143.png,breast_udiat,000143,breast_udiat_000143,png
/home/user/data/phyusformer_data/post_miccai_exps/data/US30k/US30K/Breast-UDIAT/img/000144.png,breast_udiat,000144,breast_udiat_000144,png
/home/user/data/phyusformer_data/post_miccai_exps/data/US30k/US30K/Breast-UDIAT/img/000145.png,breast_udiat,000145,breast_udiat_000145,png
/home/user/data/phyusformer_data/post_miccai_exps/data/US30k/US30K/Breast-UDIAT/img/000146.png,breast_udiat,000146,breast_udiat_000146,png
/home/user/data/phyusformer_data/post_miccai_exps/data/US30k/US30K/Breast-UDIAT/img/000147.png,breast_udiat,000147,breast_udiat_000147,png
/home/user/data/phyusformer_data/post_miccai_exps/data/US30k/US30K/Breast-UDIAT/img/000295.png,breast_udiat,000295,breast_udiat_000295,png
/home/user/data/phyusformer_data/post_miccai_exps/data/US30k/US30K/Breast-UDIAT/img/000296.png,breast_udiat,000296,breast_udiat_000296,png
/home/user/data/phyusformer_data/post_miccai_exps/data/US30k/US30K/Breast-UDIAT/img/000297.png,breast_udiat,000297,breast_udiat_000297,png
/home/user/data/phyusformer_data/post_miccai_exps/data/US30k/US30K/Breast-UDIAT/img/000298.png,breast_udiat,000298,breast_udiat_000298,png
/home/user/data/phyusformer_data/post_miccai_exps/data/US30k/US30K/Breast-UDIAT/img/000299.png,breast_udiat,000299,breast_udiat_000299,png
/home/user/data/phyusformer_data/post_miccai_exps/data/US30k/US30K/Breast-UDIAT/img/000300.png,breast_udiat,000300,breast_udiat_000300,png
/home/user/data/phyusformer_data/post_miccai_exps/data/US30k/US30K/Breast-UDIAT/img/000301.png,breast_udiat,000301,breast_udiat_000301,png
/home/user/data/phyusformer_data/post_miccai_exps/data/US30k/US30K/Breast-UDIAT/img/000302.png,breast_udiat,000302,breast_udiat_000302,png
/home/user/data/phyusformer_data/post_miccai_exps/data/US30k/US30K/Breast-UDIAT/img/000303.png,breast_udiat,000303,breast_udiat_000303,png
/home/user/data/phyusformer_data/post_miccai_exps/data/US30k/US30K/Breast-UDIAT/img/000304.png,breast_udiat,000304,breast_udiat_000304,png
/home/user/data/phyusformer_data/post_miccai_exps/data/US30k/US30K/Breast-UDIAT/img/000305.png,breast_udiat,000305,breast_udiat_000305,png
/home/user/data/phyusformer_data/post_miccai_exps/data/US30k/US30K/Breast-UDIAT/img/000306.png,breast_udiat,000306,breast_udiat_000306,png
/home/user/data/phyusformer_data/post_miccai_exps/data/US30k/US30K/Breast-UDIAT/img/000307.png,breast_udiat,000307,breast_udiat_000307,png
/home/user/data/phyusformer_data/post_miccai_exps/data/US30k/US30K/Breast-UDIAT/img/000308.png,breast_udiat,000308,breast_udiat_000308,png
/home/user/data/phyusformer_data/post_miccai_exps/data/US30k/US30K/Breast-UDIAT/img/000309.png,breast_udiat,000309,breast_udiat_000309,png
/home/user/data/phyusformer_data/post_miccai_exps/data/US30k/US30K/Breast-UDIAT/img/000310.png,breast_udiat,000310,breast_udiat_000310,png
/home/user/data/phyusformer_data/post_miccai_exps/data/US30k/US30K/Breast-STU/img/1.png,breast_stu,1,breast_stu_1,png
/home/user/data/phyusformer_data/post_miccai_exps/data/US30k/US30K/Breast-STU/img/10.png,breast_stu,10,breast_stu_10,png
/home/user/data/phyusformer_data/post_miccai_exps/data/US30k/US30K/Breast-STU/img/11.png,breast_stu,11,breast_stu_11,png
/home/user/data/phyusformer_data/post_miccai_exps/data/US30k/US30K/Breast-STU/img/12.png,breast_stu,12,breast_stu_12,png
/home/user/data/phyusformer_data/post_miccai_exps/data/US30k/US30K/Breast-STU/img/13.png,breast_stu,13,breast_stu_13,png
/home/user/data/phyusformer_data/post_miccai_exps/data/US30k/US30K/Breast-STU/img/14.png,breast_stu,14,breast_stu_14,png
/home/user/data/phyusformer_data/post_miccai_exps/data/US30k/US30K/Breast-STU/img/15.png,breast_stu,15,breast_stu_15,png
/home/user/data/phyusformer_data/post_miccai_exps/data/US30k/US30K/Breast-STU/img/16.png,breast_stu,16,breast_stu_16,png
/home/user/data/phyusformer_data/post_miccai_exps/data/US30k/US30K/Breast-STU/img/17.png,breast_stu,17,breast_stu_17,png
/home/user/data/phyusformer_data/post_miccai_exps/data/US30k/US30K/Breast-STU/img/18.png,breast_stu,18,breast_stu_18,png
/home/user/data/phyusformer_data/post_miccai_exps/data/US30k/US30K/Breast-STU/img/19.png,breast_stu,19,breast_stu_19,png
/home/user/data/phyusformer_data/post_miccai_exps/data/US30k/US30K/Breast-STU/img/2.png,breast_stu,2,breast_stu_2,png
/home/user/data/phyusformer_data/post_miccai_exps/data/US30k/US30K/Breast-STU/img/20.png,breast_stu,20,breast_stu_20,png
/home/user/data/phyusformer_data/post_miccai_exps/data/US30k/US30K/Breast-STU/img/21.png,breast_stu,21,breast_stu_21,png
/home/user/data/phyusformer_data/post_miccai_exps/data/US30k/US30K/Breast-STU/img/22.png,breast_stu,22,breast_stu_22,png
/home/user/data/phyusformer_data/post_miccai_exps/data/US30k/US30K/Breast-STU/img/23.png,breast_stu,23,breast_stu_23,png
/home/user/data/phyusformer_data/post_miccai_exps/data/US30k/US30K/Breast-STU/img/24.png,breast_stu,24,breast_stu_24,png
/home/user/data/phyusformer_data/post_miccai_exps/data/US30k/US30K/Breast-STU/img/25.png,breast_stu,25,breast_stu_25,png
/home/user/data/phyusformer_data/post_miccai_exps/data/US30k/US30K/Breast-STU/img/26.png,breast_stu,26,breast_stu_26,png
/home/user/data/phyusformer_data/post_miccai_exps/data/US30k/US30K/Breast-STU/img/27.png,breast_stu,27,breast_stu_27,png
/home/user/data/phyusformer_data/post_miccai_exps/data/US30k/US30K/Breast-STU/img/28.png,breast_stu,28,breast_stu_28,png
/home/user/data/phyusformer_data/post_miccai_exps/data/US30k/US30K/Breast-STU/img/29.png,breast_stu,29,breast_stu_29,png
/home/user/data/phyusformer_data/post_miccai_exps/data/US30k/US30K/Breast-STU/img/3.png,breast_stu,3,breast_stu_3,png
/home/user/data/phyusformer_data/post_miccai_exps/data/US30k/US30K/Breast-STU/img/30.png,breast_stu,30,breast_stu_30,png
/home/user/data/phyusformer_data/post_miccai_exps/data/US30k/US30K/Breast-STU/img/31.png,breast_stu,31,breast_stu_31,png
/home/user/data/phyusformer_data/post_miccai_exps/data/US30k/US30K/Breast-STU/img/32.png,breast_stu,32,breast_stu_32,png
/home/user/data/phyusformer_data/post_miccai_exps/data/US30k/US30K/Breast-STU/img/33.png,breast_stu,33,breast_stu_33,png
/home/user/data/phyusformer_data/post_miccai_exps/data/US30k/US30K/Breast-STU/img/34.png,breast_stu,34,breast_stu_34,png
/home/user/data/phyusformer_data/post_miccai_exps/data/US30k/US30K/Breast-STU/img/35.png,breast_stu,35,breast_stu_35,png
/home/user/data/phyusformer_data/post_miccai_exps/data/US30k/US30K/Breast-STU/img/36.png,breast_stu,36,breast_stu_36,png
/home/user/data/phyusformer_data/post_miccai_exps/data/US30k/US30K/Breast-STU/img/37.png,breast_stu,37,breast_stu_37,png
/home/user/data/phyusformer_data/post_miccai_exps/data/US30k/US30K/Breast-STU/img/38.png,breast_stu,38,breast_stu_38,png
/home/user/data/phyusformer_data/post_miccai_exps/data/US30k/US30K/Breast-STU/img/39.png,breast_stu,39,breast_stu_39,png
/home/user/data/phyusformer_data/post_miccai_exps/data/US30k/US30K/Breast-STU/img/4.png,breast_stu,4,breast_stu_4,png
/home/user/data/phyusformer_data/post_miccai_exps/data/US30k/US30K/Breast-STU/img/40.png,breast_stu,40,breast_stu_40,png
/home/user/data/phyusformer_data/post_miccai_exps/data/US30k/US30K/Breast-STU/img/41.png,breast_stu,41,breast_stu_41,png
/home/user/data/phyusformer_data/post_miccai_exps/data/US30k/US30K/Breast-STU/img/42.png,breast_stu,42,breast_stu_42,png
/home/user/data/phyusformer_data/post_miccai_exps/data/US30k/US30K/Breast-STU/img/5.png,breast_stu,5,breast_stu_5,png
/home/user/data/phyusformer_data/post_miccai_exps/data/US30k/US30K/Breast-STU/img/6.png,breast_stu,6,breast_stu_6,png
/home/user/data/phyusformer_data/post_miccai_exps/data/US30k/US30K/Breast-STU/img/7.png,breast_stu,7,breast_stu_7,png
/home/user/data/phyusformer_data/post_miccai_exps/data/US30k/US30K/Breast-STU/img/8.png,breast_stu,8,breast_stu_8,png
/home/user/data/phyusformer_data/post_miccai_exps/data/US30k/US30K/Breast-STU/img/9.png,breast_stu,9,breast_stu_9,png
/home/user/data/phyusformer_data/post_miccai_exps/data/data_busi/Dataset_BUSI_with_GT/benign/benign (1).png,busi,benign (1),busi_benign (1),png
/home/user/data/phyusformer_data/post_miccai_exps/data/data_busi/Dataset_BUSI_with_GT/benign/benign (10).png,busi,benign (10),busi_benign (10),png
/home/user/data/phyusformer_data/post_miccai_exps/data/data_busi/Dataset_BUSI_with_GT/benign/benign (100).png,busi,benign (100),busi_benign (100),png
/home/user/data/phyusformer_data/post_miccai_exps/data/data_busi/Dataset_BUSI_with_GT/benign/benign (101).png,busi,benign (101),busi_benign (101),png
/home/user/data/phyusformer_data/post_miccai_exps/data/data_busi/Dataset_BUSI_with_GT/benign/benign (102).png,busi,benign (102),busi_benign (102),png
/home/user/data/phyusformer_data/post_miccai_exps/data/data_busi/Dataset_BUSI_with_GT/benign/benign (103).png,busi,benign (103),busi_benign (103),png
/home/user/data/phyusformer_data/post_miccai_exps/data/data_busi/Dataset_BUSI_with_GT/benign/benign (104).png,busi,benign (104),busi_benign (104),png
/home/user/data/phyusformer_data/post_miccai_exps/data/data_busi/Dataset_BUSI_with_GT/benign/benign (105).png,busi,benign (105),busi_benign (105),png
/home/user/data/phyusformer_data/post_miccai_exps/data/data_busi/Dataset_BUSI_with_GT/benign/benign (106).png,busi,benign (106),busi_benign (106),png
/home/user/data/phyusformer_data/post_miccai_exps/data/data_busi/Dataset_BUSI_with_GT/benign/benign (107).png,busi,benign (107),busi_benign (107),png
/home/user/data/phyusformer_data/post_miccai_exps/data/data_busi/Dataset_BUSI_with_GT/benign/benign (108).png,busi,benign (108),busi_benign (108),png
/home/user/data/phyusformer_data/post_miccai_exps/data/data_busi/Dataset_BUSI_with_GT/benign/benign (109).png,busi,benign (109),busi_benign (109),png
/home/user/data/phyusformer_data/post_miccai_exps/data/data_busi/Dataset_BUSI_with_GT/benign/benign (11).png,busi,benign (11),busi_benign (11),png
/home/user/data/phyusformer_data/post_miccai_exps/data/data_busi/Dataset_BUSI_with_GT/benign/benign (110).png,busi,benign (110),busi_benign (110),png
/home/user/data/phyusformer_data/post_miccai_exps/data/data_busi/Dataset_BUSI_with_GT/benign/benign (111).png,busi,benign (111),busi_benign (111),png
/home/user/data/phyusformer_data/post_miccai_exps/data/data_busi/Dataset_BUSI_with_GT/benign/benign (112).png,busi,benign (112),busi_benign (112),png
/home/user/data/phyusformer_data/post_miccai_exps/data/data_busi/Dataset_BUSI_with_GT/benign/benign (113).png,busi,benign (113),busi_benign (113),png
/home/user/data/phyusformer_data/post_miccai_exps/data/data_busi/Dataset_BUSI_with_GT/benign/benign (114).png,busi,benign (114),busi_benign (114),png
/home/user/data/phyusformer_data/post_miccai_exps/data/data_busi/Dataset_BUSI_with_GT/benign/benign (115).png,busi,benign (115),busi_benign (115),png
/home/user/data/phyusformer_data/post_miccai_exps/data/data_busi/Dataset_BUSI_with_GT/benign/benign (116).png,busi,benign (116),busi_benign (116),png
/home/user/data/phyusformer_data/post_miccai_exps/data/data_busi/Dataset_BUSI_with_GT/benign/benign (117).png,busi,benign (117),busi_benign (117),png
/home/user/data/phyusformer_data/post_miccai_exps/data/data_busi/Dataset_BUSI_with_GT/benign/benign (118).png,busi,benign (118),busi_benign (118),png
/home/user/data/phyusformer_data/post_miccai_exps/data/data_busi/Dataset_BUSI_with_GT/benign/benign (119).png,busi,benign (119),busi_benign (119),png
/home/user/data/phyusformer_data/post_miccai_exps/data/data_busi/Dataset_BUSI_with_GT/benign/benign (12).png,busi,benign (12),busi_benign (12),png
/home/user/data/phyusformer_data/post_miccai_exps/data/data_busi/Dataset_BUSI_with_GT/benign/benign (120).png,busi,benign (120),busi_benign (120),png
/home/user/data/phyusformer_data/post_miccai_exps/data/data_busi/Dataset_BUSI_with_GT/benign/benign (121).png,busi,benign (121),busi_benign (121),png
/home/user/data/phyusformer_data/post_miccai_exps/data/data_busi/Dataset_BUSI_with_GT/benign/benign (122).png,busi,benign (122),busi_benign (122),png
/home/user/data/phyusformer_data/post_miccai_exps/data/data_busi/Dataset_BUSI_with_GT/benign/benign (123).png,busi,benign (123),busi_benign (123),png
/home/user/data/phyusformer_data/post_miccai_exps/data/data_busi/Dataset_BUSI_with_GT/benign/benign (124).png,busi,benign (124),busi_benign (124),png
/home/user/data/phyusformer_data/post_miccai_exps/data/data_busi/Dataset_BUSI_with_GT/benign/benign (125).png,busi,benign (125),busi_benign (125),png
/home/user/data/phyusformer_data/post_miccai_exps/data/data_busi/Dataset_BUSI_with_GT/benign/benign (126).png,busi,benign (126),busi_benign (126),png
/home/user/data/phyusformer_data/post_miccai_exps/data/data_busi/Dataset_BUSI_with_GT/benign/benign (127).png,busi,benign (127),busi_benign (127),png
/home/user/data/phyusformer_data/post_miccai_exps/data/data_busi/Dataset_BUSI_with_GT/benign/benign (128).png,busi,benign (128),busi_benign (128),png
/home/user/data/phyusformer_data/post_miccai_exps/data/data_busi/Dataset_BUSI_with_GT/benign/benign (129).png,busi,benign (129),busi_benign (129),png
/home/user/data/phyusformer_data/post_miccai_exps/data/data_busi/Dataset_BUSI_with_GT/benign/benign (13).png,busi,benign (13),busi_benign (13),png
/home/user/data/phyusformer_data/post_miccai_exps/data/data_busi/Dataset_BUSI_with_GT/benign/benign (130).png,busi,benign (130),busi_benign (130),png
/home/user/data/phyusformer_data/post_miccai_exps/data/data_busi/Dataset_BUSI_with_GT/benign/benign (131).png,busi,benign (131),busi_benign (131),png
/home/user/data/phyusformer_data/post_miccai_exps/data/data_busi/Dataset_BUSI_with_GT/benign/benign (132).png,busi,benign (132),busi_benign (132),png
/home/user/data/phyusformer_data/post_miccai_exps/data/data_busi/Dataset_BUSI_with_GT/benign/benign (133).png,busi,benign (133),busi_benign (133),png
/home/user/data/phyusformer_data/post_miccai_exps/data/data_busi/Dataset_BUSI_with_GT/benign/benign (134).png,busi,benign (134),busi_benign (134),png
/home/user/data/phyusformer_data/post_miccai_exps/data/data_busi/Dataset_BUSI_with_GT/benign/benign (135).png,busi,benign (135),busi_benign (135),png
/home/user/data/phyusformer_data/post_miccai_exps/data/data_busi/Dataset_BUSI_with_GT/benign/benign (136).png,busi,benign (136),busi_benign (136),png
/home/user/data/phyusformer_data/post_miccai_exps/data/data_busi/Dataset_BUSI_with_GT/benign/benign (137).png,busi,benign (137),busi_benign (137),png
/home/user/data/phyusformer_data/post_miccai_exps/data/data_busi/Dataset_BUSI_with_GT/benign/benign (138).png,busi,benign (138),busi_benign (138),png
/home/user/data/phyusformer_data/post_miccai_exps/data/data_busi/Dataset_BUSI_with_GT/benign/benign (139).png,busi,benign (139),busi_benign (139),png
/home/user/data/phyusformer_data/post_miccai_exps/data/data_busi/Dataset_BUSI_with_GT/benign/benign (14).png,busi,benign (14),busi_benign (14),png
/home/user/data/phyusformer_data/post_miccai_exps/data/data_busi/Dataset_BUSI_with_GT/benign/benign (140).png,busi,benign (140),busi_benign (140),png
/home/user/data/phyusformer_data/post_miccai_exps/data/data_busi/Dataset_BUSI_with_GT/benign/benign (141).png,busi,benign (141),busi_benign (141),png
/home/user/data/phyusformer_data/post_miccai_exps/data/data_busi/Dataset_BUSI_with_GT/benign/benign (142).png,busi,benign (142),busi_benign (142),png
/home/user/data/phyusformer_data/post_miccai_exps/data/data_busi/Dataset_BUSI_with_GT/benign/benign (143).png,busi,benign (143),busi_benign (143),png
/home/user/data/phyusformer_data/post_miccai_exps/data/data_busi/Dataset_BUSI_with_GT/benign/benign (144).png,busi,benign (144),busi_benign (144),png
/home/user/data/phyusformer_data/post_miccai_exps/data/data_busi/Dataset_BUSI_with_GT/benign/benign (145).png,busi,benign (145),busi_benign (145),png
/home/user/data/phyusformer_data/post_miccai_exps/data/data_busi/Dataset_BUSI_with_GT/benign/benign (146).png,busi,benign (146),busi_benign (146),png
/home/user/data/phyusformer_data/post_miccai_exps/data/data_busi/Dataset_BUSI_with_GT/benign/benign (147).png,busi,benign (147),busi_benign (147),png
/home/user/data/phyusformer_data/post_miccai_exps/data/data_busi/Dataset_BUSI_with_GT/benign/benign (148).png,busi,benign (148),busi_benign (148),png
/home/user/data/phyusformer_data/post_miccai_exps/data/data_busi/Dataset_BUSI_with_GT/benign/benign (149).png,busi,benign (149),busi_benign (149),png
/home/user/data/phyusformer_data/post_miccai_exps/data/data_busi/Dataset_BUSI_with_GT/benign/benign (15).png,busi,benign (15),busi_benign (15),png
/home/user/data/phyusformer_data/post_miccai_exps/data/data_busi/Dataset_BUSI_with_GT/benign/benign (150).png,busi,benign (150),busi_benign (150),png
/home/user/data/phyusformer_data/post_miccai_exps/data/data_busi/Dataset_BUSI_with_GT/benign/benign (151).png,busi,benign (151),busi_benign (151),png
/home/user/data/phyusformer_data/post_miccai_exps/data/data_busi/Dataset_BUSI_with_GT/benign/benign (152).png,busi,benign (152),busi_benign (152),png
/home/user/data/phyusformer_data/post_miccai_exps/data/data_busi/Dataset_BUSI_with_GT/benign/benign (153).png,busi,benign (153),busi_benign (153),png
/home/user/data/phyusformer_data/post_miccai_exps/data/data_busi/Dataset_BUSI_with_GT/benign/benign (154).png,busi,benign (154),busi_benign (154),png
/home/user/data/phyusformer_data/post_miccai_exps/data/data_busi/Dataset_BUSI_with_GT/benign/benign (155).png,busi,benign (155),busi_benign (155),png
/home/user/data/phyusformer_data/post_miccai_exps/data/data_busi/Dataset_BUSI_with_GT/benign/benign (156).png,busi,benign (156),busi_benign (156),png
/home/user/data/phyusformer_data/post_miccai_exps/data/data_busi/Dataset_BUSI_with_GT/benign/benign (157).png,busi,benign (157),busi_benign (157),png
/home/user/data/phyusformer_data/post_miccai_exps/data/data_busi/Dataset_BUSI_with_GT/benign/benign (158).png,busi,benign (158),busi_benign (158),png
/home/user/data/phyusformer_data/post_miccai_exps/data/data_busi/Dataset_BUSI_with_GT/benign/benign (159).png,busi,benign (159),busi_benign (159),png
/home/user/data/phyusformer_data/post_miccai_exps/data/data_busi/Dataset_BUSI_with_GT/benign/benign (16).png,busi,benign (16),busi_benign (16),png
/home/user/data/phyusformer_data/post_miccai_exps/data/data_busi/Dataset_BUSI_with_GT/benign/benign (160).png,busi,benign (160),busi_benign (160),png
/home/user/data/phyusformer_data/post_miccai_exps/data/data_busi/Dataset_BUSI_with_GT/benign/benign (161).png,busi,benign (161),busi_benign (161),png
/home/user/data/phyusformer_data/post_miccai_exps/data/data_busi/Dataset_BUSI_with_GT/benign/benign (162).png,busi,benign (162),busi_benign (162),png
/home/user/data/phyusformer_data/post_miccai_exps/data/data_busi/Dataset_BUSI_with_GT/benign/benign (163).png,busi,benign (163),busi_benign (163),png
/home/user/data/phyusformer_data/post_miccai_exps/data/data_busi/Dataset_BUSI_with_GT/benign/benign (164).png,busi,benign (164),busi_benign (164),png
/home/user/data/phyusformer_data/post_miccai_exps/data/data_busi/Dataset_BUSI_with_GT/benign/benign (165).png,busi,benign (165),busi_benign (165),png
/home/user/data/phyusformer_data/post_miccai_exps/data/data_busi/Dataset_BUSI_with_GT/benign/benign (166).png,busi,benign (166),busi_benign (166),png
/home/user/data/phyusformer_data/post_miccai_exps/data/data_busi/Dataset_BUSI_with_GT/benign/benign (167).png,busi,benign (167),busi_benign (167),png
/home/user/data/phyusformer_data/post_miccai_exps/data/data_busi/Dataset_BUSI_with_GT/benign/benign (168).png,busi,benign (168),busi_benign (168),png
/home/user/data/phyusformer_data/post_miccai_exps/data/data_busi/Dataset_BUSI_with_GT/benign/benign (169).png,busi,benign (169),busi_benign (169),png
/home/user/data/phyusformer_data/post_miccai_exps/data/data_busi/Dataset_BUSI_with_GT/benign/benign (17).png,busi,benign (17),busi_benign (17),png
/home/user/data/phyusformer_data/post_miccai_exps/data/data_busi/Dataset_BUSI_with_GT/benign/benign (170).png,busi,benign (170),busi_benign (170),png
/home/user/data/phyusformer_data/post_miccai_exps/data/data_busi/Dataset_BUSI_with_GT/benign/benign (171).png,busi,benign (171),busi_benign (171),png
/home/user/data/phyusformer_data/post_miccai_exps/data/data_busi/Dataset_BUSI_with_GT/benign/benign (172).png,busi,benign (172),busi_benign (172),png
/home/user/data/phyusformer_data/post_miccai_exps/data/data_busi/Dataset_BUSI_with_GT/benign/benign (173).png,busi,benign (173),busi_benign (173),png
/home/user/data/phyusformer_data/post_miccai_exps/data/data_busi/Dataset_BUSI_with_GT/benign/benign (174).png,busi,benign (174),busi_benign (174),png
/home/user/data/phyusformer_data/post_miccai_exps/data/data_busi/Dataset_BUSI_with_GT/benign/benign (175).png,busi,benign (175),busi_benign (175),png
/home/user/data/phyusformer_data/post_miccai_exps/data/data_busi/Dataset_BUSI_with_GT/benign/benign (176).png,busi,benign (176),busi_benign (176),png
/home/user/data/phyusformer_data/post_miccai_exps/data/data_busi/Dataset_BUSI_with_GT/benign/benign (177).png,busi,benign (177),busi_benign (177),png
/home/user/data/phyusformer_data/post_miccai_exps/data/data_busi/Dataset_BUSI_with_GT/benign/benign (178).png,busi,benign (178),busi_benign (178),png
/home/user/data/phyusformer_data/post_miccai_exps/data/data_busi/Dataset_BUSI_with_GT/benign/benign (179).png,busi,benign (179),busi_benign (179),png
/home/user/data/phyusformer_data/post_miccai_exps/data/data_busi/Dataset_BUSI_with_GT/benign/benign (18).png,busi,benign (18),busi_benign (18),png
/home/user/data/phyusformer_data/post_miccai_exps/data/data_busi/Dataset_BUSI_with_GT/benign/benign (180).png,busi,benign (180),busi_benign (180),png
/home/user/data/phyusformer_data/post_miccai_exps/data/data_busi/Dataset_BUSI_with_GT/benign/benign (181).png,busi,benign (181),busi_benign (181),png
/home/user/data/phyusformer_data/post_miccai_exps/data/data_busi/Dataset_BUSI_with_GT/benign/benign (182).png,busi,benign (182),busi_benign (182),png
/home/user/data/phyusformer_data/post_miccai_exps/data/data_busi/Dataset_BUSI_with_GT/benign/benign (183).png,busi,benign (183),busi_benign (183),png
/home/user/data/phyusformer_data/post_miccai_exps/data/data_busi/Dataset_BUSI_with_GT/benign/benign (184).png,busi,benign (184),busi_benign (184),png
/home/user/data/phyusformer_data/post_miccai_exps/data/data_busi/Dataset_BUSI_with_GT/benign/benign (185).png,busi,benign (185),busi_benign (185),png
/home/user/data/phyusformer_data/post_miccai_exps/data/data_busi/Dataset_BUSI_with_GT/benign/benign (186).png,busi,benign (186),busi_benign (186),png
/home/user/data/phyusformer_data/post_miccai_exps/data/data_busi/Dataset_BUSI_with_GT/benign/benign (187).png,busi,benign (187),busi_benign (187),png
/home/user/data/phyusformer_data/post_miccai_exps/data/data_busi/Dataset_BUSI_with_GT/benign/benign (188).png,busi,benign (188),busi_benign (188),png
/home/user/data/phyusformer_data/post_miccai_exps/data/data_busi/Dataset_BUSI_with_GT/benign/benign (189).png,busi,benign (189),busi_benign (189),png
/home/user/data/phyusformer_data/post_miccai_exps/data/data_busi/Dataset_BUSI_with_GT/benign/benign (19).png,busi,benign (19),busi_benign (19),png
/home/user/data/phyusformer_data/post_miccai_exps/data/data_busi/Dataset_BUSI_with_GT/benign/benign (190).png,busi,benign (190),busi_benign (190),png
/home/user/data/phyusformer_data/post_miccai_exps/data/data_busi/Dataset_BUSI_with_GT/benign/benign (191).png,busi,benign (191),busi_benign (191),png
/home/user/data/phyusformer_data/post_miccai_exps/data/data_busi/Dataset_BUSI_with_GT/benign/benign (192).png,busi,benign (192),busi_benign (192),png
/home/user/data/phyusformer_data/post_miccai_exps/data/data_busi/Dataset_BUSI_with_GT/benign/benign (193).png,busi,benign (193),busi_benign (193),png
/home/user/data/phyusformer_data/post_miccai_exps/data/data_busi/Dataset_BUSI_with_GT/benign/benign (194).png,busi,benign (194),busi_benign (194),png
/home/user/data/phyusformer_data/post_miccai_exps/data/data_busi/Dataset_BUSI_with_GT/benign/benign (195).png,busi,benign (195),busi_benign (195),png
/home/user/data/phyusformer_data/post_miccai_exps/data/data_busi/Dataset_BUSI_with_GT/benign/benign (196).png,busi,benign (196),busi_benign (196),png
/home/user/data/phyusformer_data/post_miccai_exps/data/data_busi/Dataset_BUSI_with_GT/benign/benign (197).png,busi,benign (197),busi_benign (197),png
/home/user/data/phyusformer_data/post_miccai_exps/data/data_busi/Dataset_BUSI_with_GT/benign/benign (198).png,busi,benign (198),busi_benign (198),png
/home/user/data/phyusformer_data/post_miccai_exps/data/data_busi/Dataset_BUSI_with_GT/benign/benign (199).png,busi,benign (199),busi_benign (199),png
/home/user/data/phyusformer_data/post_miccai_exps/data/data_busi/Dataset_BUSI_with_GT/benign/benign (2).png,busi,benign (2),busi_benign (2),png
/home/user/data/phyusformer_data/post_miccai_exps/data/data_busi/Dataset_BUSI_with_GT/benign/benign (20).png,busi,benign (20),busi_benign (20),png
/home/user/data/phyusformer_data/post_miccai_exps/data/data_busi/Dataset_BUSI_with_GT/benign/benign (200).png,busi,benign (200),busi_benign (200),png
/home/user/data/phyusformer_data/post_miccai_exps/data/data_busi/Dataset_BUSI_with_GT/benign/benign (201).png,busi,benign (201),busi_benign (201),png
/home/user/data/phyusformer_data/post_miccai_exps/data/data_busi/Dataset_BUSI_with_GT/benign/benign (202).png,busi,benign (202),busi_benign (202),png
/home/user/data/phyusformer_data/post_miccai_exps/data/data_busi/Dataset_BUSI_with_GT/benign/benign (203).png,busi,benign (203),busi_benign (203),png
/home/user/data/phyusformer_data/post_miccai_exps/data/data_busi/Dataset_BUSI_with_GT/benign/benign (204).png,busi,benign (204),busi_benign (204),png
/home/user/data/phyusformer_data/post_miccai_exps/data/data_busi/Dataset_BUSI_with_GT/benign/benign (205).png,busi,benign (205),busi_benign (205),png
/home/user/data/phyusformer_data/post_miccai_exps/data/data_busi/Dataset_BUSI_with_GT/benign/benign (206).png,busi,benign (206),busi_benign (206),png
/home/user/data/phyusformer_data/post_miccai_exps/data/data_busi/Dataset_BUSI_with_GT/benign/benign (207).png,busi,benign (207),busi_benign (207),png
/home/user/data/phyusformer_data/post_miccai_exps/data/data_busi/Dataset_BUSI_with_GT/benign/benign (208).png,busi,benign (208),busi_benign (208),png
/home/user/data/phyusformer_data/post_miccai_exps/data/data_busi/Dataset_BUSI_with_GT/benign/benign (209).png,busi,benign (209),busi_benign (209),png
/home/user/data/phyusformer_data/post_miccai_exps/data/data_busi/Dataset_BUSI_with_GT/benign/benign (21).png,busi,benign (21),busi_benign (21),png
/home/user/data/phyusformer_data/post_miccai_exps/data/data_busi/Dataset_BUSI_with_GT/benign/benign (210).png,busi,benign (210),busi_benign (210),png
/home/user/data/phyusformer_data/post_miccai_exps/data/data_busi/Dataset_BUSI_with_GT/benign/benign (211).png,busi,benign (211),busi_benign (211),png
/home/user/data/phyusformer_data/post_miccai_exps/data/data_busi/Dataset_BUSI_with_GT/benign/benign (212).png,busi,benign (212),busi_benign (212),png
/home/user/data/phyusformer_data/post_miccai_exps/data/data_busi/Dataset_BUSI_with_GT/benign/benign (213).png,busi,benign (213),busi_benign (213),png
/home/user/data/phyusformer_data/post_miccai_exps/data/data_busi/Dataset_BUSI_with_GT/benign/benign (214).png,busi,benign (214),busi_benign (214),png
/home/user/data/phyusformer_data/post_miccai_exps/data/data_busi/Dataset_BUSI_with_GT/benign/benign (215).png,busi,benign (215),busi_benign (215),png
/home/user/data/phyusformer_data/post_miccai_exps/data/data_busi/Dataset_BUSI_with_GT/benign/benign (216).png,busi,benign (216),busi_benign (216),png
/home/user/data/phyusformer_data/post_miccai_exps/data/data_busi/Dataset_BUSI_with_GT/benign/benign (217).png,busi,benign (217),busi_benign (217),png
/home/user/data/phyusformer_data/post_miccai_exps/data/data_busi/Dataset_BUSI_with_GT/benign/benign (218).png,busi,benign (218),busi_benign (218),png
/home/user/data/phyusformer_data/post_miccai_exps/data/data_busi/Dataset_BUSI_with_GT/benign/benign (219).png,busi,benign (219),busi_benign (219),png
/home/user/data/phyusformer_data/post_miccai_exps/data/data_busi/Dataset_BUSI_with_GT/benign/benign (22).png,busi,benign (22),busi_benign (22),png
/home/user/data/phyusformer_data/post_miccai_exps/data/data_busi/Dataset_BUSI_with_GT/benign/benign (220).png,busi,benign (220),busi_benign (220),png
/home/user/data/phyusformer_data/post_miccai_exps/data/data_busi/Dataset_BUSI_with_GT/benign/benign (221).png,busi,benign (221),busi_benign (221),png
/home/user/data/phyusformer_data/post_miccai_exps/data/data_busi/Dataset_BUSI_with_GT/benign/benign (222).png,busi,benign (222),busi_benign (222),png
/home/user/data/phyusformer_data/post_miccai_exps/data/data_busi/Dataset_BUSI_with_GT/benign/benign (223).png,busi,benign (223),busi_benign (223),png
/home/user/data/phyusformer_data/post_miccai_exps/data/data_busi/Dataset_BUSI_with_GT/benign/benign (224).png,busi,benign (224),busi_benign (224),png
/home/user/data/phyusformer_data/post_miccai_exps/data/data_busi/Dataset_BUSI_with_GT/benign/benign (225).png,busi,benign (225),busi_benign (225),png
/home/user/data/phyusformer_data/post_miccai_exps/data/data_busi/Dataset_BUSI_with_GT/benign/benign (226).png,busi,benign (226),busi_benign (226),png
/home/user/data/phyusformer_data/post_miccai_exps/data/data_busi/Dataset_BUSI_with_GT/benign/benign (227).png,busi,benign (227),busi_benign (227),png
/home/user/data/phyusformer_data/post_miccai_exps/data/data_busi/Dataset_BUSI_with_GT/benign/benign (228).png,busi,benign (228),busi_benign (228),png
/home/user/data/phyusformer_data/post_miccai_exps/data/data_busi/Dataset_BUSI_with_GT/benign/benign (229).png,busi,benign (229),busi_benign (229),png
/home/user/data/phyusformer_data/post_miccai_exps/data/data_busi/Dataset_BUSI_with_GT/benign/benign (23).png,busi,benign (23),busi_benign (23),png
/home/user/data/phyusformer_data/post_miccai_exps/data/data_busi/Dataset_BUSI_with_GT/benign/benign (230).png,busi,benign (230),busi_benign (230),png
/home/user/data/phyusformer_data/post_miccai_exps/data/data_busi/Dataset_BUSI_with_GT/benign/benign (231).png,busi,benign (231),busi_benign (231),png
/home/user/data/phyusformer_data/post_miccai_exps/data/data_busi/Dataset_BUSI_with_GT/benign/benign (232).png,busi,benign (232),busi_benign (232),png
/home/user/data/phyusformer_data/post_miccai_exps/data/data_busi/Dataset_BUSI_with_GT/benign/benign (233).png,busi,benign (233),busi_benign (233),png
/home/user/data/phyusformer_data/post_miccai_exps/data/data_busi/Dataset_BUSI_with_GT/benign/benign (234).png,busi,benign (234),busi_benign (234),png
/home/user/data/phyusformer_data/post_miccai_exps/data/data_busi/Dataset_BUSI_with_GT/benign/benign (235).png,busi,benign (235),busi_benign (235),png
/home/user/data/phyusformer_data/post_miccai_exps/data/data_busi/Dataset_BUSI_with_GT/benign/benign (236).png,busi,benign (236),busi_benign (236),png
/home/user/data/phyusformer_data/post_miccai_exps/data/data_busi/Dataset_BUSI_with_GT/benign/benign (237).png,busi,benign (237),busi_benign (237),png
/home/user/data/phyusformer_data/post_miccai_exps/data/data_busi/Dataset_BUSI_with_GT/benign/benign (238).png,busi,benign (238),busi_benign (238),png
/home/user/data/phyusformer_data/post_miccai_exps/data/data_busi/Dataset_BUSI_with_GT/benign/benign (239).png,busi,benign (239),busi_benign (239),png
/home/user/data/phyusformer_data/post_miccai_exps/data/data_busi/Dataset_BUSI_with_GT/benign/benign (24).png,busi,benign (24),busi_benign (24),png
/home/user/data/phyusformer_data/post_miccai_exps/data/data_busi/Dataset_BUSI_with_GT/benign/benign (240).png,busi,benign (240),busi_benign (240),png
/home/user/data/phyusformer_data/post_miccai_exps/data/data_busi/Dataset_BUSI_with_GT/benign/benign (241).png,busi,benign (241),busi_benign (241),png
/home/user/data/phyusformer_data/post_miccai_exps/data/data_busi/Dataset_BUSI_with_GT/benign/benign (242).png,busi,benign (242),busi_benign (242),png
/home/user/data/phyusformer_data/post_miccai_exps/data/data_busi/Dataset_BUSI_with_GT/benign/benign (243).png,busi,benign (243),busi_benign (243),png
/home/user/data/phyusformer_data/post_miccai_exps/data/data_busi/Dataset_BUSI_with_GT/benign/benign (244).png,busi,benign (244),busi_benign (244),png
/home/user/data/phyusformer_data/post_miccai_exps/data/data_busi/Dataset_BUSI_with_GT/benign/benign (245).png,busi,benign (245),busi_benign (245),png
/home/user/data/phyusformer_data/post_miccai_exps/data/data_busi/Dataset_BUSI_with_GT/benign/benign (246).png,busi,benign (246),busi_benign (246),png
/home/user/data/phyusformer_data/post_miccai_exps/data/data_busi/Dataset_BUSI_with_GT/benign/benign (247).png,busi,benign (247),busi_benign (247),png
/home/user/data/phyusformer_data/post_miccai_exps/data/data_busi/Dataset_BUSI_with_GT/benign/benign (248).png,busi,benign (248),busi_benign (248),png
/home/user/data/phyusformer_data/post_miccai_exps/data/data_busi/Dataset_BUSI_with_GT/benign/benign (249).png,busi,benign (249),busi_benign (249),png
/home/user/data/phyusformer_data/post_miccai_exps/data/data_busi/Dataset_BUSI_with_GT/benign/benign (25).png,busi,benign (25),busi_benign (25),png
/home/user/data/phyusformer_data/post_miccai_exps/data/data_busi/Dataset_BUSI_with_GT/benign/benign (250).png,busi,benign (250),busi_benign (250),png
/home/user/data/phyusformer_data/post_miccai_exps/data/data_busi/Dataset_BUSI_with_GT/benign/benign (251).png,busi,benign (251),busi_benign (251),png
/home/user/data/phyusformer_data/post_miccai_exps/data/data_busi/Dataset_BUSI_with_GT/benign/benign (252).png,busi,benign (252),busi_benign (252),png
/home/user/data/phyusformer_data/post_miccai_exps/data/data_busi/Dataset_BUSI_with_GT/benign/benign (253).png,busi,benign (253),busi_benign (253),png
/home/user/data/phyusformer_data/post_miccai_exps/data/data_busi/Dataset_BUSI_with_GT/benign/benign (254).png,busi,benign (254),busi_benign (254),png
/home/user/data/phyusformer_data/post_miccai_exps/data/data_busi/Dataset_BUSI_with_GT/benign/benign (255).png,busi,benign (255),busi_benign (255),png
/home/user/data/phyusformer_data/post_miccai_exps/data/data_busi/Dataset_BUSI_with_GT/benign/benign (256).png,busi,benign (256),busi_benign (256),png
/home/user/data/phyusformer_data/post_miccai_exps/data/data_busi/Dataset_BUSI_with_GT/benign/benign (257).png,busi,benign (257),busi_benign (257),png
/home/user/data/phyusformer_data/post_miccai_exps/data/data_busi/Dataset_BUSI_with_GT/benign/benign (258).png,busi,benign (258),busi_benign (258),png
/home/user/data/phyusformer_data/post_miccai_exps/data/data_busi/Dataset_BUSI_with_GT/benign/benign (259).png,busi,benign (259),busi_benign (259),png
/home/user/data/phyusformer_data/post_miccai_exps/data/data_busi/Dataset_BUSI_with_GT/benign/benign (26).png,busi,benign (26),busi_benign (26),png
/home/user/data/phyusformer_data/post_miccai_exps/data/data_busi/Dataset_BUSI_with_GT/benign/benign (260).png,busi,benign (260),busi_benign (260),png
/home/user/data/phyusformer_data/post_miccai_exps/data/data_busi/Dataset_BUSI_with_GT/benign/benign (261).png,busi,benign (261),busi_benign (261),png
/home/user/data/phyusformer_data/post_miccai_exps/data/data_busi/Dataset_BUSI_with_GT/benign/benign (262).png,busi,benign (262),busi_benign (262),png
/home/user/data/phyusformer_data/post_miccai_exps/data/data_busi/Dataset_BUSI_with_GT/benign/benign (263).png,busi,benign (263),busi_benign (263),png
/home/user/data/phyusformer_data/post_miccai_exps/data/data_busi/Dataset_BUSI_with_GT/benign/benign (264).png,busi,benign (264),busi_benign (264),png
/home/user/data/phyusformer_data/post_miccai_exps/data/data_busi/Dataset_BUSI_with_GT/benign/benign (265).png,busi,benign (265),busi_benign (265),png
/home/user/data/phyusformer_data/post_miccai_exps/data/data_busi/Dataset_BUSI_with_GT/benign/benign (266).png,busi,benign (266),busi_benign (266),png
/home/user/data/phyusformer_data/post_miccai_exps/data/data_busi/Dataset_BUSI_with_GT/benign/benign (267).png,busi,benign (267),busi_benign (267),png
/home/user/data/phyusformer_data/post_miccai_exps/data/data_busi/Dataset_BUSI_with_GT/benign/benign (268).png,busi,benign (268),busi_benign (268),png
/home/user/data/phyusformer_data/post_miccai_exps/data/data_busi/Dataset_BUSI_with_GT/benign/benign (269).png,busi,benign (269),busi_benign (269),png
/home/user/data/phyusformer_data/post_miccai_exps/data/data_busi/Dataset_BUSI_with_GT/benign/benign (27).png,busi,benign (27),busi_benign (27),png
/home/user/data/phyusformer_data/post_miccai_exps/data/data_busi/Dataset_BUSI_with_GT/benign/benign (270).png,busi,benign (270),busi_benign (270),png
/home/user/data/phyusformer_data/post_miccai_exps/data/data_busi/Dataset_BUSI_with_GT/benign/benign (271).png,busi,benign (271),busi_benign (271),png
/home/user/data/phyusformer_data/post_miccai_exps/data/data_busi/Dataset_BUSI_with_GT/benign/benign (272).png,busi,benign (272),busi_benign (272),png
/home/user/data/phyusformer_data/post_miccai_exps/data/data_busi/Dataset_BUSI_with_GT/benign/benign (273).png,busi,benign (273),busi_benign (273),png
/home/user/data/phyusformer_data/post_miccai_exps/data/data_busi/Dataset_BUSI_with_GT/benign/benign (274).png,busi,benign (274),busi_benign (274),png
/home/user/data/phyusformer_data/post_miccai_exps/data/data_busi/Dataset_BUSI_with_GT/benign/benign (275).png,busi,benign (275),busi_benign (275),png
/home/user/data/phyusformer_data/post_miccai_exps/data/data_busi/Dataset_BUSI_with_GT/benign/benign (276).png,busi,benign (276),busi_benign (276),png
/home/user/data/phyusformer_data/post_miccai_exps/data/data_busi/Dataset_BUSI_with_GT/benign/benign (277).png,busi,benign (277),busi_benign (277),png
/home/user/data/phyusformer_data/post_miccai_exps/data/data_busi/Dataset_BUSI_with_GT/benign/benign (278).png,busi,benign (278),busi_benign (278),png
/home/user/data/phyusformer_data/post_miccai_exps/data/data_busi/Dataset_BUSI_with_GT/benign/benign (279).png,busi,benign (279),busi_benign (279),png
/home/user/data/phyusformer_data/post_miccai_exps/data/data_busi/Dataset_BUSI_with_GT/benign/benign (28).png,busi,benign (28),busi_benign (28),png
/home/user/data/phyusformer_data/post_miccai_exps/data/data_busi/Dataset_BUSI_with_GT/benign/benign (280).png,busi,benign (280),busi_benign (280),png
/home/user/data/phyusformer_data/post_miccai_exps/data/data_busi/Dataset_BUSI_with_GT/benign/benign (281).png,busi,benign (281),busi_benign (281),png
/home/user/data/phyusformer_data/post_miccai_exps/data/data_busi/Dataset_BUSI_with_GT/benign/benign (282).png,busi,benign (282),busi_benign (282),png
/home/user/data/phyusformer_data/post_miccai_exps/data/data_busi/Dataset_BUSI_with_GT/benign/benign (283).png,busi,benign (283),busi_benign (283),png
/home/user/data/phyusformer_data/post_miccai_exps/data/data_busi/Dataset_BUSI_with_GT/benign/benign (284).png,busi,benign (284),busi_benign (284),png
/home/user/data/phyusformer_data/post_miccai_exps/data/data_busi/Dataset_BUSI_with_GT/benign/benign (285).png,busi,benign (285),busi_benign (285),png
/home/user/data/phyusformer_data/post_miccai_exps/data/data_busi/Dataset_BUSI_with_GT/benign/benign (286).png,busi,benign (286),busi_benign (286),png
/home/user/data/phyusformer_data/post_miccai_exps/data/data_busi/Dataset_BUSI_with_GT/benign/benign (287).png,busi,benign (287),busi_benign (287),png
/home/user/data/phyusformer_data/post_miccai_exps/data/data_busi/Dataset_BUSI_with_GT/benign/benign (288).png,busi,benign (288),busi_benign (288),png
/home/user/data/phyusformer_data/post_miccai_exps/data/data_busi/Dataset_BUSI_with_GT/benign/benign (289).png,busi,benign (289),busi_benign (289),png
/home/user/data/phyusformer_data/post_miccai_exps/data/data_busi/Dataset_BUSI_with_GT/benign/benign (29).png,busi,benign (29),busi_benign (29),png
/home/user/data/phyusformer_data/post_miccai_exps/data/data_busi/Dataset_BUSI_with_GT/benign/benign (290).png,busi,benign (290),busi_benign (290),png
/home/user/data/phyusformer_data/post_miccai_exps/data/data_busi/Dataset_BUSI_with_GT/benign/benign (291).png,busi,benign (291),busi_benign (291),png
/home/user/data/phyusformer_data/post_miccai_exps/data/data_busi/Dataset_BUSI_with_GT/benign/benign (292).png,busi,benign (292),busi_benign (292),png
/home/user/data/phyusformer_data/post_miccai_exps/data/data_busi/Dataset_BUSI_with_GT/benign/benign (293).png,busi,benign (293),busi_benign (293),png
/home/user/data/phyusformer_data/post_miccai_exps/data/data_busi/Dataset_BUSI_with_GT/benign/benign (294).png,busi,benign (294),busi_benign (294),png
/home/user/data/phyusformer_data/post_miccai_exps/data/data_busi/Dataset_BUSI_with_GT/benign/benign (295).png,busi,benign (295),busi_benign (295),png
/home/user/data/phyusformer_data/post_miccai_exps/data/data_busi/Dataset_BUSI_with_GT/benign/benign (296).png,busi,benign (296),busi_benign (296),png
/home/user/data/phyusformer_data/post_miccai_exps/data/data_busi/Dataset_BUSI_with_GT/benign/benign (297).png,busi,benign (297),busi_benign (297),png
/home/user/data/phyusformer_data/post_miccai_exps/data/data_busi/Dataset_BUSI_with_GT/benign/benign (298).png,busi,benign (298),busi_benign (298),png
/home/user/data/phyusformer_data/post_miccai_exps/data/data_busi/Dataset_BUSI_with_GT/benign/benign (299).png,busi,benign (299),busi_benign (299),png
/home/user/data/phyusformer_data/post_miccai_exps/data/data_busi/Dataset_BUSI_with_GT/benign/benign (3).png,busi,benign (3),busi_benign (3),png
/home/user/data/phyusformer_data/post_miccai_exps/data/data_busi/Dataset_BUSI_with_GT/benign/benign (30).png,busi,benign (30),busi_benign (30),png
/home/user/data/phyusformer_data/post_miccai_exps/data/data_busi/Dataset_BUSI_with_GT/benign/benign (300).png,busi,benign (300),busi_benign (300),png
/home/user/data/phyusformer_data/post_miccai_exps/data/data_busi/Dataset_BUSI_with_GT/benign/benign (301).png,busi,benign (301),busi_benign (301),png
/home/user/data/phyusformer_data/post_miccai_exps/data/data_busi/Dataset_BUSI_with_GT/benign/benign (302).png,busi,benign (302),busi_benign (302),png
/home/user/data/phyusformer_data/post_miccai_exps/data/data_busi/Dataset_BUSI_with_GT/benign/benign (303).png,busi,benign (303),busi_benign (303),png
/home/user/data/phyusformer_data/post_miccai_exps/data/data_busi/Dataset_BUSI_with_GT/benign/benign (304).png,busi,benign (304),busi_benign (304),png
/home/user/data/phyusformer_data/post_miccai_exps/data/data_busi/Dataset_BUSI_with_GT/benign/benign (305).png,busi,benign (305),busi_benign (305),png
/home/user/data/phyusformer_data/post_miccai_exps/data/data_busi/Dataset_BUSI_with_GT/benign/benign (306).png,busi,benign (306),busi_benign (306),png
/home/user/data/phyusformer_data/post_miccai_exps/data/data_busi/Dataset_BUSI_with_GT/benign/benign (307).png,busi,benign (307),busi_benign (307),png
/home/user/data/phyusformer_data/post_miccai_exps/data/data_busi/Dataset_BUSI_with_GT/benign/benign (308).png,busi,benign (308),busi_benign (308),png
/home/user/data/phyusformer_data/post_miccai_exps/data/data_busi/Dataset_BUSI_with_GT/benign/benign (309).png,busi,benign (309),busi_benign (309),png
/home/user/data/phyusformer_data/post_miccai_exps/data/data_busi/Dataset_BUSI_with_GT/benign/benign (31).png,busi,benign (31),busi_benign (31),png
/home/user/data/phyusformer_data/post_miccai_exps/data/data_busi/Dataset_BUSI_with_GT/benign/benign (310).png,busi,benign (310),busi_benign (310),png
/home/user/data/phyusformer_data/post_miccai_exps/data/data_busi/Dataset_BUSI_with_GT/benign/benign (311).png,busi,benign (311),busi_benign (311),png
/home/user/data/phyusformer_data/post_miccai_exps/data/data_busi/Dataset_BUSI_with_GT/benign/benign (312).png,busi,benign (312),busi_benign (312),png
/home/user/data/phyusformer_data/post_miccai_exps/data/data_busi/Dataset_BUSI_with_GT/benign/benign (313).png,busi,benign (313),busi_benign (313),png
/home/user/data/phyusformer_data/post_miccai_exps/data/data_busi/Dataset_BUSI_with_GT/benign/benign (314).png,busi,benign (314),busi_benign (314),png
/home/user/data/phyusformer_data/post_miccai_exps/data/data_busi/Dataset_BUSI_with_GT/benign/benign (315).png,busi,benign (315),busi_benign (315),png
/home/user/data/phyusformer_data/post_miccai_exps/data/data_busi/Dataset_BUSI_with_GT/benign/benign (316).png,busi,benign (316),busi_benign (316),png
/home/user/data/phyusformer_data/post_miccai_exps/data/data_busi/Dataset_BUSI_with_GT/benign/benign (317).png,busi,benign (317),busi_benign (317),png
/home/user/data/phyusformer_data/post_miccai_exps/data/data_busi/Dataset_BUSI_with_GT/benign/benign (318).png,busi,benign (318),busi_benign (318),png
/home/user/data/phyusformer_data/post_miccai_exps/data/data_busi/Dataset_BUSI_with_GT/benign/benign (319).png,busi,benign (319),busi_benign (319),png
/home/user/data/phyusformer_data/post_miccai_exps/data/data_busi/Dataset_BUSI_with_GT/benign/benign (32).png,busi,benign (32),busi_benign (32),png
/home/user/data/phyusformer_data/post_miccai_exps/data/data_busi/Dataset_BUSI_with_GT/benign/benign (320).png,busi,benign (320),busi_benign (320),png
/home/user/data/phyusformer_data/post_miccai_exps/data/data_busi/Dataset_BUSI_with_GT/benign/benign (321).png,busi,benign (321),busi_benign (321),png
/home/user/data/phyusformer_data/post_miccai_exps/data/data_busi/Dataset_BUSI_with_GT/benign/benign (322).png,busi,benign (322),busi_benign (322),png
/home/user/data/phyusformer_data/post_miccai_exps/data/data_busi/Dataset_BUSI_with_GT/benign/benign (323).png,busi,benign (323),busi_benign (323),png
/home/user/data/phyusformer_data/post_miccai_exps/data/data_busi/Dataset_BUSI_with_GT/benign/benign (324).png,busi,benign (324),busi_benign (324),png
/home/user/data/phyusformer_data/post_miccai_exps/data/data_busi/Dataset_BUSI_with_GT/benign/benign (325).png,busi,benign (325),busi_benign (325),png
/home/user/data/phyusformer_data/post_miccai_exps/data/data_busi/Dataset_BUSI_with_GT/benign/benign (326).png,busi,benign (326),busi_benign (326),png
/home/user/data/phyusformer_data/post_miccai_exps/data/data_busi/Dataset_BUSI_with_GT/benign/benign (327).png,busi,benign (327),busi_benign (327),png
/home/user/data/phyusformer_data/post_miccai_exps/data/data_busi/Dataset_BUSI_with_GT/benign/benign (328).png,busi,benign (328),busi_benign (328),png
/home/user/data/phyusformer_data/post_miccai_exps/data/data_busi/Dataset_BUSI_with_GT/benign/benign (329).png,busi,benign (329),busi_benign (329),png
/home/user/data/phyusformer_data/post_miccai_exps/data/data_busi/Dataset_BUSI_with_GT/benign/benign (33).png,busi,benign (33),busi_benign (33),png
/home/user/data/phyusformer_data/post_miccai_exps/data/data_busi/Dataset_BUSI_with_GT/benign/benign (330).png,busi,benign (330),busi_benign (330),png
/home/user/data/phyusformer_data/post_miccai_exps/data/data_busi/Dataset_BUSI_with_GT/benign/benign (331).png,busi,benign (331),busi_benign (331),png
/home/user/data/phyusformer_data/post_miccai_exps/data/data_busi/Dataset_BUSI_with_GT/benign/benign (332).png,busi,benign (332),busi_benign (332),png
/home/user/data/phyusformer_data/post_miccai_exps/data/data_busi/Dataset_BUSI_with_GT/benign/benign (333).png,busi,benign (333),busi_benign (333),png
/home/user/data/phyusformer_data/post_miccai_exps/data/data_busi/Dataset_BUSI_with_GT/benign/benign (334).png,busi,benign (334),busi_benign (334),png
/home/user/data/phyusformer_data/post_miccai_exps/data/data_busi/Dataset_BUSI_with_GT/benign/benign (335).png,busi,benign (335),busi_benign (335),png
/home/user/data/phyusformer_data/post_miccai_exps/data/data_busi/Dataset_BUSI_with_GT/benign/benign (336).png,busi,benign (336),busi_benign (336),png
/home/user/data/phyusformer_data/post_miccai_exps/data/data_busi/Dataset_BUSI_with_GT/benign/benign (337).png,busi,benign (337),busi_benign (337),png
/home/user/data/phyusformer_data/post_miccai_exps/data/data_busi/Dataset_BUSI_with_GT/benign/benign (338).png,busi,benign (338),busi_benign (338),png
/home/user/data/phyusformer_data/post_miccai_exps/data/data_busi/Dataset_BUSI_with_GT/benign/benign (339).png,busi,benign (339),busi_benign (339),png
/home/user/data/phyusformer_data/post_miccai_exps/data/data_busi/Dataset_BUSI_with_GT/benign/benign (34).png,busi,benign (34),busi_benign (34),png
/home/user/data/phyusformer_data/post_miccai_exps/data/data_busi/Dataset_BUSI_with_GT/benign/benign (340).png,busi,benign (340),busi_benign (340),png
/home/user/data/phyusformer_data/post_miccai_exps/data/data_busi/Dataset_BUSI_with_GT/benign/benign (341).png,busi,benign (341),busi_benign (341),png
/home/user/data/phyusformer_data/post_miccai_exps/data/data_busi/Dataset_BUSI_with_GT/benign/benign (342).png,busi,benign (342),busi_benign (342),png
/home/user/data/phyusformer_data/post_miccai_exps/data/data_busi/Dataset_BUSI_with_GT/benign/benign (343).png,busi,benign (343),busi_benign (343),png
/home/user/data/phyusformer_data/post_miccai_exps/data/data_busi/Dataset_BUSI_with_GT/benign/benign (344).png,busi,benign (344),busi_benign (344),png
/home/user/data/phyusformer_data/post_miccai_exps/data/data_busi/Dataset_BUSI_with_GT/benign/benign (345).png,busi,benign (345),busi_benign (345),png
/home/user/data/phyusformer_data/post_miccai_exps/data/data_busi/Dataset_BUSI_with_GT/benign/benign (346).png,busi,benign (346),busi_benign (346),png
/home/user/data/phyusformer_data/post_miccai_exps/data/data_busi/Dataset_BUSI_with_GT/benign/benign (347).png,busi,benign (347),busi_benign (347),png
/home/user/data/phyusformer_data/post_miccai_exps/data/data_busi/Dataset_BUSI_with_GT/benign/benign (348).png,busi,benign (348),busi_benign (348),png
/home/user/data/phyusformer_data/post_miccai_exps/data/data_busi/Dataset_BUSI_with_GT/benign/benign (349).png,busi,benign (349),busi_benign (349),png
/home/user/data/phyusformer_data/post_miccai_exps/data/data_busi/Dataset_BUSI_with_GT/benign/benign (35).png,busi,benign (35),busi_benign (35),png
/home/user/data/phyusformer_data/post_miccai_exps/data/data_busi/Dataset_BUSI_with_GT/benign/benign (350).png,busi,benign (350),busi_benign (350),png
/home/user/data/phyusformer_data/post_miccai_exps/data/data_busi/Dataset_BUSI_with_GT/benign/benign (351).png,busi,benign (351),busi_benign (351),png
/home/user/data/phyusformer_data/post_miccai_exps/data/data_busi/Dataset_BUSI_with_GT/benign/benign (352).png,busi,benign (352),busi_benign (352),png
/home/user/data/phyusformer_data/post_miccai_exps/data/data_busi/Dataset_BUSI_with_GT/benign/benign (353).png,busi,benign (353),busi_benign (353),png
/home/user/data/phyusformer_data/post_miccai_exps/data/data_busi/Dataset_BUSI_with_GT/benign/benign (354).png,busi,benign (354),busi_benign (354),png
/home/user/data/phyusformer_data/post_miccai_exps/data/data_busi/Dataset_BUSI_with_GT/benign/benign (355).png,busi,benign (355),busi_benign (355),png
/home/user/data/phyusformer_data/post_miccai_exps/data/data_busi/Dataset_BUSI_with_GT/benign/benign (356).png,busi,benign (356),busi_benign (356),png
/home/user/data/phyusformer_data/post_miccai_exps/data/data_busi/Dataset_BUSI_with_GT/benign/benign (357).png,busi,benign (357),busi_benign (357),png
/home/user/data/phyusformer_data/post_miccai_exps/data/data_busi/Dataset_BUSI_with_GT/benign/benign (358).png,busi,benign (358),busi_benign (358),png
/home/user/data/phyusformer_data/post_miccai_exps/data/data_busi/Dataset_BUSI_with_GT/benign/benign (359).png,busi,benign (359),busi_benign (359),png
/home/user/data/phyusformer_data/post_miccai_exps/data/data_busi/Dataset_BUSI_with_GT/benign/benign (36).png,busi,benign (36),busi_benign (36),png
/home/user/data/phyusformer_data/post_miccai_exps/data/data_busi/Dataset_BUSI_with_GT/benign/benign (360).png,busi,benign (360),busi_benign (360),png
/home/user/data/phyusformer_data/post_miccai_exps/data/data_busi/Dataset_BUSI_with_GT/benign/benign (361).png,busi,benign (361),busi_benign (361),png
/home/user/data/phyusformer_data/post_miccai_exps/data/data_busi/Dataset_BUSI_with_GT/benign/benign (362).png,busi,benign (362),busi_benign (362),png
/home/user/data/phyusformer_data/post_miccai_exps/data/data_busi/Dataset_BUSI_with_GT/benign/benign (363).png,busi,benign (363),busi_benign (363),png
/home/user/data/phyusformer_data/post_miccai_exps/data/data_busi/Dataset_BUSI_with_GT/benign/benign (364).png,busi,benign (364),busi_benign (364),png
/home/user/data/phyusformer_data/post_miccai_exps/data/data_busi/Dataset_BUSI_with_GT/benign/benign (365).png,busi,benign (365),busi_benign (365),png
/home/user/data/phyusformer_data/post_miccai_exps/data/data_busi/Dataset_BUSI_with_GT/benign/benign (366).png,busi,benign (366),busi_benign (366),png
/home/user/data/phyusformer_data/post_miccai_exps/data/data_busi/Dataset_BUSI_with_GT/benign/benign (367).png,busi,benign (367),busi_benign (367),png
/home/user/data/phyusformer_data/post_miccai_exps/data/data_busi/Dataset_BUSI_with_GT/benign/benign (368).png,busi,benign (368),busi_benign (368),png
/home/user/data/phyusformer_data/post_miccai_exps/data/data_busi/Dataset_BUSI_with_GT/benign/benign (369).png,busi,benign (369),busi_benign (369),png
/home/user/data/phyusformer_data/post_miccai_exps/data/data_busi/Dataset_BUSI_with_GT/benign/benign (37).png,busi,benign (37),busi_benign (37),png
/home/user/data/phyusformer_data/post_miccai_exps/data/data_busi/Dataset_BUSI_with_GT/benign/benign (370).png,busi,benign (370),busi_benign (370),png
/home/user/data/phyusformer_data/post_miccai_exps/data/data_busi/Dataset_BUSI_with_GT/benign/benign (371).png,busi,benign (371),busi_benign (371),png
/home/user/data/phyusformer_data/post_miccai_exps/data/data_busi/Dataset_BUSI_with_GT/benign/benign (372).png,busi,benign (372),busi_benign (372),png
/home/user/data/phyusformer_data/post_miccai_exps/data/data_busi/Dataset_BUSI_with_GT/benign/benign (373).png,busi,benign (373),busi_benign (373),png
/home/user/data/phyusformer_data/post_miccai_exps/data/data_busi/Dataset_BUSI_with_GT/benign/benign (374).png,busi,benign (374),busi_benign (374),png
/home/user/data/phyusformer_data/post_miccai_exps/data/data_busi/Dataset_BUSI_with_GT/benign/benign (375).png,busi,benign (375),busi_benign (375),png
/home/user/data/phyusformer_data/post_miccai_exps/data/data_busi/Dataset_BUSI_with_GT/benign/benign (376).png,busi,benign (376),busi_benign (376),png
/home/user/data/phyusformer_data/post_miccai_exps/data/data_busi/Dataset_BUSI_with_GT/benign/benign (377).png,busi,benign (377),busi_benign (377),png
/home/user/data/phyusformer_data/post_miccai_exps/data/data_busi/Dataset_BUSI_with_GT/benign/benign (378).png,busi,benign (378),busi_benign (378),png
/home/user/data/phyusformer_data/post_miccai_exps/data/data_busi/Dataset_BUSI_with_GT/benign/benign (379).png,busi,benign (379),busi_benign (379),png
/home/user/data/phyusformer_data/post_miccai_exps/data/data_busi/Dataset_BUSI_with_GT/benign/benign (38).png,busi,benign (38),busi_benign (38),png
/home/user/data/phyusformer_data/post_miccai_exps/data/data_busi/Dataset_BUSI_with_GT/benign/benign (380).png,busi,benign (380),busi_benign (380),png
/home/user/data/phyusformer_data/post_miccai_exps/data/data_busi/Dataset_BUSI_with_GT/benign/benign (381).png,busi,benign (381),busi_benign (381),png
/home/user/data/phyusformer_data/post_miccai_exps/data/data_busi/Dataset_BUSI_with_GT/benign/benign (382).png,busi,benign (382),busi_benign (382),png
/home/user/data/phyusformer_data/post_miccai_exps/data/data_busi/Dataset_BUSI_with_GT/benign/benign (383).png,busi,benign (383),busi_benign (383),png
/home/user/data/phyusformer_data/post_miccai_exps/data/data_busi/Dataset_BUSI_with_GT/benign/benign (384).png,busi,benign (384),busi_benign (384),png
/home/user/data/phyusformer_data/post_miccai_exps/data/data_busi/Dataset_BUSI_with_GT/benign/benign (385).png,busi,benign (385),busi_benign (385),png
/home/user/data/phyusformer_data/post_miccai_exps/data/data_busi/Dataset_BUSI_with_GT/benign/benign (386).png,busi,benign (386),busi_benign (386),png
/home/user/data/phyusformer_data/post_miccai_exps/data/data_busi/Dataset_BUSI_with_GT/benign/benign (387).png,busi,benign (387),busi_benign (387),png
/home/user/data/phyusformer_data/post_miccai_exps/data/data_busi/Dataset_BUSI_with_GT/benign/benign (388).png,busi,benign (388),busi_benign (388),png
/home/user/data/phyusformer_data/post_miccai_exps/data/data_busi/Dataset_BUSI_with_GT/benign/benign (389).png,busi,benign (389),busi_benign (389),png
/home/user/data/phyusformer_data/post_miccai_exps/data/data_busi/Dataset_BUSI_with_GT/benign/benign (39).png,busi,benign (39),busi_benign (39),png
/home/user/data/phyusformer_data/post_miccai_exps/data/data_busi/Dataset_BUSI_with_GT/benign/benign (390).png,busi,benign (390),busi_benign (390),png
/home/user/data/phyusformer_data/post_miccai_exps/data/data_busi/Dataset_BUSI_with_GT/benign/benign (391).png,busi,benign (391),busi_benign (391),png
/home/user/data/phyusformer_data/post_miccai_exps/data/data_busi/Dataset_BUSI_with_GT/benign/benign (392).png,busi,benign (392),busi_benign (392),png
/home/user/data/phyusformer_data/post_miccai_exps/data/data_busi/Dataset_BUSI_with_GT/benign/benign (393).png,busi,benign (393),busi_benign (393),png
/home/user/data/phyusformer_data/post_miccai_exps/data/data_busi/Dataset_BUSI_with_GT/benign/benign (394).png,busi,benign (394),busi_benign (394),png
/home/user/data/phyusformer_data/post_miccai_exps/data/data_busi/Dataset_BUSI_with_GT/benign/benign (395).png,busi,benign (395),busi_benign (395),png
/home/user/data/phyusformer_data/post_miccai_exps/data/data_busi/Dataset_BUSI_with_GT/benign/benign (396).png,busi,benign (396),busi_benign (396),png
/home/user/data/phyusformer_data/post_miccai_exps/data/data_busi/Dataset_BUSI_with_GT/benign/benign (397).png,busi,benign (397),busi_benign (397),png
/home/user/data/phyusformer_data/post_miccai_exps/data/data_busi/Dataset_BUSI_with_GT/benign/benign (398).png,busi,benign (398),busi_benign (398),png
/home/user/data/phyusformer_data/post_miccai_exps/data/data_busi/Dataset_BUSI_with_GT/benign/benign (399).png,busi,benign (399),busi_benign (399),png
/home/user/data/phyusformer_data/post_miccai_exps/data/data_busi/Dataset_BUSI_with_GT/benign/benign (4).png,busi,benign (4),busi_benign (4),png
/home/user/data/phyusformer_data/post_miccai_exps/data/data_busi/Dataset_BUSI_with_GT/benign/benign (40).png,busi,benign (40),busi_benign (40),png
/home/user/data/phyusformer_data/post_miccai_exps/data/data_busi/Dataset_BUSI_with_GT/benign/benign (400).png,busi,benign (400),busi_benign (400),png
/home/user/data/phyusformer_data/post_miccai_exps/data/data_busi/Dataset_BUSI_with_GT/benign/benign (401).png,busi,benign (401),busi_benign (401),png
/home/user/data/phyusformer_data/post_miccai_exps/data/data_busi/Dataset_BUSI_with_GT/benign/benign (402).png,busi,benign (402),busi_benign (402),png
/home/user/data/phyusformer_data/post_miccai_exps/data/data_busi/Dataset_BUSI_with_GT/benign/benign (403).png,busi,benign (403),busi_benign (403),png
/home/user/data/phyusformer_data/post_miccai_exps/data/data_busi/Dataset_BUSI_with_GT/benign/benign (404).png,busi,benign (404),busi_benign (404),png
/home/user/data/phyusformer_data/post_miccai_exps/data/data_busi/Dataset_BUSI_with_GT/benign/benign (405).png,busi,benign (405),busi_benign (405),png
/home/user/data/phyusformer_data/post_miccai_exps/data/data_busi/Dataset_BUSI_with_GT/benign/benign (406).png,busi,benign (406),busi_benign (406),png
/home/user/data/phyusformer_data/post_miccai_exps/data/data_busi/Dataset_BUSI_with_GT/benign/benign (407).png,busi,benign (407),busi_benign (407),png
/home/user/data/phyusformer_data/post_miccai_exps/data/data_busi/Dataset_BUSI_with_GT/benign/benign (408).png,busi,benign (408),busi_benign (408),png
/home/user/data/phyusformer_data/post_miccai_exps/data/data_busi/Dataset_BUSI_with_GT/benign/benign (409).png,busi,benign (409),busi_benign (409),png
/home/user/data/phyusformer_data/post_miccai_exps/data/data_busi/Dataset_BUSI_with_GT/benign/benign (41).png,busi,benign (41),busi_benign (41),png
/home/user/data/phyusformer_data/post_miccai_exps/data/data_busi/Dataset_BUSI_with_GT/benign/benign (410).png,busi,benign (410),busi_benign (410),png
/home/user/data/phyusformer_data/post_miccai_exps/data/data_busi/Dataset_BUSI_with_GT/benign/benign (411).png,busi,benign (411),busi_benign (411),png
/home/user/data/phyusformer_data/post_miccai_exps/data/data_busi/Dataset_BUSI_with_GT/benign/benign (412).png,busi,benign (412),busi_benign (412),png
/home/user/data/phyusformer_data/post_miccai_exps/data/data_busi/Dataset_BUSI_with_GT/benign/benign (413).png,busi,benign (413),busi_benign (413),png
/home/user/data/phyusformer_data/post_miccai_exps/data/data_busi/Dataset_BUSI_with_GT/benign/benign (414).png,busi,benign (414),busi_benign (414),png
/home/user/data/phyusformer_data/post_miccai_exps/data/data_busi/Dataset_BUSI_with_GT/benign/benign (415).png,busi,benign (415),busi_benign (415),png
/home/user/data/phyusformer_data/post_miccai_exps/data/data_busi/Dataset_BUSI_with_GT/benign/benign (416).png,busi,benign (416),busi_benign (416),png
/home/user/data/phyusformer_data/post_miccai_exps/data/data_busi/Dataset_BUSI_with_GT/benign/benign (417).png,busi,benign (417),busi_benign (417),png
/home/user/data/phyusformer_data/post_miccai_exps/data/data_busi/Dataset_BUSI_with_GT/benign/benign (418).png,busi,benign (418),busi_benign (418),png
/home/user/data/phyusformer_data/post_miccai_exps/data/data_busi/Dataset_BUSI_with_GT/benign/benign (419).png,busi,benign (419),busi_benign (419),png
/home/user/data/phyusformer_data/post_miccai_exps/data/data_busi/Dataset_BUSI_with_GT/benign/benign (42).png,busi,benign (42),busi_benign (42),png
/home/user/data/phyusformer_data/post_miccai_exps/data/data_busi/Dataset_BUSI_with_GT/benign/benign (420).png,busi,benign (420),busi_benign (420),png
/home/user/data/phyusformer_data/post_miccai_exps/data/data_busi/Dataset_BUSI_with_GT/benign/benign (421).png,busi,benign (421),busi_benign (421),png
/home/user/data/phyusformer_data/post_miccai_exps/data/data_busi/Dataset_BUSI_with_GT/benign/benign (422).png,busi,benign (422),busi_benign (422),png
/home/user/data/phyusformer_data/post_miccai_exps/data/data_busi/Dataset_BUSI_with_GT/benign/benign (423).png,busi,benign (423),busi_benign (423),png
/home/user/data/phyusformer_data/post_miccai_exps/data/data_busi/Dataset_BUSI_with_GT/benign/benign (424).png,busi,benign (424),busi_benign (424),png
/home/user/data/phyusformer_data/post_miccai_exps/data/data_busi/Dataset_BUSI_with_GT/benign/benign (425).png,busi,benign (425),busi_benign (425),png
/home/user/data/phyusformer_data/post_miccai_exps/data/data_busi/Dataset_BUSI_with_GT/benign/benign (426).png,busi,benign (426),busi_benign (426),png
/home/user/data/phyusformer_data/post_miccai_exps/data/data_busi/Dataset_BUSI_with_GT/benign/benign (427).png,busi,benign (427),busi_benign (427),png
/home/user/data/phyusformer_data/post_miccai_exps/data/data_busi/Dataset_BUSI_with_GT/benign/benign (428).png,busi,benign (428),busi_benign (428),png
/home/user/data/phyusformer_data/post_miccai_exps/data/data_busi/Dataset_BUSI_with_GT/benign/benign (429).png,busi,benign (429),busi_benign (429),png
/home/user/data/phyusformer_data/post_miccai_exps/data/data_busi/Dataset_BUSI_with_GT/benign/benign (43).png,busi,benign (43),busi_benign (43),png
/home/user/data/phyusformer_data/post_miccai_exps/data/data_busi/Dataset_BUSI_with_GT/benign/benign (430).png,busi,benign (430),busi_benign (430),png
/home/user/data/phyusformer_data/post_miccai_exps/data/data_busi/Dataset_BUSI_with_GT/benign/benign (431).png,busi,benign (431),busi_benign (431),png
/home/user/data/phyusformer_data/post_miccai_exps/data/data_busi/Dataset_BUSI_with_GT/benign/benign (432).png,busi,benign (432),busi_benign (432),png
/home/user/data/phyusformer_data/post_miccai_exps/data/data_busi/Dataset_BUSI_with_GT/benign/benign (433).png,busi,benign (433),busi_benign (433),png
/home/user/data/phyusformer_data/post_miccai_exps/data/data_busi/Dataset_BUSI_with_GT/benign/benign (434).png,busi,benign (434),busi_benign (434),png
/home/user/data/phyusformer_data/post_miccai_exps/data/data_busi/Dataset_BUSI_with_GT/benign/benign (435).png,busi,benign (435),busi_benign (435),png
/home/user/data/phyusformer_data/post_miccai_exps/data/data_busi/Dataset_BUSI_with_GT/benign/benign (436).png,busi,benign (436),busi_benign (436),png
/home/user/data/phyusformer_data/post_miccai_exps/data/data_busi/Dataset_BUSI_with_GT/benign/benign (437).png,busi,benign (437),busi_benign (437),png
/home/user/data/phyusformer_data/post_miccai_exps/data/data_busi/Dataset_BUSI_with_GT/benign/benign (44).png,busi,benign (44),busi_benign (44),png
/home/user/data/phyusformer_data/post_miccai_exps/data/data_busi/Dataset_BUSI_with_GT/benign/benign (45).png,busi,benign (45),busi_benign (45),png
/home/user/data/phyusformer_data/post_miccai_exps/data/data_busi/Dataset_BUSI_with_GT/benign/benign (46).png,busi,benign (46),busi_benign (46),png
/home/user/data/phyusformer_data/post_miccai_exps/data/data_busi/Dataset_BUSI_with_GT/benign/benign (47).png,busi,benign (47),busi_benign (47),png
/home/user/data/phyusformer_data/post_miccai_exps/data/data_busi/Dataset_BUSI_with_GT/benign/benign (48).png,busi,benign (48),busi_benign (48),png
/home/user/data/phyusformer_data/post_miccai_exps/data/data_busi/Dataset_BUSI_with_GT/benign/benign (49).png,busi,benign (49),busi_benign (49),png
/home/user/data/phyusformer_data/post_miccai_exps/data/data_busi/Dataset_BUSI_with_GT/benign/benign (5).png,busi,benign (5),busi_benign (5),png
/home/user/data/phyusformer_data/post_miccai_exps/data/data_busi/Dataset_BUSI_with_GT/benign/benign (50).png,busi,benign (50),busi_benign (50),png
/home/user/data/phyusformer_data/post_miccai_exps/data/data_busi/Dataset_BUSI_with_GT/benign/benign (51).png,busi,benign (51),busi_benign (51),png
/home/user/data/phyusformer_data/post_miccai_exps/data/data_busi/Dataset_BUSI_with_GT/benign/benign (52).png,busi,benign (52),busi_benign (52),png
/home/user/data/phyusformer_data/post_miccai_exps/data/data_busi/Dataset_BUSI_with_GT/benign/benign (53).png,busi,benign (53),busi_benign (53),png
/home/user/data/phyusformer_data/post_miccai_exps/data/data_busi/Dataset_BUSI_with_GT/benign/benign (54).png,busi,benign (54),busi_benign (54),png
/home/user/data/phyusformer_data/post_miccai_exps/data/data_busi/Dataset_BUSI_with_GT/benign/benign (55).png,busi,benign (55),busi_benign (55),png
/home/user/data/phyusformer_data/post_miccai_exps/data/data_busi/Dataset_BUSI_with_GT/benign/benign (56).png,busi,benign (56),busi_benign (56),png
/home/user/data/phyusformer_data/post_miccai_exps/data/data_busi/Dataset_BUSI_with_GT/benign/benign (57).png,busi,benign (57),busi_benign (57),png
/home/user/data/phyusformer_data/post_miccai_exps/data/data_busi/Dataset_BUSI_with_GT/benign/benign (58).png,busi,benign (58),busi_benign (58),png
/home/user/data/phyusformer_data/post_miccai_exps/data/data_busi/Dataset_BUSI_with_GT/benign/benign (59).png,busi,benign (59),busi_benign (59),png
/home/user/data/phyusformer_data/post_miccai_exps/data/data_busi/Dataset_BUSI_with_GT/benign/benign (6).png,busi,benign (6),busi_benign (6),png
/home/user/data/phyusformer_data/post_miccai_exps/data/data_busi/Dataset_BUSI_with_GT/benign/benign (60).png,busi,benign (60),busi_benign (60),png
/home/user/data/phyusformer_data/post_miccai_exps/data/data_busi/Dataset_BUSI_with_GT/benign/benign (61).png,busi,benign (61),busi_benign (61),png
/home/user/data/phyusformer_data/post_miccai_exps/data/data_busi/Dataset_BUSI_with_GT/benign/benign (62).png,busi,benign (62),busi_benign (62),png
/home/user/data/phyusformer_data/post_miccai_exps/data/data_busi/Dataset_BUSI_with_GT/benign/benign (63).png,busi,benign (63),busi_benign (63),png
/home/user/data/phyusformer_data/post_miccai_exps/data/data_busi/Dataset_BUSI_with_GT/benign/benign (64).png,busi,benign (64),busi_benign (64),png
/home/user/data/phyusformer_data/post_miccai_exps/data/data_busi/Dataset_BUSI_with_GT/benign/benign (65).png,busi,benign (65),busi_benign (65),png
/home/user/data/phyusformer_data/post_miccai_exps/data/data_busi/Dataset_BUSI_with_GT/benign/benign (66).png,busi,benign (66),busi_benign (66),png
/home/user/data/phyusformer_data/post_miccai_exps/data/data_busi/Dataset_BUSI_with_GT/benign/benign (67).png,busi,benign (67),busi_benign (67),png
/home/user/data/phyusformer_data/post_miccai_exps/data/data_busi/Dataset_BUSI_with_GT/benign/benign (68).png,busi,benign (68),busi_benign (68),png
/home/user/data/phyusformer_data/post_miccai_exps/data/data_busi/Dataset_BUSI_with_GT/benign/benign (69).png,busi,benign (69),busi_benign (69),png
/home/user/data/phyusformer_data/post_miccai_exps/data/data_busi/Dataset_BUSI_with_GT/benign/benign (7).png,busi,benign (7),busi_benign (7),png
/home/user/data/phyusformer_data/post_miccai_exps/data/data_busi/Dataset_BUSI_with_GT/benign/benign (70).png,busi,benign (70),busi_benign (70),png
/home/user/data/phyusformer_data/post_miccai_exps/data/data_busi/Dataset_BUSI_with_GT/benign/benign (71).png,busi,benign (71),busi_benign (71),png
/home/user/data/phyusformer_data/post_miccai_exps/data/data_busi/Dataset_BUSI_with_GT/benign/benign (72).png,busi,benign (72),busi_benign (72),png
/home/user/data/phyusformer_data/post_miccai_exps/data/data_busi/Dataset_BUSI_with_GT/benign/benign (73).png,busi,benign (73),busi_benign (73),png
/home/user/data/phyusformer_data/post_miccai_exps/data/data_busi/Dataset_BUSI_with_GT/benign/benign (74).png,busi,benign (74),busi_benign (74),png
/home/user/data/phyusformer_data/post_miccai_exps/data/data_busi/Dataset_BUSI_with_GT/benign/benign (75).png,busi,benign (75),busi_benign (75),png
/home/user/data/phyusformer_data/post_miccai_exps/data/data_busi/Dataset_BUSI_with_GT/benign/benign (76).png,busi,benign (76),busi_benign (76),png
/home/user/data/phyusformer_data/post_miccai_exps/data/data_busi/Dataset_BUSI_with_GT/benign/benign (77).png,busi,benign (77),busi_benign (77),png
/home/user/data/phyusformer_data/post_miccai_exps/data/data_busi/Dataset_BUSI_with_GT/benign/benign (78).png,busi,benign (78),busi_benign (78),png
/home/user/data/phyusformer_data/post_miccai_exps/data/data_busi/Dataset_BUSI_with_GT/benign/benign (79).png,busi,benign (79),busi_benign (79),png
/home/user/data/phyusformer_data/post_miccai_exps/data/data_busi/Dataset_BUSI_with_GT/benign/benign (8).png,busi,benign (8),busi_benign (8),png
/home/user/data/phyusformer_data/post_miccai_exps/data/data_busi/Dataset_BUSI_with_GT/benign/benign (80).png,busi,benign (80),busi_benign (80),png
/home/user/data/phyusformer_data/post_miccai_exps/data/data_busi/Dataset_BUSI_with_GT/benign/benign (81).png,busi,benign (81),busi_benign (81),png
/home/user/data/phyusformer_data/post_miccai_exps/data/data_busi/Dataset_BUSI_with_GT/benign/benign (82).png,busi,benign (82),busi_benign (82),png
/home/user/data/phyusformer_data/post_miccai_exps/data/data_busi/Dataset_BUSI_with_GT/benign/benign (83).png,busi,benign (83),busi_benign (83),png
/home/user/data/phyusformer_data/post_miccai_exps/data/data_busi/Dataset_BUSI_with_GT/benign/benign (84).png,busi,benign (84),busi_benign (84),png
/home/user/data/phyusformer_data/post_miccai_exps/data/data_busi/Dataset_BUSI_with_GT/benign/benign (85).png,busi,benign (85),busi_benign (85),png
/home/user/data/phyusformer_data/post_miccai_exps/data/data_busi/Dataset_BUSI_with_GT/benign/benign (86).png,busi,benign (86),busi_benign (86),png
/home/user/data/phyusformer_data/post_miccai_exps/data/data_busi/Dataset_BUSI_with_GT/benign/benign (87).png,busi,benign (87),busi_benign (87),png
/home/user/data/phyusformer_data/post_miccai_exps/data/data_busi/Dataset_BUSI_with_GT/benign/benign (88).png,busi,benign (88),busi_benign (88),png
/home/user/data/phyusformer_data/post_miccai_exps/data/data_busi/Dataset_BUSI_with_GT/benign/benign (89).png,busi,benign (89),busi_benign (89),png
/home/user/data/phyusformer_data/post_miccai_exps/data/data_busi/Dataset_BUSI_with_GT/benign/benign (9).png,busi,benign (9),busi_benign (9),png
/home/user/data/phyusformer_data/post_miccai_exps/data/data_busi/Dataset_BUSI_with_GT/benign/benign (90).png,busi,benign (90),busi_benign (90),png
/home/user/data/phyusformer_data/post_miccai_exps/data/data_busi/Dataset_BUSI_with_GT/benign/benign (91).png,busi,benign (91),busi_benign (91),png
/home/user/data/phyusformer_data/post_miccai_exps/data/data_busi/Dataset_BUSI_with_GT/benign/benign (92).png,busi,benign (92),busi_benign (92),png
/home/user/data/phyusformer_data/post_miccai_exps/data/data_busi/Dataset_BUSI_with_GT/benign/benign (93).png,busi,benign (93),busi_benign (93),png
/home/user/data/phyusformer_data/post_miccai_exps/data/data_busi/Dataset_BUSI_with_GT/benign/benign (94).png,busi,benign (94),busi_benign (94),png
/home/user/data/phyusformer_data/post_miccai_exps/data/data_busi/Dataset_BUSI_with_GT/benign/benign (95).png,busi,benign (95),busi_benign (95),png
/home/user/data/phyusformer_data/post_miccai_exps/data/data_busi/Dataset_BUSI_with_GT/benign/benign (96).png,busi,benign (96),busi_benign (96),png
/home/user/data/phyusformer_data/post_miccai_exps/data/data_busi/Dataset_BUSI_with_GT/benign/benign (97).png,busi,benign (97),busi_benign (97),png
/home/user/data/phyusformer_data/post_miccai_exps/data/data_busi/Dataset_BUSI_with_GT/benign/benign (98).png,busi,benign (98),busi_benign (98),png
/home/user/data/phyusformer_data/post_miccai_exps/data/data_busi/Dataset_BUSI_with_GT/benign/benign (99).png,busi,benign (99),busi_benign (99),png
/home/user/data/phyusformer_data/post_miccai_exps/data/data_busi/Dataset_BUSI_with_GT/malignant/malignant (1).png,busi,malignant (1),busi_malignant (1),png
/home/user/data/phyusformer_data/post_miccai_exps/data/data_busi/Dataset_BUSI_with_GT/malignant/malignant (10).png,busi,malignant (10),busi_malignant (10),png
/home/user/data/phyusformer_data/post_miccai_exps/data/data_busi/Dataset_BUSI_with_GT/malignant/malignant (100).png,busi,malignant (100),busi_malignant (100),png
/home/user/data/phyusformer_data/post_miccai_exps/data/data_busi/Dataset_BUSI_with_GT/malignant/malignant (101).png,busi,malignant (101),busi_malignant (101),png
/home/user/data/phyusformer_data/post_miccai_exps/data/data_busi/Dataset_BUSI_with_GT/malignant/malignant (102).png,busi,malignant (102),busi_malignant (102),png
/home/user/data/phyusformer_data/post_miccai_exps/data/data_busi/Dataset_BUSI_with_GT/malignant/malignant (103).png,busi,malignant (103),busi_malignant (103),png
/home/user/data/phyusformer_data/post_miccai_exps/data/data_busi/Dataset_BUSI_with_GT/malignant/malignant (104).png,busi,malignant (104),busi_malignant (104),png
/home/user/data/phyusformer_data/post_miccai_exps/data/data_busi/Dataset_BUSI_with_GT/malignant/malignant (105).png,busi,malignant (105),busi_malignant (105),png
/home/user/data/phyusformer_data/post_miccai_exps/data/data_busi/Dataset_BUSI_with_GT/malignant/malignant (106).png,busi,malignant (106),busi_malignant (106),png
/home/user/data/phyusformer_data/post_miccai_exps/data/data_busi/Dataset_BUSI_with_GT/malignant/malignant (107).png,busi,malignant (107),busi_malignant (107),png
/home/user/data/phyusformer_data/post_miccai_exps/data/data_busi/Dataset_BUSI_with_GT/malignant/malignant (108).png,busi,malignant (108),busi_malignant (108),png
/home/user/data/phyusformer_data/post_miccai_exps/data/data_busi/Dataset_BUSI_with_GT/malignant/malignant (109).png,busi,malignant (109),busi_malignant (109),png
/home/user/data/phyusformer_data/post_miccai_exps/data/data_busi/Dataset_BUSI_with_GT/malignant/malignant (11).png,busi,malignant (11),busi_malignant (11),png
/home/user/data/phyusformer_data/post_miccai_exps/data/data_busi/Dataset_BUSI_with_GT/malignant/malignant (110).png,busi,malignant (110),busi_malignant (110),png
/home/user/data/phyusformer_data/post_miccai_exps/data/data_busi/Dataset_BUSI_with_GT/malignant/malignant (111).png,busi,malignant (111),busi_malignant (111),png
/home/user/data/phyusformer_data/post_miccai_exps/data/data_busi/Dataset_BUSI_with_GT/malignant/malignant (112).png,busi,malignant (112),busi_malignant (112),png
/home/user/data/phyusformer_data/post_miccai_exps/data/data_busi/Dataset_BUSI_with_GT/malignant/malignant (113).png,busi,malignant (113),busi_malignant (113),png
/home/user/data/phyusformer_data/post_miccai_exps/data/data_busi/Dataset_BUSI_with_GT/malignant/malignant (114).png,busi,malignant (114),busi_malignant (114),png
/home/user/data/phyusformer_data/post_miccai_exps/data/data_busi/Dataset_BUSI_with_GT/malignant/malignant (115).png,busi,malignant (115),busi_malignant (115),png
/home/user/data/phyusformer_data/post_miccai_exps/data/data_busi/Dataset_BUSI_with_GT/malignant/malignant (116).png,busi,malignant (116),busi_malignant (116),png
/home/user/data/phyusformer_data/post_miccai_exps/data/data_busi/Dataset_BUSI_with_GT/malignant/malignant (117).png,busi,malignant (117),busi_malignant (117),png
/home/user/data/phyusformer_data/post_miccai_exps/data/data_busi/Dataset_BUSI_with_GT/malignant/malignant (118).png,busi,malignant (118),busi_malignant (118),png
/home/user/data/phyusformer_data/post_miccai_exps/data/data_busi/Dataset_BUSI_with_GT/malignant/malignant (119).png,busi,malignant (119),busi_malignant (119),png
/home/user/data/phyusformer_data/post_miccai_exps/data/data_busi/Dataset_BUSI_with_GT/malignant/malignant (12).png,busi,malignant (12),busi_malignant (12),png
/home/user/data/phyusformer_data/post_miccai_exps/data/data_busi/Dataset_BUSI_with_GT/malignant/malignant (120).png,busi,malignant (120),busi_malignant (120),png
/home/user/data/phyusformer_data/post_miccai_exps/data/data_busi/Dataset_BUSI_with_GT/malignant/malignant (121).png,busi,malignant (121),busi_malignant (121),png
/home/user/data/phyusformer_data/post_miccai_exps/data/data_busi/Dataset_BUSI_with_GT/malignant/malignant (122).png,busi,malignant (122),busi_malignant (122),png
/home/user/data/phyusformer_data/post_miccai_exps/data/data_busi/Dataset_BUSI_with_GT/malignant/malignant (123).png,busi,malignant (123),busi_malignant (123),png
/home/user/data/phyusformer_data/post_miccai_exps/data/data_busi/Dataset_BUSI_with_GT/malignant/malignant (124).png,busi,malignant (124),busi_malignant (124),png
/home/user/data/phyusformer_data/post_miccai_exps/data/data_busi/Dataset_BUSI_with_GT/malignant/malignant (125).png,busi,malignant (125),busi_malignant (125),png
/home/user/data/phyusformer_data/post_miccai_exps/data/data_busi/Dataset_BUSI_with_GT/malignant/malignant (126).png,busi,malignant (126),busi_malignant (126),png
/home/user/data/phyusformer_data/post_miccai_exps/data/data_busi/Dataset_BUSI_with_GT/malignant/malignant (127).png,busi,malignant (127),busi_malignant (127),png
/home/user/data/phyusformer_data/post_miccai_exps/data/data_busi/Dataset_BUSI_with_GT/malignant/malignant (128).png,busi,malignant (128),busi_malignant (128),png
/home/user/data/phyusformer_data/post_miccai_exps/data/data_busi/Dataset_BUSI_with_GT/malignant/malignant (129).png,busi,malignant (129),busi_malignant (129),png
/home/user/data/phyusformer_data/post_miccai_exps/data/data_busi/Dataset_BUSI_with_GT/malignant/malignant (13).png,busi,malignant (13),busi_malignant (13),png
/home/user/data/phyusformer_data/post_miccai_exps/data/data_busi/Dataset_BUSI_with_GT/malignant/malignant (130).png,busi,malignant (130),busi_malignant (130),png
/home/user/data/phyusformer_data/post_miccai_exps/data/data_busi/Dataset_BUSI_with_GT/malignant/malignant (131).png,busi,malignant (131),busi_malignant (131),png
/home/user/data/phyusformer_data/post_miccai_exps/data/data_busi/Dataset_BUSI_with_GT/malignant/malignant (132).png,busi,malignant (132),busi_malignant (132),png
/home/user/data/phyusformer_data/post_miccai_exps/data/data_busi/Dataset_BUSI_with_GT/malignant/malignant (133).png,busi,malignant (133),busi_malignant (133),png
/home/user/data/phyusformer_data/post_miccai_exps/data/data_busi/Dataset_BUSI_with_GT/malignant/malignant (134).png,busi,malignant (134),busi_malignant (134),png
/home/user/data/phyusformer_data/post_miccai_exps/data/data_busi/Dataset_BUSI_with_GT/malignant/malignant (135).png,busi,malignant (135),busi_malignant (135),png
/home/user/data/phyusformer_data/post_miccai_exps/data/data_busi/Dataset_BUSI_with_GT/malignant/malignant (136).png,busi,malignant (136),busi_malignant (136),png
/home/user/data/phyusformer_data/post_miccai_exps/data/data_busi/Dataset_BUSI_with_GT/malignant/malignant (137).png,busi,malignant (137),busi_malignant (137),png
/home/user/data/phyusformer_data/post_miccai_exps/data/data_busi/Dataset_BUSI_with_GT/malignant/malignant (138).png,busi,malignant (138),busi_malignant (138),png
/home/user/data/phyusformer_data/post_miccai_exps/data/data_busi/Dataset_BUSI_with_GT/malignant/malignant (139).png,busi,malignant (139),busi_malignant (139),png
/home/user/data/phyusformer_data/post_miccai_exps/data/data_busi/Dataset_BUSI_with_GT/malignant/malignant (14).png,busi,malignant (14),busi_malignant (14),png
/home/user/data/phyusformer_data/post_miccai_exps/data/data_busi/Dataset_BUSI_with_GT/malignant/malignant (140).png,busi,malignant (140),busi_malignant (140),png
/home/user/data/phyusformer_data/post_miccai_exps/data/data_busi/Dataset_BUSI_with_GT/malignant/malignant (141).png,busi,malignant (141),busi_malignant (141),png
/home/user/data/phyusformer_data/post_miccai_exps/data/data_busi/Dataset_BUSI_with_GT/malignant/malignant (142).png,busi,malignant (142),busi_malignant (142),png
/home/user/data/phyusformer_data/post_miccai_exps/data/data_busi/Dataset_BUSI_with_GT/malignant/malignant (143).png,busi,malignant (143),busi_malignant (143),png
/home/user/data/phyusformer_data/post_miccai_exps/data/data_busi/Dataset_BUSI_with_GT/malignant/malignant (144).png,busi,malignant (144),busi_malignant (144),png
/home/user/data/phyusformer_data/post_miccai_exps/data/data_busi/Dataset_BUSI_with_GT/malignant/malignant (145).png,busi,malignant (145),busi_malignant (145),png
/home/user/data/phyusformer_data/post_miccai_exps/data/data_busi/Dataset_BUSI_with_GT/malignant/malignant (146).png,busi,malignant (146),busi_malignant (146),png
/home/user/data/phyusformer_data/post_miccai_exps/data/data_busi/Dataset_BUSI_with_GT/malignant/malignant (147).png,busi,malignant (147),busi_malignant (147),png
/home/user/data/phyusformer_data/post_miccai_exps/data/data_busi/Dataset_BUSI_with_GT/malignant/malignant (148).png,busi,malignant (148),busi_malignant (148),png
/home/user/data/phyusformer_data/post_miccai_exps/data/data_busi/Dataset_BUSI_with_GT/malignant/malignant (149).png,busi,malignant (149),busi_malignant (149),png
/home/user/data/phyusformer_data/post_miccai_exps/data/data_busi/Dataset_BUSI_with_GT/malignant/malignant (15).png,busi,malignant (15),busi_malignant (15),png
/home/user/data/phyusformer_data/post_miccai_exps/data/data_busi/Dataset_BUSI_with_GT/malignant/malignant (150).png,busi,malignant (150),busi_malignant (150),png
/home/user/data/phyusformer_data/post_miccai_exps/data/data_busi/Dataset_BUSI_with_GT/malignant/malignant (151).png,busi,malignant (151),busi_malignant (151),png
/home/user/data/phyusformer_data/post_miccai_exps/data/data_busi/Dataset_BUSI_with_GT/malignant/malignant (152).png,busi,malignant (152),busi_malignant (152),png
/home/user/data/phyusformer_data/post_miccai_exps/data/data_busi/Dataset_BUSI_with_GT/malignant/malignant (153).png,busi,malignant (153),busi_malignant (153),png
/home/user/data/phyusformer_data/post_miccai_exps/data/data_busi/Dataset_BUSI_with_GT/malignant/malignant (154).png,busi,malignant (154),busi_malignant (154),png
/home/user/data/phyusformer_data/post_miccai_exps/data/data_busi/Dataset_BUSI_with_GT/malignant/malignant (155).png,busi,malignant (155),busi_malignant (155),png
/home/user/data/phyusformer_data/post_miccai_exps/data/data_busi/Dataset_BUSI_with_GT/malignant/malignant (156).png,busi,malignant (156),busi_malignant (156),png
/home/user/data/phyusformer_data/post_miccai_exps/data/data_busi/Dataset_BUSI_with_GT/malignant/malignant (157).png,busi,malignant (157),busi_malignant (157),png
/home/user/data/phyusformer_data/post_miccai_exps/data/data_busi/Dataset_BUSI_with_GT/malignant/malignant (158).png,busi,malignant (158),busi_malignant (158),png
/home/user/data/phyusformer_data/post_miccai_exps/data/data_busi/Dataset_BUSI_with_GT/malignant/malignant (159).png,busi,malignant (159),busi_malignant (159),png
/home/user/data/phyusformer_data/post_miccai_exps/data/data_busi/Dataset_BUSI_with_GT/malignant/malignant (16).png,busi,malignant (16),busi_malignant (16),png
/home/user/data/phyusformer_data/post_miccai_exps/data/data_busi/Dataset_BUSI_with_GT/malignant/malignant (160).png,busi,malignant (160),busi_malignant (160),png
/home/user/data/phyusformer_data/post_miccai_exps/data/data_busi/Dataset_BUSI_with_GT/malignant/malignant (161).png,busi,malignant (161),busi_malignant (161),png
/home/user/data/phyusformer_data/post_miccai_exps/data/data_busi/Dataset_BUSI_with_GT/malignant/malignant (162).png,busi,malignant (162),busi_malignant (162),png
/home/user/data/phyusformer_data/post_miccai_exps/data/data_busi/Dataset_BUSI_with_GT/malignant/malignant (163).png,busi,malignant (163),busi_malignant (163),png
/home/user/data/phyusformer_data/post_miccai_exps/data/data_busi/Dataset_BUSI_with_GT/malignant/malignant (164).png,busi,malignant (164),busi_malignant (164),png
/home/user/data/phyusformer_data/post_miccai_exps/data/data_busi/Dataset_BUSI_with_GT/malignant/malignant (165).png,busi,malignant (165),busi_malignant (165),png
/home/user/data/phyusformer_data/post_miccai_exps/data/data_busi/Dataset_BUSI_with_GT/malignant/malignant (166).png,busi,malignant (166),busi_malignant (166),png
/home/user/data/phyusformer_data/post_miccai_exps/data/data_busi/Dataset_BUSI_with_GT/malignant/malignant (167).png,busi,malignant (167),busi_malignant (167),png
/home/user/data/phyusformer_data/post_miccai_exps/data/data_busi/Dataset_BUSI_with_GT/malignant/malignant (168).png,busi,malignant (168),busi_malignant (168),png
/home/user/data/phyusformer_data/post_miccai_exps/data/data_busi/Dataset_BUSI_with_GT/malignant/malignant (169).png,busi,malignant (169),busi_malignant (169),png
/home/user/data/phyusformer_data/post_miccai_exps/data/data_busi/Dataset_BUSI_with_GT/malignant/malignant (17).png,busi,malignant (17),busi_malignant (17),png
/home/user/data/phyusformer_data/post_miccai_exps/data/data_busi/Dataset_BUSI_with_GT/malignant/malignant (170).png,busi,malignant (170),busi_malignant (170),png
/home/user/data/phyusformer_data/post_miccai_exps/data/data_busi/Dataset_BUSI_with_GT/malignant/malignant (171).png,busi,malignant (171),busi_malignant (171),png
/home/user/data/phyusformer_data/post_miccai_exps/data/data_busi/Dataset_BUSI_with_GT/malignant/malignant (172).png,busi,malignant (172),busi_malignant (172),png
/home/user/data/phyusformer_data/post_miccai_exps/data/data_busi/Dataset_BUSI_with_GT/malignant/malignant (173).png,busi,malignant (173),busi_malignant (173),png
/home/user/data/phyusformer_data/post_miccai_exps/data/data_busi/Dataset_BUSI_with_GT/malignant/malignant (174).png,busi,malignant (174),busi_malignant (174),png
/home/user/data/phyusformer_data/post_miccai_exps/data/data_busi/Dataset_BUSI_with_GT/malignant/malignant (175).png,busi,malignant (175),busi_malignant (175),png
/home/user/data/phyusformer_data/post_miccai_exps/data/data_busi/Dataset_BUSI_with_GT/malignant/malignant (176).png,busi,malignant (176),busi_malignant (176),png
/home/user/data/phyusformer_data/post_miccai_exps/data/data_busi/Dataset_BUSI_with_GT/malignant/malignant (177).png,busi,malignant (177),busi_malignant (177),png
/home/user/data/phyusformer_data/post_miccai_exps/data/data_busi/Dataset_BUSI_with_GT/malignant/malignant (178).png,busi,malignant (178),busi_malignant (178),png
/home/user/data/phyusformer_data/post_miccai_exps/data/data_busi/Dataset_BUSI_with_GT/malignant/malignant (179).png,busi,malignant (179),busi_malignant (179),png
/home/user/data/phyusformer_data/post_miccai_exps/data/data_busi/Dataset_BUSI_with_GT/malignant/malignant (18).png,busi,malignant (18),busi_malignant (18),png
/home/user/data/phyusformer_data/post_miccai_exps/data/data_busi/Dataset_BUSI_with_GT/malignant/malignant (180).png,busi,malignant (180),busi_malignant (180),png
/home/user/data/phyusformer_data/post_miccai_exps/data/data_busi/Dataset_BUSI_with_GT/malignant/malignant (181).png,busi,malignant (181),busi_malignant (181),png
/home/user/data/phyusformer_data/post_miccai_exps/data/data_busi/Dataset_BUSI_with_GT/malignant/malignant (182).png,busi,malignant (182),busi_malignant (182),png
/home/user/data/phyusformer_data/post_miccai_exps/data/data_busi/Dataset_BUSI_with_GT/malignant/malignant (183).png,busi,malignant (183),busi_malignant (183),png
/home/user/data/phyusformer_data/post_miccai_exps/data/data_busi/Dataset_BUSI_with_GT/malignant/malignant (184).png,busi,malignant (184),busi_malignant (184),png
/home/user/data/phyusformer_data/post_miccai_exps/data/data_busi/Dataset_BUSI_with_GT/malignant/malignant (185).png,busi,malignant (185),busi_malignant (185),png
/home/user/data/phyusformer_data/post_miccai_exps/data/data_busi/Dataset_BUSI_with_GT/malignant/malignant (186).png,busi,malignant (186),busi_malignant (186),png
/home/user/data/phyusformer_data/post_miccai_exps/data/data_busi/Dataset_BUSI_with_GT/malignant/malignant (187).png,busi,malignant (187),busi_malignant (187),png
/home/user/data/phyusformer_data/post_miccai_exps/data/data_busi/Dataset_BUSI_with_GT/malignant/malignant (188).png,busi,malignant (188),busi_malignant (188),png
/home/user/data/phyusformer_data/post_miccai_exps/data/data_busi/Dataset_BUSI_with_GT/malignant/malignant (189).png,busi,malignant (189),busi_malignant (189),png
/home/user/data/phyusformer_data/post_miccai_exps/data/data_busi/Dataset_BUSI_with_GT/malignant/malignant (19).png,busi,malignant (19),busi_malignant (19),png
/home/user/data/phyusformer_data/post_miccai_exps/data/data_busi/Dataset_BUSI_with_GT/malignant/malignant (190).png,busi,malignant (190),busi_malignant (190),png
/home/user/data/phyusformer_data/post_miccai_exps/data/data_busi/Dataset_BUSI_with_GT/malignant/malignant (191).png,busi,malignant (191),busi_malignant (191),png
/home/user/data/phyusformer_data/post_miccai_exps/data/data_busi/Dataset_BUSI_with_GT/malignant/malignant (192).png,busi,malignant (192),busi_malignant (192),png
/home/user/data/phyusformer_data/post_miccai_exps/data/data_busi/Dataset_BUSI_with_GT/malignant/malignant (193).png,busi,malignant (193),busi_malignant (193),png
/home/user/data/phyusformer_data/post_miccai_exps/data/data_busi/Dataset_BUSI_with_GT/malignant/malignant (194).png,busi,malignant (194),busi_malignant (194),png
/home/user/data/phyusformer_data/post_miccai_exps/data/data_busi/Dataset_BUSI_with_GT/malignant/malignant (195).png,busi,malignant (195),busi_malignant (195),png
/home/user/data/phyusformer_data/post_miccai_exps/data/data_busi/Dataset_BUSI_with_GT/malignant/malignant (196).png,busi,malignant (196),busi_malignant (196),png
/home/user/data/phyusformer_data/post_miccai_exps/data/data_busi/Dataset_BUSI_with_GT/malignant/malignant (197).png,busi,malignant (197),busi_malignant (197),png
/home/user/data/phyusformer_data/post_miccai_exps/data/data_busi/Dataset_BUSI_with_GT/malignant/malignant (198).png,busi,malignant (198),busi_malignant (198),png
/home/user/data/phyusformer_data/post_miccai_exps/data/data_busi/Dataset_BUSI_with_GT/malignant/malignant (199).png,busi,malignant (199),busi_malignant (199),png
/home/user/data/phyusformer_data/post_miccai_exps/data/data_busi/Dataset_BUSI_with_GT/malignant/malignant (2).png,busi,malignant (2),busi_malignant (2),png
/home/user/data/phyusformer_data/post_miccai_exps/data/data_busi/Dataset_BUSI_with_GT/malignant/malignant (20).png,busi,malignant (20),busi_malignant (20),png
/home/user/data/phyusformer_data/post_miccai_exps/data/data_busi/Dataset_BUSI_with_GT/malignant/malignant (200).png,busi,malignant (200),busi_malignant (200),png
/home/user/data/phyusformer_data/post_miccai_exps/data/data_busi/Dataset_BUSI_with_GT/malignant/malignant (201).png,busi,malignant (201),busi_malignant (201),png
/home/user/data/phyusformer_data/post_miccai_exps/data/data_busi/Dataset_BUSI_with_GT/malignant/malignant (202).png,busi,malignant (202),busi_malignant (202),png
/home/user/data/phyusformer_data/post_miccai_exps/data/data_busi/Dataset_BUSI_with_GT/malignant/malignant (203).png,busi,malignant (203),busi_malignant (203),png
/home/user/data/phyusformer_data/post_miccai_exps/data/data_busi/Dataset_BUSI_with_GT/malignant/malignant (204).png,busi,malignant (204),busi_malignant (204),png
/home/user/data/phyusformer_data/post_miccai_exps/data/data_busi/Dataset_BUSI_with_GT/malignant/malignant (205).png,busi,malignant (205),busi_malignant (205),png
/home/user/data/phyusformer_data/post_miccai_exps/data/data_busi/Dataset_BUSI_with_GT/malignant/malignant (206).png,busi,malignant (206),busi_malignant (206),png
/home/user/data/phyusformer_data/post_miccai_exps/data/data_busi/Dataset_BUSI_with_GT/malignant/malignant (207).png,busi,malignant (207),busi_malignant (207),png
/home/user/data/phyusformer_data/post_miccai_exps/data/data_busi/Dataset_BUSI_with_GT/malignant/malignant (208).png,busi,malignant (208),busi_malignant (208),png
/home/user/data/phyusformer_data/post_miccai_exps/data/data_busi/Dataset_BUSI_with_GT/malignant/malignant (209).png,busi,malignant (209),busi_malignant (209),png
/home/user/data/phyusformer_data/post_miccai_exps/data/data_busi/Dataset_BUSI_with_GT/malignant/malignant (21).png,busi,malignant (21),busi_malignant (21),png
/home/user/data/phyusformer_data/post_miccai_exps/data/data_busi/Dataset_BUSI_with_GT/malignant/malignant (210).png,busi,malignant (210),busi_malignant (210),png
/home/user/data/phyusformer_data/post_miccai_exps/data/data_busi/Dataset_BUSI_with_GT/malignant/malignant (22).png,busi,malignant (22),busi_malignant (22),png
/home/user/data/phyusformer_data/post_miccai_exps/data/data_busi/Dataset_BUSI_with_GT/malignant/malignant (23).png,busi,malignant (23),busi_malignant (23),png
/home/user/data/phyusformer_data/post_miccai_exps/data/data_busi/Dataset_BUSI_with_GT/malignant/malignant (24).png,busi,malignant (24),busi_malignant (24),png
/home/user/data/phyusformer_data/post_miccai_exps/data/data_busi/Dataset_BUSI_with_GT/malignant/malignant (25).png,busi,malignant (25),busi_malignant (25),png
/home/user/data/phyusformer_data/post_miccai_exps/data/data_busi/Dataset_BUSI_with_GT/malignant/malignant (26).png,busi,malignant (26),busi_malignant (26),png
/home/user/data/phyusformer_data/post_miccai_exps/data/data_busi/Dataset_BUSI_with_GT/malignant/malignant (27).png,busi,malignant (27),busi_malignant (27),png
/home/user/data/phyusformer_data/post_miccai_exps/data/data_busi/Dataset_BUSI_with_GT/malignant/malignant (28).png,busi,malignant (28),busi_malignant (28),png
/home/user/data/phyusformer_data/post_miccai_exps/data/data_busi/Dataset_BUSI_with_GT/malignant/malignant (29).png,busi,malignant (29),busi_malignant (29),png
/home/user/data/phyusformer_data/post_miccai_exps/data/data_busi/Dataset_BUSI_with_GT/malignant/malignant (3).png,busi,malignant (3),busi_malignant (3),png
/home/user/data/phyusformer_data/post_miccai_exps/data/data_busi/Dataset_BUSI_with_GT/malignant/malignant (30).png,busi,malignant (30),busi_malignant (30),png
/home/user/data/phyusformer_data/post_miccai_exps/data/data_busi/Dataset_BUSI_with_GT/malignant/malignant (31).png,busi,malignant (31),busi_malignant (31),png
/home/user/data/phyusformer_data/post_miccai_exps/data/data_busi/Dataset_BUSI_with_GT/malignant/malignant (32).png,busi,malignant (32),busi_malignant (32),png
/home/user/data/phyusformer_data/post_miccai_exps/data/data_busi/Dataset_BUSI_with_GT/malignant/malignant (33).png,busi,malignant (33),busi_malignant (33),png
/home/user/data/phyusformer_data/post_miccai_exps/data/data_busi/Dataset_BUSI_with_GT/malignant/malignant (34).png,busi,malignant (34),busi_malignant (34),png
/home/user/data/phyusformer_data/post_miccai_exps/data/data_busi/Dataset_BUSI_with_GT/malignant/malignant (35).png,busi,malignant (35),busi_malignant (35),png
/home/user/data/phyusformer_data/post_miccai_exps/data/data_busi/Dataset_BUSI_with_GT/malignant/malignant (36).png,busi,malignant (36),busi_malignant (36),png
/home/user/data/phyusformer_data/post_miccai_exps/data/data_busi/Dataset_BUSI_with_GT/malignant/malignant (37).png,busi,malignant (37),busi_malignant (37),png
/home/user/data/phyusformer_data/post_miccai_exps/data/data_busi/Dataset_BUSI_with_GT/malignant/malignant (38).png,busi,malignant (38),busi_malignant (38),png
/home/user/data/phyusformer_data/post_miccai_exps/data/data_busi/Dataset_BUSI_with_GT/malignant/malignant (39).png,busi,malignant (39),busi_malignant (39),png
/home/user/data/phyusformer_data/post_miccai_exps/data/data_busi/Dataset_BUSI_with_GT/malignant/malignant (4).png,busi,malignant (4),busi_malignant (4),png
/home/user/data/phyusformer_data/post_miccai_exps/data/data_busi/Dataset_BUSI_with_GT/malignant/malignant (40).png,busi,malignant (40),busi_malignant (40),png
/home/user/data/phyusformer_data/post_miccai_exps/data/data_busi/Dataset_BUSI_with_GT/malignant/malignant (41).png,busi,malignant (41),busi_malignant (41),png
/home/user/data/phyusformer_data/post_miccai_exps/data/data_busi/Dataset_BUSI_with_GT/malignant/malignant (42).png,busi,malignant (42),busi_malignant (42),png
/home/user/data/phyusformer_data/post_miccai_exps/data/data_busi/Dataset_BUSI_with_GT/malignant/malignant (43).png,busi,malignant (43),busi_malignant (43),png
/home/user/data/phyusformer_data/post_miccai_exps/data/data_busi/Dataset_BUSI_with_GT/malignant/malignant (44).png,busi,malignant (44),busi_malignant (44),png
/home/user/data/phyusformer_data/post_miccai_exps/data/data_busi/Dataset_BUSI_with_GT/malignant/malignant (45).png,busi,malignant (45),busi_malignant (45),png
/home/user/data/phyusformer_data/post_miccai_exps/data/data_busi/Dataset_BUSI_with_GT/malignant/malignant (46).png,busi,malignant (46),busi_malignant (46),png
/home/user/data/phyusformer_data/post_miccai_exps/data/data_busi/Dataset_BUSI_with_GT/malignant/malignant (47).png,busi,malignant (47),busi_malignant (47),png
/home/user/data/phyusformer_data/post_miccai_exps/data/data_busi/Dataset_BUSI_with_GT/malignant/malignant (48).png,busi,malignant (48),busi_malignant (48),png
/home/user/data/phyusformer_data/post_miccai_exps/data/data_busi/Dataset_BUSI_with_GT/malignant/malignant (49).png,busi,malignant (49),busi_malignant (49),png
/home/user/data/phyusformer_data/post_miccai_exps/data/data_busi/Dataset_BUSI_with_GT/malignant/malignant (5).png,busi,malignant (5),busi_malignant (5),png
/home/user/data/phyusformer_data/post_miccai_exps/data/data_busi/Dataset_BUSI_with_GT/malignant/malignant (50).png,busi,malignant (50),busi_malignant (50),png
/home/user/data/phyusformer_data/post_miccai_exps/data/data_busi/Dataset_BUSI_with_GT/malignant/malignant (51).png,busi,malignant (51),busi_malignant (51),png
/home/user/data/phyusformer_data/post_miccai_exps/data/data_busi/Dataset_BUSI_with_GT/malignant/malignant (52).png,busi,malignant (52),busi_malignant (52),png
/home/user/data/phyusformer_data/post_miccai_exps/data/data_busi/Dataset_BUSI_with_GT/malignant/malignant (53).png,busi,malignant (53),busi_malignant (53),png
/home/user/data/phyusformer_data/post_miccai_exps/data/data_busi/Dataset_BUSI_with_GT/malignant/malignant (54).png,busi,malignant (54),busi_malignant (54),png
/home/user/data/phyusformer_data/post_miccai_exps/data/data_busi/Dataset_BUSI_with_GT/malignant/malignant (55).png,busi,malignant (55),busi_malignant (55),png
/home/user/data/phyusformer_data/post_miccai_exps/data/data_busi/Dataset_BUSI_with_GT/malignant/malignant (56).png,busi,malignant (56),busi_malignant (56),png
/home/user/data/phyusformer_data/post_miccai_exps/data/data_busi/Dataset_BUSI_with_GT/malignant/malignant (57).png,busi,malignant (57),busi_malignant (57),png
/home/user/data/phyusformer_data/post_miccai_exps/data/data_busi/Dataset_BUSI_with_GT/malignant/malignant (58).png,busi,malignant (58),busi_malignant (58),png
/home/user/data/phyusformer_data/post_miccai_exps/data/data_busi/Dataset_BUSI_with_GT/malignant/malignant (59).png,busi,malignant (59),busi_malignant (59),png
/home/user/data/phyusformer_data/post_miccai_exps/data/data_busi/Dataset_BUSI_with_GT/malignant/malignant (6).png,busi,malignant (6),busi_malignant (6),png
/home/user/data/phyusformer_data/post_miccai_exps/data/data_busi/Dataset_BUSI_with_GT/malignant/malignant (60).png,busi,malignant (60),busi_malignant (60),png
/home/user/data/phyusformer_data/post_miccai_exps/data/data_busi/Dataset_BUSI_with_GT/malignant/malignant (61).png,busi,malignant (61),busi_malignant (61),png
/home/user/data/phyusformer_data/post_miccai_exps/data/data_busi/Dataset_BUSI_with_GT/malignant/malignant (62).png,busi,malignant (62),busi_malignant (62),png
/home/user/data/phyusformer_data/post_miccai_exps/data/data_busi/Dataset_BUSI_with_GT/malignant/malignant (63).png,busi,malignant (63),busi_malignant (63),png
/home/user/data/phyusformer_data/post_miccai_exps/data/data_busi/Dataset_BUSI_with_GT/malignant/malignant (64).png,busi,malignant (64),busi_malignant (64),png
/home/user/data/phyusformer_data/post_miccai_exps/data/data_busi/Dataset_BUSI_with_GT/malignant/malignant (65).png,busi,malignant (65),busi_malignant (65),png
/home/user/data/phyusformer_data/post_miccai_exps/data/data_busi/Dataset_BUSI_with_GT/malignant/malignant (66).png,busi,malignant (66),busi_malignant (66),png
/home/user/data/phyusformer_data/post_miccai_exps/data/data_busi/Dataset_BUSI_with_GT/malignant/malignant (67).png,busi,malignant (67),busi_malignant (67),png
/home/user/data/phyusformer_data/post_miccai_exps/data/data_busi/Dataset_BUSI_with_GT/malignant/malignant (68).png,busi,malignant (68),busi_malignant (68),png
/home/user/data/phyusformer_data/post_miccai_exps/data/data_busi/Dataset_BUSI_with_GT/malignant/malignant (69).png,busi,malignant (69),busi_malignant (69),png
/home/user/data/phyusformer_data/post_miccai_exps/data/data_busi/Dataset_BUSI_with_GT/malignant/malignant (7).png,busi,malignant (7),busi_malignant (7),png
/home/user/data/phyusformer_data/post_miccai_exps/data/data_busi/Dataset_BUSI_with_GT/malignant/malignant (70).png,busi,malignant (70),busi_malignant (70),png
/home/user/data/phyusformer_data/post_miccai_exps/data/data_busi/Dataset_BUSI_with_GT/malignant/malignant (71).png,busi,malignant (71),busi_malignant (71),png
/home/user/data/phyusformer_data/post_miccai_exps/data/data_busi/Dataset_BUSI_with_GT/malignant/malignant (72).png,busi,malignant (72),busi_malignant (72),png
/home/user/data/phyusformer_data/post_miccai_exps/data/data_busi/Dataset_BUSI_with_GT/malignant/malignant (73).png,busi,malignant (73),busi_malignant (73),png
/home/user/data/phyusformer_data/post_miccai_exps/data/data_busi/Dataset_BUSI_with_GT/malignant/malignant (74).png,busi,malignant (74),busi_malignant (74),png
/home/user/data/phyusformer_data/post_miccai_exps/data/data_busi/Dataset_BUSI_with_GT/malignant/malignant (75).png,busi,malignant (75),busi_malignant (75),png
/home/user/data/phyusformer_data/post_miccai_exps/data/data_busi/Dataset_BUSI_with_GT/malignant/malignant (76).png,busi,malignant (76),busi_malignant (76),png
/home/user/data/phyusformer_data/post_miccai_exps/data/data_busi/Dataset_BUSI_with_GT/malignant/malignant (77).png,busi,malignant (77),busi_malignant (77),png
/home/user/data/phyusformer_data/post_miccai_exps/data/data_busi/Dataset_BUSI_with_GT/malignant/malignant (78).png,busi,malignant (78),busi_malignant (78),png
/home/user/data/phyusformer_data/post_miccai_exps/data/data_busi/Dataset_BUSI_with_GT/malignant/malignant (79).png,busi,malignant (79),busi_malignant (79),png
/home/user/data/phyusformer_data/post_miccai_exps/data/data_busi/Dataset_BUSI_with_GT/malignant/malignant (8).png,busi,malignant (8),busi_malignant (8),png
/home/user/data/phyusformer_data/post_miccai_exps/data/data_busi/Dataset_BUSI_with_GT/malignant/malignant (80).png,busi,malignant (80),busi_malignant (80),png
/home/user/data/phyusformer_data/post_miccai_exps/data/data_busi/Dataset_BUSI_with_GT/malignant/malignant (81).png,busi,malignant (81),busi_malignant (81),png
/home/user/data/phyusformer_data/post_miccai_exps/data/data_busi/Dataset_BUSI_with_GT/malignant/malignant (82).png,busi,malignant (82),busi_malignant (82),png
/home/user/data/phyusformer_data/post_miccai_exps/data/data_busi/Dataset_BUSI_with_GT/malignant/malignant (83).png,busi,malignant (83),busi_malignant (83),png
/home/user/data/phyusformer_data/post_miccai_exps/data/data_busi/Dataset_BUSI_with_GT/malignant/malignant (84).png,busi,malignant (84),busi_malignant (84),png
/home/user/data/phyusformer_data/post_miccai_exps/data/data_busi/Dataset_BUSI_with_GT/malignant/malignant (85).png,busi,malignant (85),busi_malignant (85),png
/home/user/data/phyusformer_data/post_miccai_exps/data/data_busi/Dataset_BUSI_with_GT/malignant/malignant (86).png,busi,malignant (86),busi_malignant (86),png
/home/user/data/phyusformer_data/post_miccai_exps/data/data_busi/Dataset_BUSI_with_GT/malignant/malignant (87).png,busi,malignant (87),busi_malignant (87),png
/home/user/data/phyusformer_data/post_miccai_exps/data/data_busi/Dataset_BUSI_with_GT/malignant/malignant (88).png,busi,malignant (88),busi_malignant (88),png
/home/user/data/phyusformer_data/post_miccai_exps/data/data_busi/Dataset_BUSI_with_GT/malignant/malignant (89).png,busi,malignant (89),busi_malignant (89),png
/home/user/data/phyusformer_data/post_miccai_exps/data/data_busi/Dataset_BUSI_with_GT/malignant/malignant (9).png,busi,malignant (9),busi_malignant (9),png
/home/user/data/phyusformer_data/post_miccai_exps/data/data_busi/Dataset_BUSI_with_GT/malignant/malignant (90).png,busi,malignant (90),busi_malignant (90),png
/home/user/data/phyusformer_data/post_miccai_exps/data/data_busi/Dataset_BUSI_with_GT/malignant/malignant (91).png,busi,malignant (91),busi_malignant (91),png
/home/user/data/phyusformer_data/post_miccai_exps/data/data_busi/Dataset_BUSI_with_GT/malignant/malignant (92).png,busi,malignant (92),busi_malignant (92),png
/home/user/data/phyusformer_data/post_miccai_exps/data/data_busi/Dataset_BUSI_with_GT/malignant/malignant (93).png,busi,malignant (93),busi_malignant (93),png
/home/user/data/phyusformer_data/post_miccai_exps/data/data_busi/Dataset_BUSI_with_GT/malignant/malignant (94).png,busi,malignant (94),busi_malignant (94),png
/home/user/data/phyusformer_data/post_miccai_exps/data/data_busi/Dataset_BUSI_with_GT/malignant/malignant (95).png,busi,malignant (95),busi_malignant (95),png
/home/user/data/phyusformer_data/post_miccai_exps/data/data_busi/Dataset_BUSI_with_GT/malignant/malignant (96).png,busi,malignant (96),busi_malignant (96),png
/home/user/data/phyusformer_data/post_miccai_exps/data/data_busi/Dataset_BUSI_with_GT/malignant/malignant (97).png,busi,malignant (97),busi_malignant (97),png
/home/user/data/phyusformer_data/post_miccai_exps/data/data_busi/Dataset_BUSI_with_GT/malignant/malignant (98).png,busi,malignant (98),busi_malignant (98),png
/home/user/data/phyusformer_data/post_miccai_exps/data/data_busi/Dataset_BUSI_with_GT/malignant/malignant (99).png,busi,malignant (99),busi_malignant (99),png
/home/user/data/phyusformer_data/post_miccai_exps/data/US30k/US30K/ThyroidNodule-TN3K/img/test0000.png,tn3k,test0000,tn3k_test0000,png
/home/user/data/phyusformer_data/post_miccai_exps/data/US30k/US30K/ThyroidNodule-TN3K/img/test0001.png,tn3k,test0001,tn3k_test0001,png
/home/user/data/phyusformer_data/post_miccai_exps/data/US30k/US30K/ThyroidNodule-TN3K/img/test0002.png,tn3k,test0002,tn3k_test0002,png
/home/user/data/phyusformer_data/post_miccai_exps/data/US30k/US30K/ThyroidNodule-TN3K/img/test0003.png,tn3k,test0003,tn3k_test0003,png
/home/user/data/phyusformer_data/post_miccai_exps/data/US30k/US30K/ThyroidNodule-TN3K/img/test0004.png,tn3k,test0004,tn3k_test0004,png
/home/user/data/phyusformer_data/post_miccai_exps/data/US30k/US30K/ThyroidNodule-TN3K/img/test0005.png,tn3k,test0005,tn3k_test0005,png
/home/user/data/phyusformer_data/post_miccai_exps/data/US30k/US30K/ThyroidNodule-TN3K/img/test0006.png,tn3k,test0006,tn3k_test0006,png
/home/user/data/phyusformer_data/post_miccai_exps/data/US30k/US30K/ThyroidNodule-TN3K/img/test0007.png,tn3k,test0007,tn3k_test0007,png
/home/user/data/phyusformer_data/post_miccai_exps/data/US30k/US30K/ThyroidNodule-TN3K/img/test0008.png,tn3k,test0008,tn3k_test0008,png
/home/user/data/phyusformer_data/post_miccai_exps/data/US30k/US30K/ThyroidNodule-TN3K/img/test0009.png,tn3k,test0009,tn3k_test0009,png
/home/user/data/phyusformer_data/post_miccai_exps/data/US30k/US30K/ThyroidNodule-TN3K/img/test0010.png,tn3k,test0010,tn3k_test0010,png
/home/user/data/phyusformer_data/post_miccai_exps/data/US30k/US30K/ThyroidNodule-TN3K/img/test0011.png,tn3k,test0011,tn3k_test0011,png
/home/user/data/phyusformer_data/post_miccai_exps/data/US30k/US30K/ThyroidNodule-TN3K/img/test0012.png,tn3k,test0012,tn3k_test0012,png
/home/user/data/phyusformer_data/post_miccai_exps/data/US30k/US30K/ThyroidNodule-TN3K/img/test0013.png,tn3k,test0013,tn3k_test0013,png
/home/user/data/phyusformer_data/post_miccai_exps/data/US30k/US30K/ThyroidNodule-TN3K/img/test0014.png,tn3k,test0014,tn3k_test0014,png
/home/user/data/phyusformer_data/post_miccai_exps/data/US30k/US30K/ThyroidNodule-TN3K/img/test0015.png,tn3k,test0015,tn3k_test0015,png
/home/user/data/phyusformer_data/post_miccai_exps/data/US30k/US30K/ThyroidNodule-TN3K/img/test0016.png,tn3k,test0016,tn3k_test0016,png
/home/user/data/phyusformer_data/post_miccai_exps/data/US30k/US30K/ThyroidNodule-TN3K/img/test0017.png,tn3k,test0017,tn3k_test0017,png
/home/user/data/phyusformer_data/post_miccai_exps/data/US30k/US30K/ThyroidNodule-TN3K/img/test0018.png,tn3k,test0018,tn3k_test0018,png
/home/user/data/phyusformer_data/post_miccai_exps/data/US30k/US30K/ThyroidNodule-TN3K/img/test0019.png,tn3k,test0019,tn3k_test0019,png
/home/user/data/phyusformer_data/post_miccai_exps/data/US30k/US30K/ThyroidNodule-TN3K/img/test0020.png,tn3k,test0020,tn3k_test0020,png
/home/user/data/phyusformer_data/post_miccai_exps/data/US30k/US30K/ThyroidNodule-TN3K/img/test0021.png,tn3k,test0021,tn3k_test0021,png
/home/user/data/phyusformer_data/post_miccai_exps/data/US30k/US30K/ThyroidNodule-TN3K/img/test0022.png,tn3k,test0022,tn3k_test0022,png
/home/user/data/phyusformer_data/post_miccai_exps/data/US30k/US30K/ThyroidNodule-TN3K/img/test0023.png,tn3k,test0023,tn3k_test0023,png
/home/user/data/phyusformer_data/post_miccai_exps/data/US30k/US30K/ThyroidNodule-TN3K/img/test0024.png,tn3k,test0024,tn3k_test0024,png
/home/user/data/phyusformer_data/post_miccai_exps/data/US30k/US30K/ThyroidNodule-TN3K/img/test0025.png,tn3k,test0025,tn3k_test0025,png
/home/user/data/phyusformer_data/post_miccai_exps/data/US30k/US30K/ThyroidNodule-TN3K/img/test0026.png,tn3k,test0026,tn3k_test0026,png
/home/user/data/phyusformer_data/post_miccai_exps/data/US30k/US30K/ThyroidNodule-TN3K/img/test0027.png,tn3k,test0027,tn3k_test0027,png
/home/user/data/phyusformer_data/post_miccai_exps/data/US30k/US30K/ThyroidNodule-TN3K/img/test0028.png,tn3k,test0028,tn3k_test0028,png
/home/user/data/phyusformer_data/post_miccai_exps/data/US30k/US30K/ThyroidNodule-TN3K/img/test0029.png,tn3k,test0029,tn3k_test0029,png
/home/user/data/phyusformer_data/post_miccai_exps/data/US30k/US30K/ThyroidNodule-TN3K/img/test0030.png,tn3k,test0030,tn3k_test0030,png
/home/user/data/phyusformer_data/post_miccai_exps/data/US30k/US30K/ThyroidNodule-TN3K/img/test0031.png,tn3k,test0031,tn3k_test0031,png
/home/user/data/phyusformer_data/post_miccai_exps/data/US30k/US30K/ThyroidNodule-TN3K/img/test0032.png,tn3k,test0032,tn3k_test0032,png
/home/user/data/phyusformer_data/post_miccai_exps/data/US30k/US30K/ThyroidNodule-TN3K/img/test0033.png,tn3k,test0033,tn3k_test0033,png
/home/user/data/phyusformer_data/post_miccai_exps/data/US30k/US30K/ThyroidNodule-TN3K/img/test0034.png,tn3k,test0034,tn3k_test0034,png
/home/user/data/phyusformer_data/post_miccai_exps/data/US30k/US30K/ThyroidNodule-TN3K/img/test0035.png,tn3k,test0035,tn3k_test0035,png
/home/user/data/phyusformer_data/post_miccai_exps/data/US30k/US30K/ThyroidNodule-TN3K/img/test0036.png,tn3k,test0036,tn3k_test0036,png
/home/user/data/phyusformer_data/post_miccai_exps/data/US30k/US30K/ThyroidNodule-TN3K/img/test0037.png,tn3k,test0037,tn3k_test0037,png
/home/user/data/phyusformer_data/post_miccai_exps/data/US30k/US30K/ThyroidNodule-TN3K/img/test0038.png,tn3k,test0038,tn3k_test0038,png
/home/user/data/phyusformer_data/post_miccai_exps/data/US30k/US30K/ThyroidNodule-TN3K/img/test0039.png,tn3k,test0039,tn3k_test0039,png
/home/user/data/phyusformer_data/post_miccai_exps/data/US30k/US30K/ThyroidNodule-TN3K/img/test0040.png,tn3k,test0040,tn3k_test0040,png
/home/user/data/phyusformer_data/post_miccai_exps/data/US30k/US30K/ThyroidNodule-TN3K/img/test0041.png,tn3k,test0041,tn3k_test0041,png
/home/user/data/phyusformer_data/post_miccai_exps/data/US30k/US30K/ThyroidNodule-TN3K/img/test0042.png,tn3k,test0042,tn3k_test0042,png
/home/user/data/phyusformer_data/post_miccai_exps/data/US30k/US30K/ThyroidNodule-TN3K/img/test0043.png,tn3k,test0043,tn3k_test0043,png
/home/user/data/phyusformer_data/post_miccai_exps/data/US30k/US30K/ThyroidNodule-TN3K/img/test0044.png,tn3k,test0044,tn3k_test0044,png
/home/user/data/phyusformer_data/post_miccai_exps/data/US30k/US30K/ThyroidNodule-TN3K/img/test0045.png,tn3k,test0045,tn3k_test0045,png
/home/user/data/phyusformer_data/post_miccai_exps/data/US30k/US30K/ThyroidNodule-TN3K/img/test0046.png,tn3k,test0046,tn3k_test0046,png
/home/user/data/phyusformer_data/post_miccai_exps/data/US30k/US30K/ThyroidNodule-TN3K/img/test0047.png,tn3k,test0047,tn3k_test0047,png
/home/user/data/phyusformer_data/post_miccai_exps/data/US30k/US30K/ThyroidNodule-TN3K/img/test0048.png,tn3k,test0048,tn3k_test0048,png
/home/user/data/phyusformer_data/post_miccai_exps/data/US30k/US30K/ThyroidNodule-TN3K/img/test0049.png,tn3k,test0049,tn3k_test0049,png
/home/user/data/phyusformer_data/post_miccai_exps/data/US30k/US30K/ThyroidNodule-TN3K/img/test0050.png,tn3k,test0050,tn3k_test0050,png
/home/user/data/phyusformer_data/post_miccai_exps/data/US30k/US30K/ThyroidNodule-TN3K/img/test0051.png,tn3k,test0051,tn3k_test0051,png
/home/user/data/phyusformer_data/post_miccai_exps/data/US30k/US30K/ThyroidNodule-TN3K/img/test0052.png,tn3k,test0052,tn3k_test0052,png
/home/user/data/phyusformer_data/post_miccai_exps/data/US30k/US30K/ThyroidNodule-TN3K/img/test0053.png,tn3k,test0053,tn3k_test0053,png
/home/user/data/phyusformer_data/post_miccai_exps/data/US30k/US30K/ThyroidNodule-TN3K/img/test0054.png,tn3k,test0054,tn3k_test0054,png
/home/user/data/phyusformer_data/post_miccai_exps/data/US30k/US30K/ThyroidNodule-TN3K/img/test0055.png,tn3k,test0055,tn3k_test0055,png
/home/user/data/phyusformer_data/post_miccai_exps/data/US30k/US30K/ThyroidNodule-TN3K/img/test0056.png,tn3k,test0056,tn3k_test0056,png
/home/user/data/phyusformer_data/post_miccai_exps/data/US30k/US30K/ThyroidNodule-TN3K/img/test0057.png,tn3k,test0057,tn3k_test0057,png
/home/user/data/phyusformer_data/post_miccai_exps/data/US30k/US30K/ThyroidNodule-TN3K/img/test0058.png,tn3k,test0058,tn3k_test0058,png
/home/user/data/phyusformer_data/post_miccai_exps/data/US30k/US30K/ThyroidNodule-TN3K/img/test0059.png,tn3k,test0059,tn3k_test0059,png
/home/user/data/phyusformer_data/post_miccai_exps/data/US30k/US30K/ThyroidNodule-TN3K/img/test0060.png,tn3k,test0060,tn3k_test0060,png
/home/user/data/phyusformer_data/post_miccai_exps/data/US30k/US30K/ThyroidNodule-TN3K/img/test0061.png,tn3k,test0061,tn3k_test0061,png
/home/user/data/phyusformer_data/post_miccai_exps/data/US30k/US30K/ThyroidNodule-TN3K/img/test0062.png,tn3k,test0062,tn3k_test0062,png
/home/user/data/phyusformer_data/post_miccai_exps/data/US30k/US30K/ThyroidNodule-TN3K/img/test0063.png,tn3k,test0063,tn3k_test0063,png
/home/user/data/phyusformer_data/post_miccai_exps/data/US30k/US30K/ThyroidNodule-TN3K/img/test0064.png,tn3k,test0064,tn3k_test0064,png
/home/user/data/phyusformer_data/post_miccai_exps/data/US30k/US30K/ThyroidNodule-TN3K/img/test0065.png,tn3k,test0065,tn3k_test0065,png
/home/user/data/phyusformer_data/post_miccai_exps/data/US30k/US30K/ThyroidNodule-TN3K/img/test0066.png,tn3k,test0066,tn3k_test0066,png
/home/user/data/phyusformer_data/post_miccai_exps/data/US30k/US30K/ThyroidNodule-TN3K/img/test0067.png,tn3k,test0067,tn3k_test0067,png
/home/user/data/phyusformer_data/post_miccai_exps/data/US30k/US30K/ThyroidNodule-TN3K/img/test0068.png,tn3k,test0068,tn3k_test0068,png
/home/user/data/phyusformer_data/post_miccai_exps/data/US30k/US30K/ThyroidNodule-TN3K/img/test0069.png,tn3k,test0069,tn3k_test0069,png
/home/user/data/phyusformer_data/post_miccai_exps/data/US30k/US30K/ThyroidNodule-TN3K/img/test0070.png,tn3k,test0070,tn3k_test0070,png
/home/user/data/phyusformer_data/post_miccai_exps/data/US30k/US30K/ThyroidNodule-TN3K/img/test0071.png,tn3k,test0071,tn3k_test0071,png
/home/user/data/phyusformer_data/post_miccai_exps/data/US30k/US30K/ThyroidNodule-TN3K/img/test0072.png,tn3k,test0072,tn3k_test0072,png
/home/user/data/phyusformer_data/post_miccai_exps/data/US30k/US30K/ThyroidNodule-TN3K/img/test0073.png,tn3k,test0073,tn3k_test0073,png
/home/user/data/phyusformer_data/post_miccai_exps/data/US30k/US30K/ThyroidNodule-TN3K/img/test0074.png,tn3k,test0074,tn3k_test0074,png
/home/user/data/phyusformer_data/post_miccai_exps/data/US30k/US30K/ThyroidNodule-TN3K/img/test0075.png,tn3k,test0075,tn3k_test0075,png
/home/user/data/phyusformer_data/post_miccai_exps/data/US30k/US30K/ThyroidNodule-TN3K/img/test0076.png,tn3k,test0076,tn3k_test0076,png
/home/user/data/phyusformer_data/post_miccai_exps/data/US30k/US30K/ThyroidNodule-TN3K/img/test0077.png,tn3k,test0077,tn3k_test0077,png
/home/user/data/phyusformer_data/post_miccai_exps/data/US30k/US30K/ThyroidNodule-TN3K/img/test0078.png,tn3k,test0078,tn3k_test0078,png
/home/user/data/phyusformer_data/post_miccai_exps/data/US30k/US30K/ThyroidNodule-TN3K/img/test0079.png,tn3k,test0079,tn3k_test0079,png
/home/user/data/phyusformer_data/post_miccai_exps/data/US30k/US30K/ThyroidNodule-TN3K/img/test0080.png,tn3k,test0080,tn3k_test0080,png
/home/user/data/phyusformer_data/post_miccai_exps/data/US30k/US30K/ThyroidNodule-TN3K/img/test0081.png,tn3k,test0081,tn3k_test0081,png
/home/user/data/phyusformer_data/post_miccai_exps/data/US30k/US30K/ThyroidNodule-TN3K/img/test0082.png,tn3k,test0082,tn3k_test0082,png
/home/user/data/phyusformer_data/post_miccai_exps/data/US30k/US30K/ThyroidNodule-TN3K/img/test0083.png,tn3k,test0083,tn3k_test0083,png
/home/user/data/phyusformer_data/post_miccai_exps/data/US30k/US30K/ThyroidNodule-TN3K/img/test0084.png,tn3k,test0084,tn3k_test0084,png
/home/user/data/phyusformer_data/post_miccai_exps/data/US30k/US30K/ThyroidNodule-TN3K/img/test0085.png,tn3k,test0085,tn3k_test0085,png
/home/user/data/phyusformer_data/post_miccai_exps/data/US30k/US30K/ThyroidNodule-TN3K/img/test0086.png,tn3k,test0086,tn3k_test0086,png
/home/user/data/phyusformer_data/post_miccai_exps/data/US30k/US30K/ThyroidNodule-TN3K/img/test0087.png,tn3k,test0087,tn3k_test0087,png
/home/user/data/phyusformer_data/post_miccai_exps/data/US30k/US30K/ThyroidNodule-TN3K/img/test0088.png,tn3k,test0088,tn3k_test0088,png
/home/user/data/phyusformer_data/post_miccai_exps/data/US30k/US30K/ThyroidNodule-TN3K/img/test0089.png,tn3k,test0089,tn3k_test0089,png
/home/user/data/phyusformer_data/post_miccai_exps/data/US30k/US30K/ThyroidNodule-TN3K/img/test0090.png,tn3k,test0090,tn3k_test0090,png
/home/user/data/phyusformer_data/post_miccai_exps/data/US30k/US30K/ThyroidNodule-TN3K/img/test0091.png,tn3k,test0091,tn3k_test0091,png
/home/user/data/phyusformer_data/post_miccai_exps/data/US30k/US30K/ThyroidNodule-TN3K/img/test0092.png,tn3k,test0092,tn3k_test0092,png
/home/user/data/phyusformer_data/post_miccai_exps/data/US30k/US30K/ThyroidNodule-TN3K/img/test0093.png,tn3k,test0093,tn3k_test0093,png
/home/user/data/phyusformer_data/post_miccai_exps/data/US30k/US30K/ThyroidNodule-TN3K/img/test0094.png,tn3k,test0094,tn3k_test0094,png
/home/user/data/phyusformer_data/post_miccai_exps/data/US30k/US30K/ThyroidNodule-TN3K/img/test0095.png,tn3k,test0095,tn3k_test0095,png
/home/user/data/phyusformer_data/post_miccai_exps/data/US30k/US30K/ThyroidNodule-TN3K/img/test0096.png,tn3k,test0096,tn3k_test0096,png
/home/user/data/phyusformer_data/post_miccai_exps/data/US30k/US30K/ThyroidNodule-TN3K/img/test0097.png,tn3k,test0097,tn3k_test0097,png
/home/user/data/phyusformer_data/post_miccai_exps/data/US30k/US30K/ThyroidNodule-TN3K/img/test0098.png,tn3k,test0098,tn3k_test0098,png
/home/user/data/phyusformer_data/post_miccai_exps/data/US30k/US30K/ThyroidNodule-TN3K/img/test0099.png,tn3k,test0099,tn3k_test0099,png
/home/user/data/phyusformer_data/post_miccai_exps/data/US30k/US30K/ThyroidNodule-TN3K/img/test0100.png,tn3k,test0100,tn3k_test0100,png
/home/user/data/phyusformer_data/post_miccai_exps/data/US30k/US30K/ThyroidNodule-TN3K/img/test0101.png,tn3k,test0101,tn3k_test0101,png
/home/user/data/phyusformer_data/post_miccai_exps/data/US30k/US30K/ThyroidNodule-TN3K/img/test0102.png,tn3k,test0102,tn3k_test0102,png
/home/user/data/phyusformer_data/post_miccai_exps/data/US30k/US30K/ThyroidNodule-TN3K/img/test0103.png,tn3k,test0103,tn3k_test0103,png
/home/user/data/phyusformer_data/post_miccai_exps/data/US30k/US30K/ThyroidNodule-TN3K/img/test0104.png,tn3k,test0104,tn3k_test0104,png
/home/user/data/phyusformer_data/post_miccai_exps/data/US30k/US30K/ThyroidNodule-TN3K/img/test0105.png,tn3k,test0105,tn3k_test0105,png
/home/user/data/phyusformer_data/post_miccai_exps/data/US30k/US30K/ThyroidNodule-TN3K/img/test0106.png,tn3k,test0106,tn3k_test0106,png
/home/user/data/phyusformer_data/post_miccai_exps/data/US30k/US30K/ThyroidNodule-TN3K/img/test0107.png,tn3k,test0107,tn3k_test0107,png
/home/user/data/phyusformer_data/post_miccai_exps/data/US30k/US30K/ThyroidNodule-TN3K/img/test0108.png,tn3k,test0108,tn3k_test0108,png
/home/user/data/phyusformer_data/post_miccai_exps/data/US30k/US30K/ThyroidNodule-TN3K/img/test0109.png,tn3k,test0109,tn3k_test0109,png
/home/user/data/phyusformer_data/post_miccai_exps/data/US30k/US30K/ThyroidNodule-TN3K/img/test0110.png,tn3k,test0110,tn3k_test0110,png
/home/user/data/phyusformer_data/post_miccai_exps/data/US30k/US30K/ThyroidNodule-TN3K/img/test0111.png,tn3k,test0111,tn3k_test0111,png
/home/user/data/phyusformer_data/post_miccai_exps/data/US30k/US30K/ThyroidNodule-TN3K/img/test0112.png,tn3k,test0112,tn3k_test0112,png
/home/user/data/phyusformer_data/post_miccai_exps/data/US30k/US30K/ThyroidNodule-TN3K/img/test0113.png,tn3k,test0113,tn3k_test0113,png
/home/user/data/phyusformer_data/post_miccai_exps/data/US30k/US30K/ThyroidNodule-TN3K/img/test0114.png,tn3k,test0114,tn3k_test0114,png
/home/user/data/phyusformer_data/post_miccai_exps/data/US30k/US30K/ThyroidNodule-TN3K/img/test0115.png,tn3k,test0115,tn3k_test0115,png
/home/user/data/phyusformer_data/post_miccai_exps/data/US30k/US30K/ThyroidNodule-TN3K/img/test0116.png,tn3k,test0116,tn3k_test0116,png
/home/user/data/phyusformer_data/post_miccai_exps/data/US30k/US30K/ThyroidNodule-TN3K/img/test0117.png,tn3k,test0117,tn3k_test0117,png
/home/user/data/phyusformer_data/post_miccai_exps/data/US30k/US30K/ThyroidNodule-TN3K/img/test0118.png,tn3k,test0118,tn3k_test0118,png
/home/user/data/phyusformer_data/post_miccai_exps/data/US30k/US30K/ThyroidNodule-TN3K/img/test0119.png,tn3k,test0119,tn3k_test0119,png
/home/user/data/phyusformer_data/post_miccai_exps/data/US30k/US30K/ThyroidNodule-TN3K/img/test0120.png,tn3k,test0120,tn3k_test0120,png
/home/user/data/phyusformer_data/post_miccai_exps/data/US30k/US30K/ThyroidNodule-TN3K/img/test0121.png,tn3k,test0121,tn3k_test0121,png
/home/user/data/phyusformer_data/post_miccai_exps/data/US30k/US30K/ThyroidNodule-TN3K/img/test0122.png,tn3k,test0122,tn3k_test0122,png
/home/user/data/phyusformer_data/post_miccai_exps/data/US30k/US30K/ThyroidNodule-TN3K/img/test0123.png,tn3k,test0123,tn3k_test0123,png
/home/user/data/phyusformer_data/post_miccai_exps/data/US30k/US30K/ThyroidNodule-TN3K/img/test0124.png,tn3k,test0124,tn3k_test0124,png
/home/user/data/phyusformer_data/post_miccai_exps/data/US30k/US30K/ThyroidNodule-TN3K/img/test0125.png,tn3k,test0125,tn3k_test0125,png
/home/user/data/phyusformer_data/post_miccai_exps/data/US30k/US30K/ThyroidNodule-TN3K/img/test0126.png,tn3k,test0126,tn3k_test0126,png
/home/user/data/phyusformer_data/post_miccai_exps/data/US30k/US30K/ThyroidNodule-TN3K/img/test0127.png,tn3k,test0127,tn3k_test0127,png
/home/user/data/phyusformer_data/post_miccai_exps/data/US30k/US30K/ThyroidNodule-TN3K/img/test0128.png,tn3k,test0128,tn3k_test0128,png
/home/user/data/phyusformer_data/post_miccai_exps/data/US30k/US30K/ThyroidNodule-TN3K/img/test0129.png,tn3k,test0129,tn3k_test0129,png
/home/user/data/phyusformer_data/post_miccai_exps/data/US30k/US30K/ThyroidNodule-TN3K/img/test0130.png,tn3k,test0130,tn3k_test0130,png
/home/user/data/phyusformer_data/post_miccai_exps/data/US30k/US30K/ThyroidNodule-TN3K/img/test0131.png,tn3k,test0131,tn3k_test0131,png
/home/user/data/phyusformer_data/post_miccai_exps/data/US30k/US30K/ThyroidNodule-TN3K/img/test0132.png,tn3k,test0132,tn3k_test0132,png
/home/user/data/phyusformer_data/post_miccai_exps/data/US30k/US30K/ThyroidNodule-TN3K/img/test0133.png,tn3k,test0133,tn3k_test0133,png
/home/user/data/phyusformer_data/post_miccai_exps/data/US30k/US30K/ThyroidNodule-TN3K/img/test0134.png,tn3k,test0134,tn3k_test0134,png
/home/user/data/phyusformer_data/post_miccai_exps/data/US30k/US30K/ThyroidNodule-TN3K/img/test0135.png,tn3k,test0135,tn3k_test0135,png
/home/user/data/phyusformer_data/post_miccai_exps/data/US30k/US30K/ThyroidNodule-TN3K/img/test0136.png,tn3k,test0136,tn3k_test0136,png
/home/user/data/phyusformer_data/post_miccai_exps/data/US30k/US30K/ThyroidNodule-TN3K/img/test0137.png,tn3k,test0137,tn3k_test0137,png
/home/user/data/phyusformer_data/post_miccai_exps/data/US30k/US30K/ThyroidNodule-TN3K/img/test0138.png,tn3k,test0138,tn3k_test0138,png
/home/user/data/phyusformer_data/post_miccai_exps/data/US30k/US30K/ThyroidNodule-TN3K/img/test0139.png,tn3k,test0139,tn3k_test0139,png
/home/user/data/phyusformer_data/post_miccai_exps/data/US30k/US30K/ThyroidNodule-TN3K/img/test0140.png,tn3k,test0140,tn3k_test0140,png
/home/user/data/phyusformer_data/post_miccai_exps/data/US30k/US30K/ThyroidNodule-TN3K/img/test0141.png,tn3k,test0141,tn3k_test0141,png
/home/user/data/phyusformer_data/post_miccai_exps/data/US30k/US30K/ThyroidNodule-TN3K/img/test0142.png,tn3k,test0142,tn3k_test0142,png
/home/user/data/phyusformer_data/post_miccai_exps/data/US30k/US30K/ThyroidNodule-TN3K/img/test0143.png,tn3k,test0143,tn3k_test0143,png
/home/user/data/phyusformer_data/post_miccai_exps/data/US30k/US30K/ThyroidNodule-TN3K/img/test0144.png,tn3k,test0144,tn3k_test0144,png
/home/user/data/phyusformer_data/post_miccai_exps/data/US30k/US30K/ThyroidNodule-TN3K/img/test0145.png,tn3k,test0145,tn3k_test0145,png
/home/user/data/phyusformer_data/post_miccai_exps/data/US30k/US30K/ThyroidNodule-TN3K/img/test0146.png,tn3k,test0146,tn3k_test0146,png
/home/user/data/phyusformer_data/post_miccai_exps/data/US30k/US30K/ThyroidNodule-TN3K/img/test0147.png,tn3k,test0147,tn3k_test0147,png
/home/user/data/phyusformer_data/post_miccai_exps/data/US30k/US30K/ThyroidNodule-TN3K/img/test0148.png,tn3k,test0148,tn3k_test0148,png
/home/user/data/phyusformer_data/post_miccai_exps/data/US30k/US30K/ThyroidNodule-TN3K/img/test0149.png,tn3k,test0149,tn3k_test0149,png
/home/user/data/phyusformer_data/post_miccai_exps/data/US30k/US30K/ThyroidNodule-TN3K/img/test0150.png,tn3k,test0150,tn3k_test0150,png
/home/user/data/phyusformer_data/post_miccai_exps/data/US30k/US30K/ThyroidNodule-TN3K/img/test0151.png,tn3k,test0151,tn3k_test0151,png
/home/user/data/phyusformer_data/post_miccai_exps/data/US30k/US30K/ThyroidNodule-TN3K/img/test0152.png,tn3k,test0152,tn3k_test0152,png
/home/user/data/phyusformer_data/post_miccai_exps/data/US30k/US30K/ThyroidNodule-TN3K/img/test0153.png,tn3k,test0153,tn3k_test0153,png
/home/user/data/phyusformer_data/post_miccai_exps/data/US30k/US30K/ThyroidNodule-TN3K/img/test0154.png,tn3k,test0154,tn3k_test0154,png
/home/user/data/phyusformer_data/post_miccai_exps/data/US30k/US30K/ThyroidNodule-TN3K/img/test0155.png,tn3k,test0155,tn3k_test0155,png
/home/user/data/phyusformer_data/post_miccai_exps/data/US30k/US30K/ThyroidNodule-TN3K/img/test0156.png,tn3k,test0156,tn3k_test0156,png
/home/user/data/phyusformer_data/post_miccai_exps/data/US30k/US30K/ThyroidNodule-TN3K/img/test0157.png,tn3k,test0157,tn3k_test0157,png
/home/user/data/phyusformer_data/post_miccai_exps/data/US30k/US30K/ThyroidNodule-TN3K/img/test0158.png,tn3k,test0158,tn3k_test0158,png
/home/user/data/phyusformer_data/post_miccai_exps/data/US30k/US30K/ThyroidNodule-TN3K/img/test0159.png,tn3k,test0159,tn3k_test0159,png
/home/user/data/phyusformer_data/post_miccai_exps/data/US30k/US30K/ThyroidNodule-TN3K/img/test0160.png,tn3k,test0160,tn3k_test0160,png
/home/user/data/phyusformer_data/post_miccai_exps/data/US30k/US30K/ThyroidNodule-TN3K/img/test0161.png,tn3k,test0161,tn3k_test0161,png
/home/user/data/phyusformer_data/post_miccai_exps/data/US30k/US30K/ThyroidNodule-TN3K/img/test0162.png,tn3k,test0162,tn3k_test0162,png
/home/user/data/phyusformer_data/post_miccai_exps/data/US30k/US30K/ThyroidNodule-TN3K/img/test0163.png,tn3k,test0163,tn3k_test0163,png
/home/user/data/phyusformer_data/post_miccai_exps/data/US30k/US30K/ThyroidNodule-TN3K/img/test0164.png,tn3k,test0164,tn3k_test0164,png
/home/user/data/phyusformer_data/post_miccai_exps/data/US30k/US30K/ThyroidNodule-TN3K/img/test0165.png,tn3k,test0165,tn3k_test0165,png
/home/user/data/phyusformer_data/post_miccai_exps/data/US30k/US30K/ThyroidNodule-TN3K/img/test0166.png,tn3k,test0166,tn3k_test0166,png
/home/user/data/phyusformer_data/post_miccai_exps/data/US30k/US30K/ThyroidNodule-TN3K/img/test0167.png,tn3k,test0167,tn3k_test0167,png
/home/user/data/phyusformer_data/post_miccai_exps/data/US30k/US30K/ThyroidNodule-TN3K/img/test0168.png,tn3k,test0168,tn3k_test0168,png
/home/user/data/phyusformer_data/post_miccai_exps/data/US30k/US30K/ThyroidNodule-TN3K/img/test0169.png,tn3k,test0169,tn3k_test0169,png
/home/user/data/phyusformer_data/post_miccai_exps/data/US30k/US30K/ThyroidNodule-TN3K/img/test0170.png,tn3k,test0170,tn3k_test0170,png
/home/user/data/phyusformer_data/post_miccai_exps/data/US30k/US30K/ThyroidNodule-TN3K/img/test0171.png,tn3k,test0171,tn3k_test0171,png
/home/user/data/phyusformer_data/post_miccai_exps/data/US30k/US30K/ThyroidNodule-TN3K/img/test0172.png,tn3k,test0172,tn3k_test0172,png
/home/user/data/phyusformer_data/post_miccai_exps/data/US30k/US30K/ThyroidNodule-TN3K/img/test0173.png,tn3k,test0173,tn3k_test0173,png
/home/user/data/phyusformer_data/post_miccai_exps/data/US30k/US30K/ThyroidNodule-TN3K/img/test0174.png,tn3k,test0174,tn3k_test0174,png
/home/user/data/phyusformer_data/post_miccai_exps/data/US30k/US30K/ThyroidNodule-TN3K/img/test0175.png,tn3k,test0175,tn3k_test0175,png
/home/user/data/phyusformer_data/post_miccai_exps/data/US30k/US30K/ThyroidNodule-TN3K/img/test0176.png,tn3k,test0176,tn3k_test0176,png
/home/user/data/phyusformer_data/post_miccai_exps/data/US30k/US30K/ThyroidNodule-TN3K/img/test0177.png,tn3k,test0177,tn3k_test0177,png
/home/user/data/phyusformer_data/post_miccai_exps/data/US30k/US30K/ThyroidNodule-TN3K/img/test0178.png,tn3k,test0178,tn3k_test0178,png
/home/user/data/phyusformer_data/post_miccai_exps/data/US30k/US30K/ThyroidNodule-TN3K/img/test0179.png,tn3k,test0179,tn3k_test0179,png
/home/user/data/phyusformer_data/post_miccai_exps/data/US30k/US30K/ThyroidNodule-TN3K/img/test0180.png,tn3k,test0180,tn3k_test0180,png
/home/user/data/phyusformer_data/post_miccai_exps/data/US30k/US30K/ThyroidNodule-TN3K/img/test0181.png,tn3k,test0181,tn3k_test0181,png
/home/user/data/phyusformer_data/post_miccai_exps/data/US30k/US30K/ThyroidNodule-TN3K/img/test0182.png,tn3k,test0182,tn3k_test0182,png
/home/user/data/phyusformer_data/post_miccai_exps/data/US30k/US30K/ThyroidNodule-TN3K/img/test0183.png,tn3k,test0183,tn3k_test0183,png
/home/user/data/phyusformer_data/post_miccai_exps/data/US30k/US30K/ThyroidNodule-TN3K/img/test0184.png,tn3k,test0184,tn3k_test0184,png
/home/user/data/phyusformer_data/post_miccai_exps/data/US30k/US30K/ThyroidNodule-TN3K/img/test0185.png,tn3k,test0185,tn3k_test0185,png
/home/user/data/phyusformer_data/post_miccai_exps/data/US30k/US30K/ThyroidNodule-TN3K/img/test0186.png,tn3k,test0186,tn3k_test0186,png
/home/user/data/phyusformer_data/post_miccai_exps/data/US30k/US30K/ThyroidNodule-TN3K/img/test0187.png,tn3k,test0187,tn3k_test0187,png
/home/user/data/phyusformer_data/post_miccai_exps/data/US30k/US30K/ThyroidNodule-TN3K/img/test0188.png,tn3k,test0188,tn3k_test0188,png
/home/user/data/phyusformer_data/post_miccai_exps/data/US30k/US30K/ThyroidNodule-TN3K/img/test0189.png,tn3k,test0189,tn3k_test0189,png
/home/user/data/phyusformer_data/post_miccai_exps/data/US30k/US30K/ThyroidNodule-TN3K/img/test0190.png,tn3k,test0190,tn3k_test0190,png
/home/user/data/phyusformer_data/post_miccai_exps/data/US30k/US30K/ThyroidNodule-TN3K/img/test0191.png,tn3k,test0191,tn3k_test0191,png
/home/user/data/phyusformer_data/post_miccai_exps/data/US30k/US30K/ThyroidNodule-TN3K/img/test0192.png,tn3k,test0192,tn3k_test0192,png
/home/user/data/phyusformer_data/post_miccai_exps/data/US30k/US30K/ThyroidNodule-TN3K/img/test0193.png,tn3k,test0193,tn3k_test0193,png
/home/user/data/phyusformer_data/post_miccai_exps/data/US30k/US30K/ThyroidNodule-TN3K/img/test0194.png,tn3k,test0194,tn3k_test0194,png
/home/user/data/phyusformer_data/post_miccai_exps/data/US30k/US30K/ThyroidNodule-TN3K/img/test0195.png,tn3k,test0195,tn3k_test0195,png
/home/user/data/phyusformer_data/post_miccai_exps/data/US30k/US30K/ThyroidNodule-TN3K/img/test0196.png,tn3k,test0196,tn3k_test0196,png
/home/user/data/phyusformer_data/post_miccai_exps/data/US30k/US30K/ThyroidNodule-TN3K/img/test0197.png,tn3k,test0197,tn3k_test0197,png
/home/user/data/phyusformer_data/post_miccai_exps/data/US30k/US30K/ThyroidNodule-TN3K/img/test0198.png,tn3k,test0198,tn3k_test0198,png
/home/user/data/phyusformer_data/post_miccai_exps/data/US30k/US30K/ThyroidNodule-TN3K/img/test0199.png,tn3k,test0199,tn3k_test0199,png
/home/user/data/phyusformer_data/post_miccai_exps/data/US30k/US30K/ThyroidNodule-TN3K/img/test0200.png,tn3k,test0200,tn3k_test0200,png
/home/user/data/phyusformer_data/post_miccai_exps/data/US30k/US30K/ThyroidNodule-TN3K/img/test0201.png,tn3k,test0201,tn3k_test0201,png
/home/user/data/phyusformer_data/post_miccai_exps/data/US30k/US30K/ThyroidNodule-TN3K/img/test0202.png,tn3k,test0202,tn3k_test0202,png
/home/user/data/phyusformer_data/post_miccai_exps/data/US30k/US30K/ThyroidNodule-TN3K/img/test0203.png,tn3k,test0203,tn3k_test0203,png
/home/user/data/phyusformer_data/post_miccai_exps/data/US30k/US30K/ThyroidNodule-TN3K/img/test0204.png,tn3k,test0204,tn3k_test0204,png
/home/user/data/phyusformer_data/post_miccai_exps/data/US30k/US30K/ThyroidNodule-TN3K/img/test0205.png,tn3k,test0205,tn3k_test0205,png
/home/user/data/phyusformer_data/post_miccai_exps/data/US30k/US30K/ThyroidNodule-TN3K/img/test0206.png,tn3k,test0206,tn3k_test0206,png
/home/user/data/phyusformer_data/post_miccai_exps/data/US30k/US30K/ThyroidNodule-TN3K/img/test0207.png,tn3k,test0207,tn3k_test0207,png
/home/user/data/phyusformer_data/post_miccai_exps/data/US30k/US30K/ThyroidNodule-TN3K/img/test0208.png,tn3k,test0208,tn3k_test0208,png
/home/user/data/phyusformer_data/post_miccai_exps/data/US30k/US30K/ThyroidNodule-TN3K/img/test0209.png,tn3k,test0209,tn3k_test0209,png
/home/user/data/phyusformer_data/post_miccai_exps/data/US30k/US30K/ThyroidNodule-TN3K/img/test0210.png,tn3k,test0210,tn3k_test0210,png
/home/user/data/phyusformer_data/post_miccai_exps/data/US30k/US30K/ThyroidNodule-TN3K/img/test0211.png,tn3k,test0211,tn3k_test0211,png
/home/user/data/phyusformer_data/post_miccai_exps/data/US30k/US30K/ThyroidNodule-TN3K/img/test0212.png,tn3k,test0212,tn3k_test0212,png
/home/user/data/phyusformer_data/post_miccai_exps/data/US30k/US30K/ThyroidNodule-TN3K/img/test0213.png,tn3k,test0213,tn3k_test0213,png
/home/user/data/phyusformer_data/post_miccai_exps/data/US30k/US30K/ThyroidNodule-TN3K/img/test0214.png,tn3k,test0214,tn3k_test0214,png
/home/user/data/phyusformer_data/post_miccai_exps/data/US30k/US30K/ThyroidNodule-TN3K/img/test0215.png,tn3k,test0215,tn3k_test0215,png
/home/user/data/phyusformer_data/post_miccai_exps/data/US30k/US30K/ThyroidNodule-TN3K/img/test0216.png,tn3k,test0216,tn3k_test0216,png
/home/user/data/phyusformer_data/post_miccai_exps/data/US30k/US30K/ThyroidNodule-TN3K/img/test0217.png,tn3k,test0217,tn3k_test0217,png
/home/user/data/phyusformer_data/post_miccai_exps/data/US30k/US30K/ThyroidNodule-TN3K/img/test0218.png,tn3k,test0218,tn3k_test0218,png
/home/user/data/phyusformer_data/post_miccai_exps/data/US30k/US30K/ThyroidNodule-TN3K/img/test0219.png,tn3k,test0219,tn3k_test0219,png
/home/user/data/phyusformer_data/post_miccai_exps/data/US30k/US30K/ThyroidNodule-TN3K/img/test0220.png,tn3k,test0220,tn3k_test0220,png
/home/user/data/phyusformer_data/post_miccai_exps/data/US30k/US30K/ThyroidNodule-TN3K/img/test0221.png,tn3k,test0221,tn3k_test0221,png
/home/user/data/phyusformer_data/post_miccai_exps/data/US30k/US30K/ThyroidNodule-TN3K/img/test0222.png,tn3k,test0222,tn3k_test0222,png
/home/user/data/phyusformer_data/post_miccai_exps/data/US30k/US30K/ThyroidNodule-TN3K/img/test0223.png,tn3k,test0223,tn3k_test0223,png
/home/user/data/phyusformer_data/post_miccai_exps/data/US30k/US30K/ThyroidNodule-TN3K/img/test0224.png,tn3k,test0224,tn3k_test0224,png
/home/user/data/phyusformer_data/post_miccai_exps/data/US30k/US30K/ThyroidNodule-TN3K/img/test0225.png,tn3k,test0225,tn3k_test0225,png
/home/user/data/phyusformer_data/post_miccai_exps/data/US30k/US30K/ThyroidNodule-TN3K/img/test0226.png,tn3k,test0226,tn3k_test0226,png
/home/user/data/phyusformer_data/post_miccai_exps/data/US30k/US30K/ThyroidNodule-TN3K/img/test0227.png,tn3k,test0227,tn3k_test0227,png
/home/user/data/phyusformer_data/post_miccai_exps/data/US30k/US30K/ThyroidNodule-TN3K/img/test0228.png,tn3k,test0228,tn3k_test0228,png
/home/user/data/phyusformer_data/post_miccai_exps/data/US30k/US30K/ThyroidNodule-TN3K/img/test0229.png,tn3k,test0229,tn3k_test0229,png
/home/user/data/phyusformer_data/post_miccai_exps/data/US30k/US30K/ThyroidNodule-TN3K/img/test0230.png,tn3k,test0230,tn3k_test0230,png
/home/user/data/phyusformer_data/post_miccai_exps/data/US30k/US30K/ThyroidNodule-TN3K/img/test0231.png,tn3k,test0231,tn3k_test0231,png
/home/user/data/phyusformer_data/post_miccai_exps/data/US30k/US30K/ThyroidNodule-TN3K/img/test0232.png,tn3k,test0232,tn3k_test0232,png
/home/user/data/phyusformer_data/post_miccai_exps/data/US30k/US30K/ThyroidNodule-TN3K/img/test0233.png,tn3k,test0233,tn3k_test0233,png
/home/user/data/phyusformer_data/post_miccai_exps/data/US30k/US30K/ThyroidNodule-TN3K/img/test0234.png,tn3k,test0234,tn3k_test0234,png
/home/user/data/phyusformer_data/post_miccai_exps/data/US30k/US30K/ThyroidNodule-TN3K/img/test0235.png,tn3k,test0235,tn3k_test0235,png
/home/user/data/phyusformer_data/post_miccai_exps/data/US30k/US30K/ThyroidNodule-TN3K/img/test0236.png,tn3k,test0236,tn3k_test0236,png
/home/user/data/phyusformer_data/post_miccai_exps/data/US30k/US30K/ThyroidNodule-TN3K/img/test0237.png,tn3k,test0237,tn3k_test0237,png
/home/user/data/phyusformer_data/post_miccai_exps/data/US30k/US30K/ThyroidNodule-TN3K/img/test0238.png,tn3k,test0238,tn3k_test0238,png
/home/user/data/phyusformer_data/post_miccai_exps/data/US30k/US30K/ThyroidNodule-TN3K/img/test0239.png,tn3k,test0239,tn3k_test0239,png
/home/user/data/phyusformer_data/post_miccai_exps/data/US30k/US30K/ThyroidNodule-TN3K/img/test0240.png,tn3k,test0240,tn3k_test0240,png
/home/user/data/phyusformer_data/post_miccai_exps/data/US30k/US30K/ThyroidNodule-TN3K/img/test0241.png,tn3k,test0241,tn3k_test0241,png
/home/user/data/phyusformer_data/post_miccai_exps/data/US30k/US30K/ThyroidNodule-TN3K/img/test0242.png,tn3k,test0242,tn3k_test0242,png
/home/user/data/phyusformer_data/post_miccai_exps/data/US30k/US30K/ThyroidNodule-TN3K/img/test0243.png,tn3k,test0243,tn3k_test0243,png
/home/user/data/phyusformer_data/post_miccai_exps/data/US30k/US30K/ThyroidNodule-TN3K/img/test0244.png,tn3k,test0244,tn3k_test0244,png
/home/user/data/phyusformer_data/post_miccai_exps/data/US30k/US30K/ThyroidNodule-TN3K/img/test0245.png,tn3k,test0245,tn3k_test0245,png
/home/user/data/phyusformer_data/post_miccai_exps/data/US30k/US30K/ThyroidNodule-TN3K/img/test0246.png,tn3k,test0246,tn3k_test0246,png
/home/user/data/phyusformer_data/post_miccai_exps/data/US30k/US30K/ThyroidNodule-TN3K/img/test0247.png,tn3k,test0247,tn3k_test0247,png
/home/user/data/phyusformer_data/post_miccai_exps/data/US30k/US30K/ThyroidNodule-TN3K/img/test0248.png,tn3k,test0248,tn3k_test0248,png
/home/user/data/phyusformer_data/post_miccai_exps/data/US30k/US30K/ThyroidNodule-TN3K/img/test0249.png,tn3k,test0249,tn3k_test0249,png
/home/user/data/phyusformer_data/post_miccai_exps/data/US30k/US30K/ThyroidNodule-TN3K/img/test0250.png,tn3k,test0250,tn3k_test0250,png
/home/user/data/phyusformer_data/post_miccai_exps/data/US30k/US30K/ThyroidNodule-TN3K/img/test0251.png,tn3k,test0251,tn3k_test0251,png
/home/user/data/phyusformer_data/post_miccai_exps/data/US30k/US30K/ThyroidNodule-TN3K/img/test0252.png,tn3k,test0252,tn3k_test0252,png
/home/user/data/phyusformer_data/post_miccai_exps/data/US30k/US30K/ThyroidNodule-TN3K/img/test0253.png,tn3k,test0253,tn3k_test0253,png
/home/user/data/phyusformer_data/post_miccai_exps/data/US30k/US30K/ThyroidNodule-TN3K/img/test0254.png,tn3k,test0254,tn3k_test0254,png
/home/user/data/phyusformer_data/post_miccai_exps/data/US30k/US30K/ThyroidNodule-TN3K/img/test0255.png,tn3k,test0255,tn3k_test0255,png
/home/user/data/phyusformer_data/post_miccai_exps/data/US30k/US30K/ThyroidNodule-TN3K/img/test0256.png,tn3k,test0256,tn3k_test0256,png
/home/user/data/phyusformer_data/post_miccai_exps/data/US30k/US30K/ThyroidNodule-TN3K/img/test0257.png,tn3k,test0257,tn3k_test0257,png
/home/user/data/phyusformer_data/post_miccai_exps/data/US30k/US30K/ThyroidNodule-TN3K/img/test0258.png,tn3k,test0258,tn3k_test0258,png
/home/user/data/phyusformer_data/post_miccai_exps/data/US30k/US30K/ThyroidNodule-TN3K/img/test0259.png,tn3k,test0259,tn3k_test0259,png
/home/user/data/phyusformer_data/post_miccai_exps/data/US30k/US30K/ThyroidNodule-TN3K/img/test0260.png,tn3k,test0260,tn3k_test0260,png
/home/user/data/phyusformer_data/post_miccai_exps/data/US30k/US30K/ThyroidNodule-TN3K/img/test0261.png,tn3k,test0261,tn3k_test0261,png
/home/user/data/phyusformer_data/post_miccai_exps/data/US30k/US30K/ThyroidNodule-TN3K/img/test0262.png,tn3k,test0262,tn3k_test0262,png
/home/user/data/phyusformer_data/post_miccai_exps/data/US30k/US30K/ThyroidNodule-TN3K/img/test0263.png,tn3k,test0263,tn3k_test0263,png
/home/user/data/phyusformer_data/post_miccai_exps/data/US30k/US30K/ThyroidNodule-TN3K/img/test0264.png,tn3k,test0264,tn3k_test0264,png
/home/user/data/phyusformer_data/post_miccai_exps/data/US30k/US30K/ThyroidNodule-TN3K/img/test0265.png,tn3k,test0265,tn3k_test0265,png
/home/user/data/phyusformer_data/post_miccai_exps/data/US30k/US30K/ThyroidNodule-TN3K/img/test0266.png,tn3k,test0266,tn3k_test0266,png
/home/user/data/phyusformer_data/post_miccai_exps/data/US30k/US30K/ThyroidNodule-TN3K/img/test0267.png,tn3k,test0267,tn3k_test0267,png
/home/user/data/phyusformer_data/post_miccai_exps/data/US30k/US30K/ThyroidNodule-TN3K/img/test0268.png,tn3k,test0268,tn3k_test0268,png
/home/user/data/phyusformer_data/post_miccai_exps/data/US30k/US30K/ThyroidNodule-TN3K/img/test0269.png,tn3k,test0269,tn3k_test0269,png
/home/user/data/phyusformer_data/post_miccai_exps/data/US30k/US30K/ThyroidNodule-TN3K/img/test0270.png,tn3k,test0270,tn3k_test0270,png
/home/user/data/phyusformer_data/post_miccai_exps/data/US30k/US30K/ThyroidNodule-TN3K/img/test0271.png,tn3k,test0271,tn3k_test0271,png
/home/user/data/phyusformer_data/post_miccai_exps/data/US30k/US30K/ThyroidNodule-TN3K/img/test0272.png,tn3k,test0272,tn3k_test0272,png
/home/user/data/phyusformer_data/post_miccai_exps/data/US30k/US30K/ThyroidNodule-TN3K/img/test0273.png,tn3k,test0273,tn3k_test0273,png
/home/user/data/phyusformer_data/post_miccai_exps/data/US30k/US30K/ThyroidNodule-TN3K/img/test0274.png,tn3k,test0274,tn3k_test0274,png
/home/user/data/phyusformer_data/post_miccai_exps/data/US30k/US30K/ThyroidNodule-TN3K/img/test0275.png,tn3k,test0275,tn3k_test0275,png
/home/user/data/phyusformer_data/post_miccai_exps/data/US30k/US30K/ThyroidNodule-TN3K/img/test0276.png,tn3k,test0276,tn3k_test0276,png
/home/user/data/phyusformer_data/post_miccai_exps/data/US30k/US30K/ThyroidNodule-TN3K/img/test0277.png,tn3k,test0277,tn3k_test0277,png
/home/user/data/phyusformer_data/post_miccai_exps/data/US30k/US30K/ThyroidNodule-TN3K/img/test0278.png,tn3k,test0278,tn3k_test0278,png
/home/user/data/phyusformer_data/post_miccai_exps/data/US30k/US30K/ThyroidNodule-TN3K/img/test0279.png,tn3k,test0279,tn3k_test0279,png
/home/user/data/phyusformer_data/post_miccai_exps/data/US30k/US30K/ThyroidNodule-TN3K/img/test0280.png,tn3k,test0280,tn3k_test0280,png
/home/user/data/phyusformer_data/post_miccai_exps/data/US30k/US30K/ThyroidNodule-TN3K/img/test0281.png,tn3k,test0281,tn3k_test0281,png
/home/user/data/phyusformer_data/post_miccai_exps/data/US30k/US30K/ThyroidNodule-TN3K/img/test0282.png,tn3k,test0282,tn3k_test0282,png
/home/user/data/phyusformer_data/post_miccai_exps/data/US30k/US30K/ThyroidNodule-TN3K/img/test0283.png,tn3k,test0283,tn3k_test0283,png
/home/user/data/phyusformer_data/post_miccai_exps/data/US30k/US30K/ThyroidNodule-TN3K/img/test0284.png,tn3k,test0284,tn3k_test0284,png
/home/user/data/phyusformer_data/post_miccai_exps/data/US30k/US30K/ThyroidNodule-TN3K/img/test0285.png,tn3k,test0285,tn3k_test0285,png
/home/user/data/phyusformer_data/post_miccai_exps/data/US30k/US30K/ThyroidNodule-TN3K/img/test0286.png,tn3k,test0286,tn3k_test0286,png
/home/user/data/phyusformer_data/post_miccai_exps/data/US30k/US30K/ThyroidNodule-TN3K/img/test0287.png,tn3k,test0287,tn3k_test0287,png
/home/user/data/phyusformer_data/post_miccai_exps/data/US30k/US30K/ThyroidNodule-TN3K/img/test0288.png,tn3k,test0288,tn3k_test0288,png
/home/user/data/phyusformer_data/post_miccai_exps/data/US30k/US30K/ThyroidNodule-TN3K/img/test0289.png,tn3k,test0289,tn3k_test0289,png
/home/user/data/phyusformer_data/post_miccai_exps/data/US30k/US30K/ThyroidNodule-TN3K/img/test0290.png,tn3k,test0290,tn3k_test0290,png
/home/user/data/phyusformer_data/post_miccai_exps/data/US30k/US30K/ThyroidNodule-TN3K/img/test0291.png,tn3k,test0291,tn3k_test0291,png
/home/user/data/phyusformer_data/post_miccai_exps/data/US30k/US30K/ThyroidNodule-TN3K/img/test0292.png,tn3k,test0292,tn3k_test0292,png
/home/user/data/phyusformer_data/post_miccai_exps/data/US30k/US30K/ThyroidNodule-TN3K/img/test0293.png,tn3k,test0293,tn3k_test0293,png
/home/user/data/phyusformer_data/post_miccai_exps/data/US30k/US30K/ThyroidNodule-TN3K/img/test0294.png,tn3k,test0294,tn3k_test0294,png
/home/user/data/phyusformer_data/post_miccai_exps/data/US30k/US30K/ThyroidNodule-TN3K/img/test0295.png,tn3k,test0295,tn3k_test0295,png
/home/user/data/phyusformer_data/post_miccai_exps/data/US30k/US30K/ThyroidNodule-TN3K/img/test0296.png,tn3k,test0296,tn3k_test0296,png
/home/user/data/phyusformer_data/post_miccai_exps/data/US30k/US30K/ThyroidNodule-TN3K/img/test0297.png,tn3k,test0297,tn3k_test0297,png
/home/user/data/phyusformer_data/post_miccai_exps/data/US30k/US30K/ThyroidNodule-TN3K/img/test0298.png,tn3k,test0298,tn3k_test0298,png
/home/user/data/phyusformer_data/post_miccai_exps/data/US30k/US30K/ThyroidNodule-TN3K/img/test0299.png,tn3k,test0299,tn3k_test0299,png
/home/user/data/phyusformer_data/post_miccai_exps/data/US30k/US30K/ThyroidNodule-TN3K/img/test0300.png,tn3k,test0300,tn3k_test0300,png
/home/user/data/phyusformer_data/post_miccai_exps/data/US30k/US30K/ThyroidNodule-TN3K/img/test0301.png,tn3k,test0301,tn3k_test0301,png
/home/user/data/phyusformer_data/post_miccai_exps/data/US30k/US30K/ThyroidNodule-TN3K/img/test0302.png,tn3k,test0302,tn3k_test0302,png
/home/user/data/phyusformer_data/post_miccai_exps/data/US30k/US30K/ThyroidNodule-TN3K/img/test0303.png,tn3k,test0303,tn3k_test0303,png
/home/user/data/phyusformer_data/post_miccai_exps/data/US30k/US30K/ThyroidNodule-TN3K/img/test0304.png,tn3k,test0304,tn3k_test0304,png
/home/user/data/phyusformer_data/post_miccai_exps/data/US30k/US30K/ThyroidNodule-TN3K/img/test0305.png,tn3k,test0305,tn3k_test0305,png
/home/user/data/phyusformer_data/post_miccai_exps/data/US30k/US30K/ThyroidNodule-TN3K/img/test0306.png,tn3k,test0306,tn3k_test0306,png
/home/user/data/phyusformer_data/post_miccai_exps/data/US30k/US30K/ThyroidNodule-TN3K/img/test0307.png,tn3k,test0307,tn3k_test0307,png
/home/user/data/phyusformer_data/post_miccai_exps/data/US30k/US30K/ThyroidNodule-TN3K/img/test0308.png,tn3k,test0308,tn3k_test0308,png
/home/user/data/phyusformer_data/post_miccai_exps/data/US30k/US30K/ThyroidNodule-TN3K/img/test0309.png,tn3k,test0309,tn3k_test0309,png
/home/user/data/phyusformer_data/post_miccai_exps/data/US30k/US30K/ThyroidNodule-TN3K/img/test0310.png,tn3k,test0310,tn3k_test0310,png
/home/user/data/phyusformer_data/post_miccai_exps/data/US30k/US30K/ThyroidNodule-TN3K/img/test0311.png,tn3k,test0311,tn3k_test0311,png
/home/user/data/phyusformer_data/post_miccai_exps/data/US30k/US30K/ThyroidNodule-TN3K/img/test0312.png,tn3k,test0312,tn3k_test0312,png
/home/user/data/phyusformer_data/post_miccai_exps/data/US30k/US30K/ThyroidNodule-TN3K/img/test0313.png,tn3k,test0313,tn3k_test0313,png
/home/user/data/phyusformer_data/post_miccai_exps/data/US30k/US30K/ThyroidNodule-TN3K/img/test0314.png,tn3k,test0314,tn3k_test0314,png
/home/user/data/phyusformer_data/post_miccai_exps/data/US30k/US30K/ThyroidNodule-TN3K/img/test0315.png,tn3k,test0315,tn3k_test0315,png
/home/user/data/phyusformer_data/post_miccai_exps/data/US30k/US30K/ThyroidNodule-TN3K/img/test0316.png,tn3k,test0316,tn3k_test0316,png
/home/user/data/phyusformer_data/post_miccai_exps/data/US30k/US30K/ThyroidNodule-TN3K/img/test0317.png,tn3k,test0317,tn3k_test0317,png
/home/user/data/phyusformer_data/post_miccai_exps/data/US30k/US30K/ThyroidNodule-TN3K/img/test0318.png,tn3k,test0318,tn3k_test0318,png
/home/user/data/phyusformer_data/post_miccai_exps/data/US30k/US30K/ThyroidNodule-TN3K/img/test0319.png,tn3k,test0319,tn3k_test0319,png
/home/user/data/phyusformer_data/post_miccai_exps/data/US30k/US30K/ThyroidNodule-TN3K/img/test0320.png,tn3k,test0320,tn3k_test0320,png
/home/user/data/phyusformer_data/post_miccai_exps/data/US30k/US30K/ThyroidNodule-TN3K/img/test0321.png,tn3k,test0321,tn3k_test0321,png
/home/user/data/phyusformer_data/post_miccai_exps/data/US30k/US30K/ThyroidNodule-TN3K/img/test0322.png,tn3k,test0322,tn3k_test0322,png
/home/user/data/phyusformer_data/post_miccai_exps/data/US30k/US30K/ThyroidNodule-TN3K/img/test0323.png,tn3k,test0323,tn3k_test0323,png
/home/user/data/phyusformer_data/post_miccai_exps/data/US30k/US30K/ThyroidNodule-TN3K/img/test0324.png,tn3k,test0324,tn3k_test0324,png
/home/user/data/phyusformer_data/post_miccai_exps/data/US30k/US30K/ThyroidNodule-TN3K/img/test0325.png,tn3k,test0325,tn3k_test0325,png
/home/user/data/phyusformer_data/post_miccai_exps/data/US30k/US30K/ThyroidNodule-TN3K/img/test0326.png,tn3k,test0326,tn3k_test0326,png
/home/user/data/phyusformer_data/post_miccai_exps/data/US30k/US30K/ThyroidNodule-TN3K/img/test0327.png,tn3k,test0327,tn3k_test0327,png
/home/user/data/phyusformer_data/post_miccai_exps/data/US30k/US30K/ThyroidNodule-TN3K/img/test0328.png,tn3k,test0328,tn3k_test0328,png
/home/user/data/phyusformer_data/post_miccai_exps/data/US30k/US30K/ThyroidNodule-TN3K/img/test0329.png,tn3k,test0329,tn3k_test0329,png
/home/user/data/phyusformer_data/post_miccai_exps/data/US30k/US30K/ThyroidNodule-TN3K/img/test0330.png,tn3k,test0330,tn3k_test0330,png
/home/user/data/phyusformer_data/post_miccai_exps/data/US30k/US30K/ThyroidNodule-TN3K/img/test0331.png,tn3k,test0331,tn3k_test0331,png
/home/user/data/phyusformer_data/post_miccai_exps/data/US30k/US30K/ThyroidNodule-TN3K/img/test0332.png,tn3k,test0332,tn3k_test0332,png
/home/user/data/phyusformer_data/post_miccai_exps/data/US30k/US30K/ThyroidNodule-TN3K/img/test0333.png,tn3k,test0333,tn3k_test0333,png
/home/user/data/phyusformer_data/post_miccai_exps/data/US30k/US30K/ThyroidNodule-TN3K/img/test0334.png,tn3k,test0334,tn3k_test0334,png
/home/user/data/phyusformer_data/post_miccai_exps/data/US30k/US30K/ThyroidNodule-TN3K/img/test0335.png,tn3k,test0335,tn3k_test0335,png
/home/user/data/phyusformer_data/post_miccai_exps/data/US30k/US30K/ThyroidNodule-TN3K/img/test0336.png,tn3k,test0336,tn3k_test0336,png
/home/user/data/phyusformer_data/post_miccai_exps/data/US30k/US30K/ThyroidNodule-TN3K/img/test0337.png,tn3k,test0337,tn3k_test0337,png
/home/user/data/phyusformer_data/post_miccai_exps/data/US30k/US30K/ThyroidNodule-TN3K/img/test0338.png,tn3k,test0338,tn3k_test0338,png
/home/user/data/phyusformer_data/post_miccai_exps/data/US30k/US30K/ThyroidNodule-TN3K/img/test0339.png,tn3k,test0339,tn3k_test0339,png
/home/user/data/phyusformer_data/post_miccai_exps/data/US30k/US30K/ThyroidNodule-TN3K/img/test0340.png,tn3k,test0340,tn3k_test0340,png
/home/user/data/phyusformer_data/post_miccai_exps/data/US30k/US30K/ThyroidNodule-TN3K/img/test0341.png,tn3k,test0341,tn3k_test0341,png
/home/user/data/phyusformer_data/post_miccai_exps/data/US30k/US30K/ThyroidNodule-TN3K/img/test0342.png,tn3k,test0342,tn3k_test0342,png
/home/user/data/phyusformer_data/post_miccai_exps/data/US30k/US30K/ThyroidNodule-TN3K/img/test0343.png,tn3k,test0343,tn3k_test0343,png
/home/user/data/phyusformer_data/post_miccai_exps/data/US30k/US30K/ThyroidNodule-TN3K/img/test0344.png,tn3k,test0344,tn3k_test0344,png
/home/user/data/phyusformer_data/post_miccai_exps/data/US30k/US30K/ThyroidNodule-TN3K/img/test0345.png,tn3k,test0345,tn3k_test0345,png
/home/user/data/phyusformer_data/post_miccai_exps/data/US30k/US30K/ThyroidNodule-TN3K/img/test0346.png,tn3k,test0346,tn3k_test0346,png
/home/user/data/phyusformer_data/post_miccai_exps/data/US30k/US30K/ThyroidNodule-TN3K/img/test0347.png,tn3k,test0347,tn3k_test0347,png
/home/user/data/phyusformer_data/post_miccai_exps/data/US30k/US30K/ThyroidNodule-TN3K/img/test0348.png,tn3k,test0348,tn3k_test0348,png
/home/user/data/phyusformer_data/post_miccai_exps/data/US30k/US30K/ThyroidNodule-TN3K/img/test0349.png,tn3k,test0349,tn3k_test0349,png
/home/user/data/phyusformer_data/post_miccai_exps/data/US30k/US30K/ThyroidNodule-TN3K/img/test0350.png,tn3k,test0350,tn3k_test0350,png
/home/user/data/phyusformer_data/post_miccai_exps/data/US30k/US30K/ThyroidNodule-TN3K/img/test0351.png,tn3k,test0351,tn3k_test0351,png
/home/user/data/phyusformer_data/post_miccai_exps/data/US30k/US30K/ThyroidNodule-TN3K/img/test0352.png,tn3k,test0352,tn3k_test0352,png
/home/user/data/phyusformer_data/post_miccai_exps/data/US30k/US30K/ThyroidNodule-TN3K/img/test0353.png,tn3k,test0353,tn3k_test0353,png
/home/user/data/phyusformer_data/post_miccai_exps/data/US30k/US30K/ThyroidNodule-TN3K/img/test0354.png,tn3k,test0354,tn3k_test0354,png
/home/user/data/phyusformer_data/post_miccai_exps/data/US30k/US30K/ThyroidNodule-TN3K/img/test0355.png,tn3k,test0355,tn3k_test0355,png
/home/user/data/phyusformer_data/post_miccai_exps/data/US30k/US30K/ThyroidNodule-TN3K/img/test0356.png,tn3k,test0356,tn3k_test0356,png
/home/user/data/phyusformer_data/post_miccai_exps/data/US30k/US30K/ThyroidNodule-TN3K/img/test0357.png,tn3k,test0357,tn3k_test0357,png
/home/user/data/phyusformer_data/post_miccai_exps/data/US30k/US30K/ThyroidNodule-TN3K/img/test0358.png,tn3k,test0358,tn3k_test0358,png
/home/user/data/phyusformer_data/post_miccai_exps/data/US30k/US30K/ThyroidNodule-TN3K/img/test0359.png,tn3k,test0359,tn3k_test0359,png
/home/user/data/phyusformer_data/post_miccai_exps/data/US30k/US30K/ThyroidNodule-TN3K/img/test0360.png,tn3k,test0360,tn3k_test0360,png
/home/user/data/phyusformer_data/post_miccai_exps/data/US30k/US30K/ThyroidNodule-TN3K/img/test0361.png,tn3k,test0361,tn3k_test0361,png
/home/user/data/phyusformer_data/post_miccai_exps/data/US30k/US30K/ThyroidNodule-TN3K/img/test0362.png,tn3k,test0362,tn3k_test0362,png
/home/user/data/phyusformer_data/post_miccai_exps/data/US30k/US30K/ThyroidNodule-TN3K/img/test0363.png,tn3k,test0363,tn3k_test0363,png
/home/user/data/phyusformer_data/post_miccai_exps/data/US30k/US30K/ThyroidNodule-TN3K/img/test0364.png,tn3k,test0364,tn3k_test0364,png
/home/user/data/phyusformer_data/post_miccai_exps/data/US30k/US30K/ThyroidNodule-TN3K/img/test0365.png,tn3k,test0365,tn3k_test0365,png
/home/user/data/phyusformer_data/post_miccai_exps/data/US30k/US30K/ThyroidNodule-TN3K/img/test0366.png,tn3k,test0366,tn3k_test0366,png
/home/user/data/phyusformer_data/post_miccai_exps/data/US30k/US30K/ThyroidNodule-TN3K/img/test0367.png,tn3k,test0367,tn3k_test0367,png
/home/user/data/phyusformer_data/post_miccai_exps/data/US30k/US30K/ThyroidNodule-TN3K/img/test0368.png,tn3k,test0368,tn3k_test0368,png
/home/user/data/phyusformer_data/post_miccai_exps/data/US30k/US30K/ThyroidNodule-TN3K/img/test0369.png,tn3k,test0369,tn3k_test0369,png
/home/user/data/phyusformer_data/post_miccai_exps/data/US30k/US30K/ThyroidNodule-TN3K/img/test0370.png,tn3k,test0370,tn3k_test0370,png
/home/user/data/phyusformer_data/post_miccai_exps/data/US30k/US30K/ThyroidNodule-TN3K/img/test0371.png,tn3k,test0371,tn3k_test0371,png
/home/user/data/phyusformer_data/post_miccai_exps/data/US30k/US30K/ThyroidNodule-TN3K/img/test0372.png,tn3k,test0372,tn3k_test0372,png
/home/user/data/phyusformer_data/post_miccai_exps/data/US30k/US30K/ThyroidNodule-TN3K/img/test0373.png,tn3k,test0373,tn3k_test0373,png
/home/user/data/phyusformer_data/post_miccai_exps/data/US30k/US30K/ThyroidNodule-TN3K/img/test0374.png,tn3k,test0374,tn3k_test0374,png
/home/user/data/phyusformer_data/post_miccai_exps/data/US30k/US30K/ThyroidNodule-TN3K/img/test0375.png,tn3k,test0375,tn3k_test0375,png
/home/user/data/phyusformer_data/post_miccai_exps/data/US30k/US30K/ThyroidNodule-TN3K/img/test0376.png,tn3k,test0376,tn3k_test0376,png
/home/user/data/phyusformer_data/post_miccai_exps/data/US30k/US30K/ThyroidNodule-TN3K/img/test0377.png,tn3k,test0377,tn3k_test0377,png
/home/user/data/phyusformer_data/post_miccai_exps/data/US30k/US30K/ThyroidNodule-TN3K/img/test0378.png,tn3k,test0378,tn3k_test0378,png
/home/user/data/phyusformer_data/post_miccai_exps/data/US30k/US30K/ThyroidNodule-TN3K/img/test0379.png,tn3k,test0379,tn3k_test0379,png
/home/user/data/phyusformer_data/post_miccai_exps/data/US30k/US30K/ThyroidNodule-TN3K/img/test0380.png,tn3k,test0380,tn3k_test0380,png
/home/user/data/phyusformer_data/post_miccai_exps/data/US30k/US30K/ThyroidNodule-TN3K/img/test0381.png,tn3k,test0381,tn3k_test0381,png
/home/user/data/phyusformer_data/post_miccai_exps/data/US30k/US30K/ThyroidNodule-TN3K/img/test0382.png,tn3k,test0382,tn3k_test0382,png
/home/user/data/phyusformer_data/post_miccai_exps/data/US30k/US30K/ThyroidNodule-TN3K/img/test0383.png,tn3k,test0383,tn3k_test0383,png
/home/user/data/phyusformer_data/post_miccai_exps/data/US30k/US30K/ThyroidNodule-TN3K/img/test0384.png,tn3k,test0384,tn3k_test0384,png
/home/user/data/phyusformer_data/post_miccai_exps/data/US30k/US30K/ThyroidNodule-TN3K/img/test0385.png,tn3k,test0385,tn3k_test0385,png
/home/user/data/phyusformer_data/post_miccai_exps/data/US30k/US30K/ThyroidNodule-TN3K/img/test0386.png,tn3k,test0386,tn3k_test0386,png
/home/user/data/phyusformer_data/post_miccai_exps/data/US30k/US30K/ThyroidNodule-TN3K/img/test0387.png,tn3k,test0387,tn3k_test0387,png
/home/user/data/phyusformer_data/post_miccai_exps/data/US30k/US30K/ThyroidNodule-TN3K/img/test0388.png,tn3k,test0388,tn3k_test0388,png
/home/user/data/phyusformer_data/post_miccai_exps/data/US30k/US30K/ThyroidNodule-TN3K/img/test0389.png,tn3k,test0389,tn3k_test0389,png
/home/user/data/phyusformer_data/post_miccai_exps/data/US30k/US30K/ThyroidNodule-TN3K/img/test0390.png,tn3k,test0390,tn3k_test0390,png
/home/user/data/phyusformer_data/post_miccai_exps/data/US30k/US30K/ThyroidNodule-TN3K/img/test0391.png,tn3k,test0391,tn3k_test0391,png
/home/user/data/phyusformer_data/post_miccai_exps/data/US30k/US30K/ThyroidNodule-TN3K/img/test0392.png,tn3k,test0392,tn3k_test0392,png
/home/user/data/phyusformer_data/post_miccai_exps/data/US30k/US30K/ThyroidNodule-TN3K/img/test0393.png,tn3k,test0393,tn3k_test0393,png
/home/user/data/phyusformer_data/post_miccai_exps/data/US30k/US30K/ThyroidNodule-TN3K/img/test0394.png,tn3k,test0394,tn3k_test0394,png
/home/user/data/phyusformer_data/post_miccai_exps/data/US30k/US30K/ThyroidNodule-TN3K/img/test0395.png,tn3k,test0395,tn3k_test0395,png
/home/user/data/phyusformer_data/post_miccai_exps/data/US30k/US30K/ThyroidNodule-TN3K/img/test0396.png,tn3k,test0396,tn3k_test0396,png
/home/user/data/phyusformer_data/post_miccai_exps/data/US30k/US30K/ThyroidNodule-TN3K/img/test0397.png,tn3k,test0397,tn3k_test0397,png
/home/user/data/phyusformer_data/post_miccai_exps/data/US30k/US30K/ThyroidNodule-TN3K/img/test0398.png,tn3k,test0398,tn3k_test0398,png
/home/user/data/phyusformer_data/post_miccai_exps/data/US30k/US30K/ThyroidNodule-TN3K/img/test0399.png,tn3k,test0399,tn3k_test0399,png
/home/user/data/phyusformer_data/post_miccai_exps/data/US30k/US30K/ThyroidNodule-TN3K/img/test0400.png,tn3k,test0400,tn3k_test0400,png
/home/user/data/phyusformer_data/post_miccai_exps/data/US30k/US30K/ThyroidNodule-TN3K/img/test0401.png,tn3k,test0401,tn3k_test0401,png
/home/user/data/phyusformer_data/post_miccai_exps/data/US30k/US30K/ThyroidNodule-TN3K/img/test0402.png,tn3k,test0402,tn3k_test0402,png
/home/user/data/phyusformer_data/post_miccai_exps/data/US30k/US30K/ThyroidNodule-TN3K/img/test0403.png,tn3k,test0403,tn3k_test0403,png
/home/user/data/phyusformer_data/post_miccai_exps/data/US30k/US30K/ThyroidNodule-TN3K/img/test0404.png,tn3k,test0404,tn3k_test0404,png
/home/user/data/phyusformer_data/post_miccai_exps/data/US30k/US30K/ThyroidNodule-TN3K/img/test0405.png,tn3k,test0405,tn3k_test0405,png
/home/user/data/phyusformer_data/post_miccai_exps/data/US30k/US30K/ThyroidNodule-TN3K/img/test0406.png,tn3k,test0406,tn3k_test0406,png
/home/user/data/phyusformer_data/post_miccai_exps/data/US30k/US30K/ThyroidNodule-TN3K/img/test0407.png,tn3k,test0407,tn3k_test0407,png
/home/user/data/phyusformer_data/post_miccai_exps/data/US30k/US30K/ThyroidNodule-TN3K/img/test0408.png,tn3k,test0408,tn3k_test0408,png
/home/user/data/phyusformer_data/post_miccai_exps/data/US30k/US30K/ThyroidNodule-TN3K/img/test0409.png,tn3k,test0409,tn3k_test0409,png
/home/user/data/phyusformer_data/post_miccai_exps/data/US30k/US30K/ThyroidNodule-TN3K/img/test0410.png,tn3k,test0410,tn3k_test0410,png
/home/user/data/phyusformer_data/post_miccai_exps/data/US30k/US30K/ThyroidNodule-TN3K/img/test0411.png,tn3k,test0411,tn3k_test0411,png
/home/user/data/phyusformer_data/post_miccai_exps/data/US30k/US30K/ThyroidNodule-TN3K/img/test0412.png,tn3k,test0412,tn3k_test0412,png
/home/user/data/phyusformer_data/post_miccai_exps/data/US30k/US30K/ThyroidNodule-TN3K/img/test0413.png,tn3k,test0413,tn3k_test0413,png
/home/user/data/phyusformer_data/post_miccai_exps/data/US30k/US30K/ThyroidNodule-TN3K/img/test0414.png,tn3k,test0414,tn3k_test0414,png
/home/user/data/phyusformer_data/post_miccai_exps/data/US30k/US30K/ThyroidNodule-TN3K/img/test0415.png,tn3k,test0415,tn3k_test0415,png
/home/user/data/phyusformer_data/post_miccai_exps/data/US30k/US30K/ThyroidNodule-TN3K/img/test0416.png,tn3k,test0416,tn3k_test0416,png
/home/user/data/phyusformer_data/post_miccai_exps/data/US30k/US30K/ThyroidNodule-TN3K/img/test0417.png,tn3k,test0417,tn3k_test0417,png
/home/user/data/phyusformer_data/post_miccai_exps/data/US30k/US30K/ThyroidNodule-TN3K/img/test0418.png,tn3k,test0418,tn3k_test0418,png
/home/user/data/phyusformer_data/post_miccai_exps/data/US30k/US30K/ThyroidNodule-TN3K/img/test0419.png,tn3k,test0419,tn3k_test0419,png
/home/user/data/phyusformer_data/post_miccai_exps/data/US30k/US30K/ThyroidNodule-TN3K/img/test0420.png,tn3k,test0420,tn3k_test0420,png
/home/user/data/phyusformer_data/post_miccai_exps/data/US30k/US30K/ThyroidNodule-TN3K/img/test0421.png,tn3k,test0421,tn3k_test0421,png
/home/user/data/phyusformer_data/post_miccai_exps/data/US30k/US30K/ThyroidNodule-TN3K/img/test0422.png,tn3k,test0422,tn3k_test0422,png
/home/user/data/phyusformer_data/post_miccai_exps/data/US30k/US30K/ThyroidNodule-TN3K/img/test0423.png,tn3k,test0423,tn3k_test0423,png
/home/user/data/phyusformer_data/post_miccai_exps/data/US30k/US30K/ThyroidNodule-TN3K/img/test0424.png,tn3k,test0424,tn3k_test0424,png
/home/user/data/phyusformer_data/post_miccai_exps/data/US30k/US30K/ThyroidNodule-TN3K/img/test0425.png,tn3k,test0425,tn3k_test0425,png
/home/user/data/phyusformer_data/post_miccai_exps/data/US30k/US30K/ThyroidNodule-TN3K/img/test0426.png,tn3k,test0426,tn3k_test0426,png
/home/user/data/phyusformer_data/post_miccai_exps/data/US30k/US30K/ThyroidNodule-TN3K/img/test0427.png,tn3k,test0427,tn3k_test0427,png
/home/user/data/phyusformer_data/post_miccai_exps/data/US30k/US30K/ThyroidNodule-TN3K/img/test0428.png,tn3k,test0428,tn3k_test0428,png
/home/user/data/phyusformer_data/post_miccai_exps/data/US30k/US30K/ThyroidNodule-TN3K/img/test0429.png,tn3k,test0429,tn3k_test0429,png
/home/user/data/phyusformer_data/post_miccai_exps/data/US30k/US30K/ThyroidNodule-TN3K/img/test0430.png,tn3k,test0430,tn3k_test0430,png
/home/user/data/phyusformer_data/post_miccai_exps/data/US30k/US30K/ThyroidNodule-TN3K/img/test0431.png,tn3k,test0431,tn3k_test0431,png
/home/user/data/phyusformer_data/post_miccai_exps/data/US30k/US30K/ThyroidNodule-TN3K/img/test0432.png,tn3k,test0432,tn3k_test0432,png
/home/user/data/phyusformer_data/post_miccai_exps/data/US30k/US30K/ThyroidNodule-TN3K/img/test0433.png,tn3k,test0433,tn3k_test0433,png
/home/user/data/phyusformer_data/post_miccai_exps/data/US30k/US30K/ThyroidNodule-TN3K/img/test0434.png,tn3k,test0434,tn3k_test0434,png
/home/user/data/phyusformer_data/post_miccai_exps/data/US30k/US30K/ThyroidNodule-TN3K/img/test0435.png,tn3k,test0435,tn3k_test0435,png
/home/user/data/phyusformer_data/post_miccai_exps/data/US30k/US30K/ThyroidNodule-TN3K/img/test0436.png,tn3k,test0436,tn3k_test0436,png
/home/user/data/phyusformer_data/post_miccai_exps/data/US30k/US30K/ThyroidNodule-TN3K/img/test0437.png,tn3k,test0437,tn3k_test0437,png
/home/user/data/phyusformer_data/post_miccai_exps/data/US30k/US30K/ThyroidNodule-TN3K/img/test0438.png,tn3k,test0438,tn3k_test0438,png
/home/user/data/phyusformer_data/post_miccai_exps/data/US30k/US30K/ThyroidNodule-TN3K/img/test0439.png,tn3k,test0439,tn3k_test0439,png
/home/user/data/phyusformer_data/post_miccai_exps/data/US30k/US30K/ThyroidNodule-TN3K/img/test0440.png,tn3k,test0440,tn3k_test0440,png
/home/user/data/phyusformer_data/post_miccai_exps/data/US30k/US30K/ThyroidNodule-TN3K/img/test0441.png,tn3k,test0441,tn3k_test0441,png
/home/user/data/phyusformer_data/post_miccai_exps/data/US30k/US30K/ThyroidNodule-TN3K/img/test0442.png,tn3k,test0442,tn3k_test0442,png
/home/user/data/phyusformer_data/post_miccai_exps/data/US30k/US30K/ThyroidNodule-TN3K/img/test0443.png,tn3k,test0443,tn3k_test0443,png
/home/user/data/phyusformer_data/post_miccai_exps/data/US30k/US30K/ThyroidNodule-TN3K/img/test0444.png,tn3k,test0444,tn3k_test0444,png
/home/user/data/phyusformer_data/post_miccai_exps/data/US30k/US30K/ThyroidNodule-TN3K/img/test0445.png,tn3k,test0445,tn3k_test0445,png
/home/user/data/phyusformer_data/post_miccai_exps/data/US30k/US30K/ThyroidNodule-TN3K/img/test0446.png,tn3k,test0446,tn3k_test0446,png
/home/user/data/phyusformer_data/post_miccai_exps/data/US30k/US30K/ThyroidNodule-TN3K/img/test0447.png,tn3k,test0447,tn3k_test0447,png
/home/user/data/phyusformer_data/post_miccai_exps/data/US30k/US30K/ThyroidNodule-TN3K/img/test0448.png,tn3k,test0448,tn3k_test0448,png
/home/user/data/phyusformer_data/post_miccai_exps/data/US30k/US30K/ThyroidNodule-TN3K/img/test0449.png,tn3k,test0449,tn3k_test0449,png
/home/user/data/phyusformer_data/post_miccai_exps/data/US30k/US30K/ThyroidNodule-TN3K/img/test0450.png,tn3k,test0450,tn3k_test0450,png
/home/user/data/phyusformer_data/post_miccai_exps/data/US30k/US30K/ThyroidNodule-TN3K/img/test0451.png,tn3k,test0451,tn3k_test0451,png
/home/user/data/phyusformer_data/post_miccai_exps/data/US30k/US30K/ThyroidNodule-TN3K/img/test0452.png,tn3k,test0452,tn3k_test0452,png
/home/user/data/phyusformer_data/post_miccai_exps/data/US30k/US30K/ThyroidNodule-TN3K/img/test0453.png,tn3k,test0453,tn3k_test0453,png
/home/user/data/phyusformer_data/post_miccai_exps/data/US30k/US30K/ThyroidNodule-TN3K/img/test0454.png,tn3k,test0454,tn3k_test0454,png
/home/user/data/phyusformer_data/post_miccai_exps/data/US30k/US30K/ThyroidNodule-TN3K/img/test0455.png,tn3k,test0455,tn3k_test0455,png
/home/user/data/phyusformer_data/post_miccai_exps/data/US30k/US30K/ThyroidNodule-TN3K/img/test0456.png,tn3k,test0456,tn3k_test0456,png
/home/user/data/phyusformer_data/post_miccai_exps/data/US30k/US30K/ThyroidNodule-TN3K/img/test0457.png,tn3k,test0457,tn3k_test0457,png
/home/user/data/phyusformer_data/post_miccai_exps/data/US30k/US30K/ThyroidNodule-TN3K/img/test0458.png,tn3k,test0458,tn3k_test0458,png
/home/user/data/phyusformer_data/post_miccai_exps/data/US30k/US30K/ThyroidNodule-TN3K/img/test0459.png,tn3k,test0459,tn3k_test0459,png
/home/user/data/phyusformer_data/post_miccai_exps/data/US30k/US30K/ThyroidNodule-TN3K/img/test0460.png,tn3k,test0460,tn3k_test0460,png
/home/user/data/phyusformer_data/post_miccai_exps/data/US30k/US30K/ThyroidNodule-TN3K/img/test0461.png,tn3k,test0461,tn3k_test0461,png
/home/user/data/phyusformer_data/post_miccai_exps/data/US30k/US30K/ThyroidNodule-TN3K/img/test0462.png,tn3k,test0462,tn3k_test0462,png
/home/user/data/phyusformer_data/post_miccai_exps/data/US30k/US30K/ThyroidNodule-TN3K/img/test0463.png,tn3k,test0463,tn3k_test0463,png
/home/user/data/phyusformer_data/post_miccai_exps/data/US30k/US30K/ThyroidNodule-TN3K/img/test0464.png,tn3k,test0464,tn3k_test0464,png
/home/user/data/phyusformer_data/post_miccai_exps/data/US30k/US30K/ThyroidNodule-TN3K/img/test0465.png,tn3k,test0465,tn3k_test0465,png
/home/user/data/phyusformer_data/post_miccai_exps/data/US30k/US30K/ThyroidNodule-TN3K/img/test0466.png,tn3k,test0466,tn3k_test0466,png
/home/user/data/phyusformer_data/post_miccai_exps/data/US30k/US30K/ThyroidNodule-TN3K/img/test0467.png,tn3k,test0467,tn3k_test0467,png
/home/user/data/phyusformer_data/post_miccai_exps/data/US30k/US30K/ThyroidNodule-TN3K/img/test0468.png,tn3k,test0468,tn3k_test0468,png
/home/user/data/phyusformer_data/post_miccai_exps/data/US30k/US30K/ThyroidNodule-TN3K/img/test0469.png,tn3k,test0469,tn3k_test0469,png
/home/user/data/phyusformer_data/post_miccai_exps/data/US30k/US30K/ThyroidNodule-TN3K/img/test0470.png,tn3k,test0470,tn3k_test0470,png
/home/user/data/phyusformer_data/post_miccai_exps/data/US30k/US30K/ThyroidNodule-TN3K/img/test0471.png,tn3k,test0471,tn3k_test0471,png
/home/user/data/phyusformer_data/post_miccai_exps/data/US30k/US30K/ThyroidNodule-TN3K/img/test0472.png,tn3k,test0472,tn3k_test0472,png
/home/user/data/phyusformer_data/post_miccai_exps/data/US30k/US30K/ThyroidNodule-TN3K/img/test0473.png,tn3k,test0473,tn3k_test0473,png
/home/user/data/phyusformer_data/post_miccai_exps/data/US30k/US30K/ThyroidNodule-TN3K/img/test0474.png,tn3k,test0474,tn3k_test0474,png
/home/user/data/phyusformer_data/post_miccai_exps/data/US30k/US30K/ThyroidNodule-TN3K/img/test0475.png,tn3k,test0475,tn3k_test0475,png
/home/user/data/phyusformer_data/post_miccai_exps/data/US30k/US30K/ThyroidNodule-TN3K/img/test0476.png,tn3k,test0476,tn3k_test0476,png
/home/user/data/phyusformer_data/post_miccai_exps/data/US30k/US30K/ThyroidNodule-TN3K/img/test0477.png,tn3k,test0477,tn3k_test0477,png
/home/user/data/phyusformer_data/post_miccai_exps/data/US30k/US30K/ThyroidNodule-TN3K/img/test0478.png,tn3k,test0478,tn3k_test0478,png
/home/user/data/phyusformer_data/post_miccai_exps/data/US30k/US30K/ThyroidNodule-TN3K/img/test0479.png,tn3k,test0479,tn3k_test0479,png
/home/user/data/phyusformer_data/post_miccai_exps/data/US30k/US30K/ThyroidNodule-TN3K/img/test0480.png,tn3k,test0480,tn3k_test0480,png
/home/user/data/phyusformer_data/post_miccai_exps/data/US30k/US30K/ThyroidNodule-TN3K/img/test0481.png,tn3k,test0481,tn3k_test0481,png
/home/user/data/phyusformer_data/post_miccai_exps/data/US30k/US30K/ThyroidNodule-TN3K/img/test0482.png,tn3k,test0482,tn3k_test0482,png
/home/user/data/phyusformer_data/post_miccai_exps/data/US30k/US30K/ThyroidNodule-TN3K/img/test0483.png,tn3k,test0483,tn3k_test0483,png
/home/user/data/phyusformer_data/post_miccai_exps/data/US30k/US30K/ThyroidNodule-TN3K/img/test0484.png,tn3k,test0484,tn3k_test0484,png
/home/user/data/phyusformer_data/post_miccai_exps/data/US30k/US30K/ThyroidNodule-TN3K/img/test0485.png,tn3k,test0485,tn3k_test0485,png
/home/user/data/phyusformer_data/post_miccai_exps/data/US30k/US30K/ThyroidNodule-TN3K/img/test0486.png,tn3k,test0486,tn3k_test0486,png
/home/user/data/phyusformer_data/post_miccai_exps/data/US30k/US30K/ThyroidNodule-TN3K/img/test0487.png,tn3k,test0487,tn3k_test0487,png
/home/user/data/phyusformer_data/post_miccai_exps/data/US30k/US30K/ThyroidNodule-TN3K/img/test0488.png,tn3k,test0488,tn3k_test0488,png
/home/user/data/phyusformer_data/post_miccai_exps/data/US30k/US30K/ThyroidNodule-TN3K/img/test0489.png,tn3k,test0489,tn3k_test0489,png
/home/user/data/phyusformer_data/post_miccai_exps/data/US30k/US30K/ThyroidNodule-TN3K/img/test0490.png,tn3k,test0490,tn3k_test0490,png
/home/user/data/phyusformer_data/post_miccai_exps/data/US30k/US30K/ThyroidNodule-TN3K/img/test0491.png,tn3k,test0491,tn3k_test0491,png
/home/user/data/phyusformer_data/post_miccai_exps/data/US30k/US30K/ThyroidNodule-TN3K/img/test0492.png,tn3k,test0492,tn3k_test0492,png
/home/user/data/phyusformer_data/post_miccai_exps/data/US30k/US30K/ThyroidNodule-TN3K/img/test0493.png,tn3k,test0493,tn3k_test0493,png
/home/user/data/phyusformer_data/post_miccai_exps/data/US30k/US30K/ThyroidNodule-TN3K/img/test0494.png,tn3k,test0494,tn3k_test0494,png
/home/user/data/phyusformer_data/post_miccai_exps/data/US30k/US30K/ThyroidNodule-TN3K/img/test0495.png,tn3k,test0495,tn3k_test0495,png
/home/user/data/phyusformer_data/post_miccai_exps/data/US30k/US30K/ThyroidNodule-TN3K/img/test0496.png,tn3k,test0496,tn3k_test0496,png
/home/user/data/phyusformer_data/post_miccai_exps/data/US30k/US30K/ThyroidNodule-TN3K/img/test0497.png,tn3k,test0497,tn3k_test0497,png
/home/user/data/phyusformer_data/post_miccai_exps/data/US30k/US30K/ThyroidNodule-TN3K/img/test0498.png,tn3k,test0498,tn3k_test0498,png
/home/user/data/phyusformer_data/post_miccai_exps/data/US30k/US30K/ThyroidNodule-TN3K/img/test0499.png,tn3k,test0499,tn3k_test0499,png
/home/user/data/phyusformer_data/post_miccai_exps/data/US30k/US30K/ThyroidNodule-TN3K/img/test0500.png,tn3k,test0500,tn3k_test0500,png
/home/user/data/phyusformer_data/post_miccai_exps/data/US30k/US30K/ThyroidNodule-TN3K/img/test0501.png,tn3k,test0501,tn3k_test0501,png
/home/user/data/phyusformer_data/post_miccai_exps/data/US30k/US30K/ThyroidNodule-TN3K/img/test0502.png,tn3k,test0502,tn3k_test0502,png
/home/user/data/phyusformer_data/post_miccai_exps/data/US30k/US30K/ThyroidNodule-TN3K/img/test0503.png,tn3k,test0503,tn3k_test0503,png
/home/user/data/phyusformer_data/post_miccai_exps/data/US30k/US30K/ThyroidNodule-TN3K/img/test0504.png,tn3k,test0504,tn3k_test0504,png
/home/user/data/phyusformer_data/post_miccai_exps/data/US30k/US30K/ThyroidNodule-TN3K/img/test0505.png,tn3k,test0505,tn3k_test0505,png
/home/user/data/phyusformer_data/post_miccai_exps/data/US30k/US30K/ThyroidNodule-TN3K/img/test0506.png,tn3k,test0506,tn3k_test0506,png
/home/user/data/phyusformer_data/post_miccai_exps/data/US30k/US30K/ThyroidNodule-TN3K/img/test0507.png,tn3k,test0507,tn3k_test0507,png
/home/user/data/phyusformer_data/post_miccai_exps/data/US30k/US30K/ThyroidNodule-TN3K/img/test0508.png,tn3k,test0508,tn3k_test0508,png
/home/user/data/phyusformer_data/post_miccai_exps/data/US30k/US30K/ThyroidNodule-TN3K/img/test0509.png,tn3k,test0509,tn3k_test0509,png
/home/user/data/phyusformer_data/post_miccai_exps/data/US30k/US30K/ThyroidNodule-TN3K/img/test0510.png,tn3k,test0510,tn3k_test0510,png
/home/user/data/phyusformer_data/post_miccai_exps/data/US30k/US30K/ThyroidNodule-TN3K/img/test0511.png,tn3k,test0511,tn3k_test0511,png
/home/user/data/phyusformer_data/post_miccai_exps/data/US30k/US30K/ThyroidNodule-TN3K/img/test0512.png,tn3k,test0512,tn3k_test0512,png
/home/user/data/phyusformer_data/post_miccai_exps/data/US30k/US30K/ThyroidNodule-TN3K/img/test0513.png,tn3k,test0513,tn3k_test0513,png
/home/user/data/phyusformer_data/post_miccai_exps/data/US30k/US30K/ThyroidNodule-TN3K/img/test0514.png,tn3k,test0514,tn3k_test0514,png
/home/user/data/phyusformer_data/post_miccai_exps/data/US30k/US30K/ThyroidNodule-TN3K/img/test0515.png,tn3k,test0515,tn3k_test0515,png
/home/user/data/phyusformer_data/post_miccai_exps/data/US30k/US30K/ThyroidNodule-TN3K/img/test0516.png,tn3k,test0516,tn3k_test0516,png
/home/user/data/phyusformer_data/post_miccai_exps/data/US30k/US30K/ThyroidNodule-TN3K/img/test0517.png,tn3k,test0517,tn3k_test0517,png
/home/user/data/phyusformer_data/post_miccai_exps/data/US30k/US30K/ThyroidNodule-TN3K/img/test0518.png,tn3k,test0518,tn3k_test0518,png
/home/user/data/phyusformer_data/post_miccai_exps/data/US30k/US30K/ThyroidNodule-TN3K/img/test0519.png,tn3k,test0519,tn3k_test0519,png
/home/user/data/phyusformer_data/post_miccai_exps/data/US30k/US30K/ThyroidNodule-TN3K/img/test0520.png,tn3k,test0520,tn3k_test0520,png
/home/user/data/phyusformer_data/post_miccai_exps/data/US30k/US30K/ThyroidNodule-TN3K/img/test0521.png,tn3k,test0521,tn3k_test0521,png
/home/user/data/phyusformer_data/post_miccai_exps/data/US30k/US30K/ThyroidNodule-TN3K/img/test0522.png,tn3k,test0522,tn3k_test0522,png
/home/user/data/phyusformer_data/post_miccai_exps/data/US30k/US30K/ThyroidNodule-TN3K/img/test0523.png,tn3k,test0523,tn3k_test0523,png
/home/user/data/phyusformer_data/post_miccai_exps/data/US30k/US30K/ThyroidNodule-TN3K/img/test0524.png,tn3k,test0524,tn3k_test0524,png
/home/user/data/phyusformer_data/post_miccai_exps/data/US30k/US30K/ThyroidNodule-TN3K/img/test0525.png,tn3k,test0525,tn3k_test0525,png
/home/user/data/phyusformer_data/post_miccai_exps/data/US30k/US30K/ThyroidNodule-TN3K/img/test0526.png,tn3k,test0526,tn3k_test0526,png
/home/user/data/phyusformer_data/post_miccai_exps/data/US30k/US30K/ThyroidNodule-TN3K/img/test0527.png,tn3k,test0527,tn3k_test0527,png
/home/user/data/phyusformer_data/post_miccai_exps/data/US30k/US30K/ThyroidNodule-TN3K/img/test0528.png,tn3k,test0528,tn3k_test0528,png
/home/user/data/phyusformer_data/post_miccai_exps/data/US30k/US30K/ThyroidNodule-TN3K/img/test0529.png,tn3k,test0529,tn3k_test0529,png
/home/user/data/phyusformer_data/post_miccai_exps/data/US30k/US30K/ThyroidNodule-TN3K/img/test0530.png,tn3k,test0530,tn3k_test0530,png
/home/user/data/phyusformer_data/post_miccai_exps/data/US30k/US30K/ThyroidNodule-TN3K/img/test0531.png,tn3k,test0531,tn3k_test0531,png
/home/user/data/phyusformer_data/post_miccai_exps/data/US30k/US30K/ThyroidNodule-TN3K/img/test0532.png,tn3k,test0532,tn3k_test0532,png
/home/user/data/phyusformer_data/post_miccai_exps/data/US30k/US30K/ThyroidNodule-TN3K/img/test0533.png,tn3k,test0533,tn3k_test0533,png
/home/user/data/phyusformer_data/post_miccai_exps/data/US30k/US30K/ThyroidNodule-TN3K/img/test0534.png,tn3k,test0534,tn3k_test0534,png
/home/user/data/phyusformer_data/post_miccai_exps/data/US30k/US30K/ThyroidNodule-TN3K/img/test0535.png,tn3k,test0535,tn3k_test0535,png
/home/user/data/phyusformer_data/post_miccai_exps/data/US30k/US30K/ThyroidNodule-TN3K/img/test0536.png,tn3k,test0536,tn3k_test0536,png
/home/user/data/phyusformer_data/post_miccai_exps/data/US30k/US30K/ThyroidNodule-TN3K/img/test0537.png,tn3k,test0537,tn3k_test0537,png
/home/user/data/phyusformer_data/post_miccai_exps/data/US30k/US30K/ThyroidNodule-TN3K/img/test0538.png,tn3k,test0538,tn3k_test0538,png
/home/user/data/phyusformer_data/post_miccai_exps/data/US30k/US30K/ThyroidNodule-TN3K/img/test0539.png,tn3k,test0539,tn3k_test0539,png
/home/user/data/phyusformer_data/post_miccai_exps/data/US30k/US30K/ThyroidNodule-TN3K/img/test0540.png,tn3k,test0540,tn3k_test0540,png
/home/user/data/phyusformer_data/post_miccai_exps/data/US30k/US30K/ThyroidNodule-TN3K/img/test0541.png,tn3k,test0541,tn3k_test0541,png
/home/user/data/phyusformer_data/post_miccai_exps/data/US30k/US30K/ThyroidNodule-TN3K/img/test0542.png,tn3k,test0542,tn3k_test0542,png
/home/user/data/phyusformer_data/post_miccai_exps/data/US30k/US30K/ThyroidNodule-TN3K/img/test0543.png,tn3k,test0543,tn3k_test0543,png
/home/user/data/phyusformer_data/post_miccai_exps/data/US30k/US30K/ThyroidNodule-TN3K/img/test0544.png,tn3k,test0544,tn3k_test0544,png
/home/user/data/phyusformer_data/post_miccai_exps/data/US30k/US30K/ThyroidNodule-TN3K/img/test0545.png,tn3k,test0545,tn3k_test0545,png
/home/user/data/phyusformer_data/post_miccai_exps/data/US30k/US30K/ThyroidNodule-TN3K/img/test0546.png,tn3k,test0546,tn3k_test0546,png
/home/user/data/phyusformer_data/post_miccai_exps/data/US30k/US30K/ThyroidNodule-TN3K/img/test0547.png,tn3k,test0547,tn3k_test0547,png
/home/user/data/phyusformer_data/post_miccai_exps/data/US30k/US30K/ThyroidNodule-TN3K/img/test0548.png,tn3k,test0548,tn3k_test0548,png
/home/user/data/phyusformer_data/post_miccai_exps/data/US30k/US30K/ThyroidNodule-TN3K/img/test0549.png,tn3k,test0549,tn3k_test0549,png
/home/user/data/phyusformer_data/post_miccai_exps/data/US30k/US30K/ThyroidNodule-TN3K/img/test0550.png,tn3k,test0550,tn3k_test0550,png
/home/user/data/phyusformer_data/post_miccai_exps/data/US30k/US30K/ThyroidNodule-TN3K/img/test0551.png,tn3k,test0551,tn3k_test0551,png
/home/user/data/phyusformer_data/post_miccai_exps/data/US30k/US30K/ThyroidNodule-TN3K/img/test0552.png,tn3k,test0552,tn3k_test0552,png
/home/user/data/phyusformer_data/post_miccai_exps/data/US30k/US30K/ThyroidNodule-TN3K/img/test0553.png,tn3k,test0553,tn3k_test0553,png
/home/user/data/phyusformer_data/post_miccai_exps/data/US30k/US30K/ThyroidNodule-TN3K/img/test0554.png,tn3k,test0554,tn3k_test0554,png
/home/user/data/phyusformer_data/post_miccai_exps/data/US30k/US30K/ThyroidNodule-TN3K/img/test0555.png,tn3k,test0555,tn3k_test0555,png
/home/user/data/phyusformer_data/post_miccai_exps/data/US30k/US30K/ThyroidNodule-TN3K/img/test0556.png,tn3k,test0556,tn3k_test0556,png
/home/user/data/phyusformer_data/post_miccai_exps/data/US30k/US30K/ThyroidNodule-TN3K/img/test0557.png,tn3k,test0557,tn3k_test0557,png
/home/user/data/phyusformer_data/post_miccai_exps/data/US30k/US30K/ThyroidNodule-TN3K/img/test0558.png,tn3k,test0558,tn3k_test0558,png
/home/user/data/phyusformer_data/post_miccai_exps/data/US30k/US30K/ThyroidNodule-TN3K/img/test0559.png,tn3k,test0559,tn3k_test0559,png
/home/user/data/phyusformer_data/post_miccai_exps/data/US30k/US30K/ThyroidNodule-TN3K/img/test0560.png,tn3k,test0560,tn3k_test0560,png
/home/user/data/phyusformer_data/post_miccai_exps/data/US30k/US30K/ThyroidNodule-TN3K/img/test0561.png,tn3k,test0561,tn3k_test0561,png
/home/user/data/phyusformer_data/post_miccai_exps/data/US30k/US30K/ThyroidNodule-TN3K/img/test0562.png,tn3k,test0562,tn3k_test0562,png
/home/user/data/phyusformer_data/post_miccai_exps/data/US30k/US30K/ThyroidNodule-TN3K/img/test0563.png,tn3k,test0563,tn3k_test0563,png
/home/user/data/phyusformer_data/post_miccai_exps/data/US30k/US30K/ThyroidNodule-TN3K/img/test0564.png,tn3k,test0564,tn3k_test0564,png
/home/user/data/phyusformer_data/post_miccai_exps/data/US30k/US30K/ThyroidNodule-TN3K/img/test0565.png,tn3k,test0565,tn3k_test0565,png
/home/user/data/phyusformer_data/post_miccai_exps/data/US30k/US30K/ThyroidNodule-TN3K/img/test0566.png,tn3k,test0566,tn3k_test0566,png
/home/user/data/phyusformer_data/post_miccai_exps/data/US30k/US30K/ThyroidNodule-TN3K/img/test0567.png,tn3k,test0567,tn3k_test0567,png
/home/user/data/phyusformer_data/post_miccai_exps/data/US30k/US30K/ThyroidNodule-TN3K/img/test0568.png,tn3k,test0568,tn3k_test0568,png
/home/user/data/phyusformer_data/post_miccai_exps/data/US30k/US30K/ThyroidNodule-TN3K/img/test0569.png,tn3k,test0569,tn3k_test0569,png
/home/user/data/phyusformer_data/post_miccai_exps/data/US30k/US30K/ThyroidNodule-TN3K/img/test0570.png,tn3k,test0570,tn3k_test0570,png
/home/user/data/phyusformer_data/post_miccai_exps/data/US30k/US30K/ThyroidNodule-TN3K/img/test0571.png,tn3k,test0571,tn3k_test0571,png
/home/user/data/phyusformer_data/post_miccai_exps/data/US30k/US30K/ThyroidNodule-TN3K/img/test0572.png,tn3k,test0572,tn3k_test0572,png
/home/user/data/phyusformer_data/post_miccai_exps/data/US30k/US30K/ThyroidNodule-TN3K/img/test0573.png,tn3k,test0573,tn3k_test0573,png
/home/user/data/phyusformer_data/post_miccai_exps/data/US30k/US30K/ThyroidNodule-TN3K/img/test0574.png,tn3k,test0574,tn3k_test0574,png
/home/user/data/phyusformer_data/post_miccai_exps/data/US30k/US30K/ThyroidNodule-TN3K/img/test0575.png,tn3k,test0575,tn3k_test0575,png
/home/user/data/phyusformer_data/post_miccai_exps/data/US30k/US30K/ThyroidNodule-TN3K/img/test0576.png,tn3k,test0576,tn3k_test0576,png
/home/user/data/phyusformer_data/post_miccai_exps/data/US30k/US30K/ThyroidNodule-TN3K/img/test0577.png,tn3k,test0577,tn3k_test0577,png
/home/user/data/phyusformer_data/post_miccai_exps/data/US30k/US30K/ThyroidNodule-TN3K/img/test0578.png,tn3k,test0578,tn3k_test0578,png
/home/user/data/phyusformer_data/post_miccai_exps/data/US30k/US30K/ThyroidNodule-TN3K/img/test0579.png,tn3k,test0579,tn3k_test0579,png
/home/user/data/phyusformer_data/post_miccai_exps/data/US30k/US30K/ThyroidNodule-TN3K/img/test0580.png,tn3k,test0580,tn3k_test0580,png
/home/user/data/phyusformer_data/post_miccai_exps/data/US30k/US30K/ThyroidNodule-TN3K/img/test0581.png,tn3k,test0581,tn3k_test0581,png
/home/user/data/phyusformer_data/post_miccai_exps/data/US30k/US30K/ThyroidNodule-TN3K/img/test0582.png,tn3k,test0582,tn3k_test0582,png
/home/user/data/phyusformer_data/post_miccai_exps/data/US30k/US30K/ThyroidNodule-TN3K/img/test0583.png,tn3k,test0583,tn3k_test0583,png
/home/user/data/phyusformer_data/post_miccai_exps/data/US30k/US30K/ThyroidNodule-TN3K/img/test0584.png,tn3k,test0584,tn3k_test0584,png
/home/user/data/phyusformer_data/post_miccai_exps/data/US30k/US30K/ThyroidNodule-TN3K/img/test0585.png,tn3k,test0585,tn3k_test0585,png
/home/user/data/phyusformer_data/post_miccai_exps/data/US30k/US30K/ThyroidNodule-TN3K/img/test0586.png,tn3k,test0586,tn3k_test0586,png
/home/user/data/phyusformer_data/post_miccai_exps/data/US30k/US30K/ThyroidNodule-TN3K/img/test0587.png,tn3k,test0587,tn3k_test0587,png
/home/user/data/phyusformer_data/post_miccai_exps/data/US30k/US30K/ThyroidNodule-TN3K/img/test0588.png,tn3k,test0588,tn3k_test0588,png
/home/user/data/phyusformer_data/post_miccai_exps/data/US30k/US30K/ThyroidNodule-TN3K/img/test0589.png,tn3k,test0589,tn3k_test0589,png
/home/user/data/phyusformer_data/post_miccai_exps/data/US30k/US30K/ThyroidNodule-TN3K/img/test0590.png,tn3k,test0590,tn3k_test0590,png
/home/user/data/phyusformer_data/post_miccai_exps/data/US30k/US30K/ThyroidNodule-TN3K/img/test0591.png,tn3k,test0591,tn3k_test0591,png
/home/user/data/phyusformer_data/post_miccai_exps/data/US30k/US30K/ThyroidNodule-TN3K/img/test0592.png,tn3k,test0592,tn3k_test0592,png
/home/user/data/phyusformer_data/post_miccai_exps/data/US30k/US30K/ThyroidNodule-TN3K/img/test0593.png,tn3k,test0593,tn3k_test0593,png
/home/user/data/phyusformer_data/post_miccai_exps/data/US30k/US30K/ThyroidNodule-TN3K/img/test0594.png,tn3k,test0594,tn3k_test0594,png
/home/user/data/phyusformer_data/post_miccai_exps/data/US30k/US30K/ThyroidNodule-TN3K/img/test0595.png,tn3k,test0595,tn3k_test0595,png
/home/user/data/phyusformer_data/post_miccai_exps/data/US30k/US30K/ThyroidNodule-TN3K/img/test0596.png,tn3k,test0596,tn3k_test0596,png
/home/user/data/phyusformer_data/post_miccai_exps/data/US30k/US30K/ThyroidNodule-TN3K/img/test0597.png,tn3k,test0597,tn3k_test0597,png
/home/user/data/phyusformer_data/post_miccai_exps/data/US30k/US30K/ThyroidNodule-TN3K/img/test0598.png,tn3k,test0598,tn3k_test0598,png
/home/user/data/phyusformer_data/post_miccai_exps/data/US30k/US30K/ThyroidNodule-TN3K/img/test0599.png,tn3k,test0599,tn3k_test0599,png
/home/user/data/phyusformer_data/post_miccai_exps/data/US30k/US30K/ThyroidNodule-TN3K/img/test0600.png,tn3k,test0600,tn3k_test0600,png
/home/user/data/phyusformer_data/post_miccai_exps/data/US30k/US30K/ThyroidNodule-TN3K/img/test0601.png,tn3k,test0601,tn3k_test0601,png
/home/user/data/phyusformer_data/post_miccai_exps/data/US30k/US30K/ThyroidNodule-TN3K/img/test0602.png,tn3k,test0602,tn3k_test0602,png
/home/user/data/phyusformer_data/post_miccai_exps/data/US30k/US30K/ThyroidNodule-TN3K/img/test0603.png,tn3k,test0603,tn3k_test0603,png
/home/user/data/phyusformer_data/post_miccai_exps/data/US30k/US30K/ThyroidNodule-TN3K/img/test0604.png,tn3k,test0604,tn3k_test0604,png
/home/user/data/phyusformer_data/post_miccai_exps/data/US30k/US30K/ThyroidNodule-TN3K/img/test0605.png,tn3k,test0605,tn3k_test0605,png
/home/user/data/phyusformer_data/post_miccai_exps/data/US30k/US30K/ThyroidNodule-TN3K/img/test0606.png,tn3k,test0606,tn3k_test0606,png
/home/user/data/phyusformer_data/post_miccai_exps/data/US30k/US30K/ThyroidNodule-TN3K/img/test0607.png,tn3k,test0607,tn3k_test0607,png
/home/user/data/phyusformer_data/post_miccai_exps/data/US30k/US30K/ThyroidNodule-TN3K/img/test0608.png,tn3k,test0608,tn3k_test0608,png
/home/user/data/phyusformer_data/post_miccai_exps/data/US30k/US30K/ThyroidNodule-TN3K/img/test0609.png,tn3k,test0609,tn3k_test0609,png
/home/user/data/phyusformer_data/post_miccai_exps/data/US30k/US30K/ThyroidNodule-TN3K/img/test0610.png,tn3k,test0610,tn3k_test0610,png
/home/user/data/phyusformer_data/post_miccai_exps/data/US30k/US30K/ThyroidNodule-TN3K/img/test0611.png,tn3k,test0611,tn3k_test0611,png
/home/user/data/phyusformer_data/post_miccai_exps/data/US30k/US30K/ThyroidNodule-TN3K/img/test0612.png,tn3k,test0612,tn3k_test0612,png
/home/user/data/phyusformer_data/post_miccai_exps/data/US30k/US30K/ThyroidNodule-TN3K/img/test0613.png,tn3k,test0613,tn3k_test0613,png
/home/user/data/phyusformer_data/post_miccai_exps/data/US30k/US30K/ThyroidNodule-TN3K/img/trainval0000.png,tn3k,trainval0000,tn3k_trainval0000,png
/home/user/data/phyusformer_data/post_miccai_exps/data/US30k/US30K/ThyroidNodule-TN3K/img/trainval0001.png,tn3k,trainval0001,tn3k_trainval0001,png
/home/user/data/phyusformer_data/post_miccai_exps/data/US30k/US30K/ThyroidNodule-TN3K/img/trainval0002.png,tn3k,trainval0002,tn3k_trainval0002,png
/home/user/data/phyusformer_data/post_miccai_exps/data/US30k/US30K/ThyroidNodule-TN3K/img/trainval0003.png,tn3k,trainval0003,tn3k_trainval0003,png
/home/user/data/phyusformer_data/post_miccai_exps/data/US30k/US30K/ThyroidNodule-TN3K/img/trainval0004.png,tn3k,trainval0004,tn3k_trainval0004,png
/home/user/data/phyusformer_data/post_miccai_exps/data/US30k/US30K/ThyroidNodule-TN3K/img/trainval0005.png,tn3k,trainval0005,tn3k_trainval0005,png
/home/user/data/phyusformer_data/post_miccai_exps/data/US30k/US30K/ThyroidNodule-TN3K/img/trainval0006.png,tn3k,trainval0006,tn3k_trainval0006,png
/home/user/data/phyusformer_data/post_miccai_exps/data/US30k/US30K/ThyroidNodule-TN3K/img/trainval0007.png,tn3k,trainval0007,tn3k_trainval0007,png
/home/user/data/phyusformer_data/post_miccai_exps/data/US30k/US30K/ThyroidNodule-TN3K/img/trainval0008.png,tn3k,trainval0008,tn3k_trainval0008,png
/home/user/data/phyusformer_data/post_miccai_exps/data/US30k/US30K/ThyroidNodule-TN3K/img/trainval0009.png,tn3k,trainval0009,tn3k_trainval0009,png
/home/user/data/phyusformer_data/post_miccai_exps/data/US30k/US30K/ThyroidNodule-TN3K/img/trainval0010.png,tn3k,trainval0010,tn3k_trainval0010,png
/home/user/data/phyusformer_data/post_miccai_exps/data/US30k/US30K/ThyroidNodule-TN3K/img/trainval0011.png,tn3k,trainval0011,tn3k_trainval0011,png
/home/user/data/phyusformer_data/post_miccai_exps/data/US30k/US30K/ThyroidNodule-TN3K/img/trainval0012.png,tn3k,trainval0012,tn3k_trainval0012,png
/home/user/data/phyusformer_data/post_miccai_exps/data/US30k/US30K/ThyroidNodule-TN3K/img/trainval0013.png,tn3k,trainval0013,tn3k_trainval0013,png
/home/user/data/phyusformer_data/post_miccai_exps/data/US30k/US30K/ThyroidNodule-TN3K/img/trainval0014.png,tn3k,trainval0014,tn3k_trainval0014,png
/home/user/data/phyusformer_data/post_miccai_exps/data/US30k/US30K/ThyroidNodule-TN3K/img/trainval0015.png,tn3k,trainval0015,tn3k_trainval0015,png
/home/user/data/phyusformer_data/post_miccai_exps/data/US30k/US30K/ThyroidNodule-TN3K/img/trainval0016.png,tn3k,trainval0016,tn3k_trainval0016,png
/home/user/data/phyusformer_data/post_miccai_exps/data/US30k/US30K/ThyroidNodule-TN3K/img/trainval0017.png,tn3k,trainval0017,tn3k_trainval0017,png
/home/user/data/phyusformer_data/post_miccai_exps/data/US30k/US30K/ThyroidNodule-TN3K/img/trainval0018.png,tn3k,trainval0018,tn3k_trainval0018,png
/home/user/data/phyusformer_data/post_miccai_exps/data/US30k/US30K/ThyroidNodule-TN3K/img/trainval0019.png,tn3k,trainval0019,tn3k_trainval0019,png
/home/user/data/phyusformer_data/post_miccai_exps/data/US30k/US30K/ThyroidNodule-TN3K/img/trainval0020.png,tn3k,trainval0020,tn3k_trainval0020,png
/home/user/data/phyusformer_data/post_miccai_exps/data/US30k/US30K/ThyroidNodule-TN3K/img/trainval0021.png,tn3k,trainval0021,tn3k_trainval0021,png
/home/user/data/phyusformer_data/post_miccai_exps/data/US30k/US30K/ThyroidNodule-TN3K/img/trainval0022.png,tn3k,trainval0022,tn3k_trainval0022,png
/home/user/data/phyusformer_data/post_miccai_exps/data/US30k/US30K/ThyroidNodule-TN3K/img/trainval0023.png,tn3k,trainval0023,tn3k_trainval0023,png
/home/user/data/phyusformer_data/post_miccai_exps/data/US30k/US30K/ThyroidNodule-TN3K/img/trainval0024.png,tn3k,trainval0024,tn3k_trainval0024,png
/home/user/data/phyusformer_data/post_miccai_exps/data/US30k/US30K/ThyroidNodule-TN3K/img/trainval0025.png,tn3k,trainval0025,tn3k_trainval0025,png
/home/user/data/phyusformer_data/post_miccai_exps/data/US30k/US30K/ThyroidNodule-TN3K/img/trainval0026.png,tn3k,trainval0026,tn3k_trainval0026,png
/home/user/data/phyusformer_data/post_miccai_exps/data/US30k/US30K/ThyroidNodule-TN3K/img/trainval0027.png,tn3k,trainval0027,tn3k_trainval0027,png
/home/user/data/phyusformer_data/post_miccai_exps/data/US30k/US30K/ThyroidNodule-TN3K/img/trainval0028.png,tn3k,trainval0028,tn3k_trainval0028,png
/home/user/data/phyusformer_data/post_miccai_exps/data/US30k/US30K/ThyroidNodule-TN3K/img/trainval0029.png,tn3k,trainval0029,tn3k_trainval0029,png
/home/user/data/phyusformer_data/post_miccai_exps/data/US30k/US30K/ThyroidNodule-TN3K/img/trainval0030.png,tn3k,trainval0030,tn3k_trainval0030,png
/home/user/data/phyusformer_data/post_miccai_exps/data/US30k/US30K/ThyroidNodule-TN3K/img/trainval0031.png,tn3k,trainval0031,tn3k_trainval0031,png
/home/user/data/phyusformer_data/post_miccai_exps/data/US30k/US30K/ThyroidNodule-TN3K/img/trainval0032.png,tn3k,trainval0032,tn3k_trainval0032,png
/home/user/data/phyusformer_data/post_miccai_exps/data/US30k/US30K/ThyroidNodule-TN3K/img/trainval0033.png,tn3k,trainval0033,tn3k_trainval0033,png
/home/user/data/phyusformer_data/post_miccai_exps/data/US30k/US30K/ThyroidNodule-TN3K/img/trainval0034.png,tn3k,trainval0034,tn3k_trainval0034,png
/home/user/data/phyusformer_data/post_miccai_exps/data/US30k/US30K/ThyroidNodule-TN3K/img/trainval0035.png,tn3k,trainval0035,tn3k_trainval0035,png
/home/user/data/phyusformer_data/post_miccai_exps/data/US30k/US30K/ThyroidNodule-TN3K/img/trainval0036.png,tn3k,trainval0036,tn3k_trainval0036,png
/home/user/data/phyusformer_data/post_miccai_exps/data/US30k/US30K/ThyroidNodule-TN3K/img/trainval0037.png,tn3k,trainval0037,tn3k_trainval0037,png
/home/user/data/phyusformer_data/post_miccai_exps/data/US30k/US30K/ThyroidNodule-TN3K/img/trainval0038.png,tn3k,trainval0038,tn3k_trainval0038,png
/home/user/data/phyusformer_data/post_miccai_exps/data/US30k/US30K/ThyroidNodule-TN3K/img/trainval0039.png,tn3k,trainval0039,tn3k_trainval0039,png
/home/user/data/phyusformer_data/post_miccai_exps/data/US30k/US30K/ThyroidNodule-TN3K/img/trainval0040.png,tn3k,trainval0040,tn3k_trainval0040,png
/home/user/data/phyusformer_data/post_miccai_exps/data/US30k/US30K/ThyroidNodule-TN3K/img/trainval0041.png,tn3k,trainval0041,tn3k_trainval0041,png
/home/user/data/phyusformer_data/post_miccai_exps/data/US30k/US30K/ThyroidNodule-TN3K/img/trainval0042.png,tn3k,trainval0042,tn3k_trainval0042,png
/home/user/data/phyusformer_data/post_miccai_exps/data/US30k/US30K/ThyroidNodule-TN3K/img/trainval0043.png,tn3k,trainval0043,tn3k_trainval0043,png
/home/user/data/phyusformer_data/post_miccai_exps/data/US30k/US30K/ThyroidNodule-TN3K/img/trainval0044.png,tn3k,trainval0044,tn3k_trainval0044,png
/home/user/data/phyusformer_data/post_miccai_exps/data/US30k/US30K/ThyroidNodule-TN3K/img/trainval0045.png,tn3k,trainval0045,tn3k_trainval0045,png
/home/user/data/phyusformer_data/post_miccai_exps/data/US30k/US30K/ThyroidNodule-TN3K/img/trainval0046.png,tn3k,trainval0046,tn3k_trainval0046,png
/home/user/data/phyusformer_data/post_miccai_exps/data/US30k/US30K/ThyroidNodule-TN3K/img/trainval0047.png,tn3k,trainval0047,tn3k_trainval0047,png
/home/user/data/phyusformer_data/post_miccai_exps/data/US30k/US30K/ThyroidNodule-TN3K/img/trainval0048.png,tn3k,trainval0048,tn3k_trainval0048,png
/home/user/data/phyusformer_data/post_miccai_exps/data/US30k/US30K/ThyroidNodule-TN3K/img/trainval0049.png,tn3k,trainval0049,tn3k_trainval0049,png
/home/user/data/phyusformer_data/post_miccai_exps/data/US30k/US30K/ThyroidNodule-TN3K/img/trainval0050.png,tn3k,trainval0050,tn3k_trainval0050,png
/home/user/data/phyusformer_data/post_miccai_exps/data/US30k/US30K/ThyroidNodule-TN3K/img/trainval0051.png,tn3k,trainval0051,tn3k_trainval0051,png
/home/user/data/phyusformer_data/post_miccai_exps/data/US30k/US30K/ThyroidNodule-TN3K/img/trainval0052.png,tn3k,trainval0052,tn3k_trainval0052,png
/home/user/data/phyusformer_data/post_miccai_exps/data/US30k/US30K/ThyroidNodule-TN3K/img/trainval0053.png,tn3k,trainval0053,tn3k_trainval0053,png
/home/user/data/phyusformer_data/post_miccai_exps/data/US30k/US30K/ThyroidNodule-TN3K/img/trainval0054.png,tn3k,trainval0054,tn3k_trainval0054,png
/home/user/data/phyusformer_data/post_miccai_exps/data/US30k/US30K/ThyroidNodule-TN3K/img/trainval0055.png,tn3k,trainval0055,tn3k_trainval0055,png
/home/user/data/phyusformer_data/post_miccai_exps/data/US30k/US30K/ThyroidNodule-TN3K/img/trainval0056.png,tn3k,trainval0056,tn3k_trainval0056,png
/home/user/data/phyusformer_data/post_miccai_exps/data/US30k/US30K/ThyroidNodule-TN3K/img/trainval0057.png,tn3k,trainval0057,tn3k_trainval0057,png
/home/user/data/phyusformer_data/post_miccai_exps/data/US30k/US30K/ThyroidNodule-TN3K/img/trainval0058.png,tn3k,trainval0058,tn3k_trainval0058,png
/home/user/data/phyusformer_data/post_miccai_exps/data/US30k/US30K/ThyroidNodule-TN3K/img/trainval0059.png,tn3k,trainval0059,tn3k_trainval0059,png
/home/user/data/phyusformer_data/post_miccai_exps/data/US30k/US30K/ThyroidNodule-TN3K/img/trainval0060.png,tn3k,trainval0060,tn3k_trainval0060,png
/home/user/data/phyusformer_data/post_miccai_exps/data/US30k/US30K/ThyroidNodule-TN3K/img/trainval0061.png,tn3k,trainval0061,tn3k_trainval0061,png
/home/user/data/phyusformer_data/post_miccai_exps/data/US30k/US30K/ThyroidNodule-TN3K/img/trainval0062.png,tn3k,trainval0062,tn3k_trainval0062,png
/home/user/data/phyusformer_data/post_miccai_exps/data/US30k/US30K/ThyroidNodule-TN3K/img/trainval0063.png,tn3k,trainval0063,tn3k_trainval0063,png
/home/user/data/phyusformer_data/post_miccai_exps/data/US30k/US30K/ThyroidNodule-TN3K/img/trainval0064.png,tn3k,trainval0064,tn3k_trainval0064,png
/home/user/data/phyusformer_data/post_miccai_exps/data/US30k/US30K/ThyroidNodule-TN3K/img/trainval0065.png,tn3k,trainval0065,tn3k_trainval0065,png
/home/user/data/phyusformer_data/post_miccai_exps/data/US30k/US30K/ThyroidNodule-TN3K/img/trainval0066.png,tn3k,trainval0066,tn3k_trainval0066,png
/home/user/data/phyusformer_data/post_miccai_exps/data/US30k/US30K/ThyroidNodule-TN3K/img/trainval0067.png,tn3k,trainval0067,tn3k_trainval0067,png
/home/user/data/phyusformer_data/post_miccai_exps/data/US30k/US30K/ThyroidNodule-TN3K/img/trainval0068.png,tn3k,trainval0068,tn3k_trainval0068,png
/home/user/data/phyusformer_data/post_miccai_exps/data/US30k/US30K/ThyroidNodule-TN3K/img/trainval0069.png,tn3k,trainval0069,tn3k_trainval0069,png
/home/user/data/phyusformer_data/post_miccai_exps/data/US30k/US30K/ThyroidNodule-TN3K/img/trainval0070.png,tn3k,trainval0070,tn3k_trainval0070,png
/home/user/data/phyusformer_data/post_miccai_exps/data/US30k/US30K/ThyroidNodule-TN3K/img/trainval0071.png,tn3k,trainval0071,tn3k_trainval0071,png
/home/user/data/phyusformer_data/post_miccai_exps/data/US30k/US30K/ThyroidNodule-TN3K/img/trainval0072.png,tn3k,trainval0072,tn3k_trainval0072,png
/home/user/data/phyusformer_data/post_miccai_exps/data/US30k/US30K/ThyroidNodule-TN3K/img/trainval0073.png,tn3k,trainval0073,tn3k_trainval0073,png
/home/user/data/phyusformer_data/post_miccai_exps/data/US30k/US30K/ThyroidNodule-TN3K/img/trainval0074.png,tn3k,trainval0074,tn3k_trainval0074,png
/home/user/data/phyusformer_data/post_miccai_exps/data/US30k/US30K/ThyroidNodule-TN3K/img/trainval0075.png,tn3k,trainval0075,tn3k_trainval0075,png
/home/user/data/phyusformer_data/post_miccai_exps/data/US30k/US30K/ThyroidNodule-TN3K/img/trainval0076.png,tn3k,trainval0076,tn3k_trainval0076,png
/home/user/data/phyusformer_data/post_miccai_exps/data/US30k/US30K/ThyroidNodule-TN3K/img/trainval0077.png,tn3k,trainval0077,tn3k_trainval0077,png
/home/user/data/phyusformer_data/post_miccai_exps/data/US30k/US30K/ThyroidNodule-TN3K/img/trainval0078.png,tn3k,trainval0078,tn3k_trainval0078,png
/home/user/data/phyusformer_data/post_miccai_exps/data/US30k/US30K/ThyroidNodule-TN3K/img/trainval0079.png,tn3k,trainval0079,tn3k_trainval0079,png
/home/user/data/phyusformer_data/post_miccai_exps/data/US30k/US30K/ThyroidNodule-TN3K/img/trainval0080.png,tn3k,trainval0080,tn3k_trainval0080,png
/home/user/data/phyusformer_data/post_miccai_exps/data/US30k/US30K/ThyroidNodule-TN3K/img/trainval0081.png,tn3k,trainval0081,tn3k_trainval0081,png
/home/user/data/phyusformer_data/post_miccai_exps/data/US30k/US30K/ThyroidNodule-TN3K/img/trainval0082.png,tn3k,trainval0082,tn3k_trainval0082,png
/home/user/data/phyusformer_data/post_miccai_exps/data/US30k/US30K/ThyroidNodule-TN3K/img/trainval0083.png,tn3k,trainval0083,tn3k_trainval0083,png
/home/user/data/phyusformer_data/post_miccai_exps/data/US30k/US30K/ThyroidNodule-TN3K/img/trainval0084.png,tn3k,trainval0084,tn3k_trainval0084,png
/home/user/data/phyusformer_data/post_miccai_exps/data/US30k/US30K/ThyroidNodule-TN3K/img/trainval0085.png,tn3k,trainval0085,tn3k_trainval0085,png
/home/user/data/phyusformer_data/post_miccai_exps/data/US30k/US30K/ThyroidNodule-TN3K/img/trainval0086.png,tn3k,trainval0086,tn3k_trainval0086,png
/home/user/data/phyusformer_data/post_miccai_exps/data/US30k/US30K/ThyroidNodule-TN3K/img/trainval0087.png,tn3k,trainval0087,tn3k_trainval0087,png
/home/user/data/phyusformer_data/post_miccai_exps/data/US30k/US30K/ThyroidNodule-TN3K/img/trainval0088.png,tn3k,trainval0088,tn3k_trainval0088,png
/home/user/data/phyusformer_data/post_miccai_exps/data/US30k/US30K/ThyroidNodule-TN3K/img/trainval0089.png,tn3k,trainval0089,tn3k_trainval0089,png
/home/user/data/phyusformer_data/post_miccai_exps/data/US30k/US30K/ThyroidNodule-TN3K/img/trainval0090.png,tn3k,trainval0090,tn3k_trainval0090,png
/home/user/data/phyusformer_data/post_miccai_exps/data/US30k/US30K/ThyroidNodule-TN3K/img/trainval0091.png,tn3k,trainval0091,tn3k_trainval0091,png
/home/user/data/phyusformer_data/post_miccai_exps/data/US30k/US30K/ThyroidNodule-TN3K/img/trainval0092.png,tn3k,trainval0092,tn3k_trainval0092,png
/home/user/data/phyusformer_data/post_miccai_exps/data/US30k/US30K/ThyroidNodule-TN3K/img/trainval0093.png,tn3k,trainval0093,tn3k_trainval0093,png
/home/user/data/phyusformer_data/post_miccai_exps/data/US30k/US30K/ThyroidNodule-TN3K/img/trainval0094.png,tn3k,trainval0094,tn3k_trainval0094,png
/home/user/data/phyusformer_data/post_miccai_exps/data/US30k/US30K/ThyroidNodule-TN3K/img/trainval0095.png,tn3k,trainval0095,tn3k_trainval0095,png
/home/user/data/phyusformer_data/post_miccai_exps/data/US30k/US30K/ThyroidNodule-TN3K/img/trainval0096.png,tn3k,trainval0096,tn3k_trainval0096,png
/home/user/data/phyusformer_data/post_miccai_exps/data/US30k/US30K/ThyroidNodule-TN3K/img/trainval0097.png,tn3k,trainval0097,tn3k_trainval0097,png
/home/user/data/phyusformer_data/post_miccai_exps/data/US30k/US30K/ThyroidNodule-TN3K/img/trainval0098.png,tn3k,trainval0098,tn3k_trainval0098,png
/home/user/data/phyusformer_data/post_miccai_exps/data/US30k/US30K/ThyroidNodule-TN3K/img/trainval0099.png,tn3k,trainval0099,tn3k_trainval0099,png
/home/user/data/phyusformer_data/post_miccai_exps/data/US30k/US30K/ThyroidNodule-TN3K/img/trainval0100.png,tn3k,trainval0100,tn3k_trainval0100,png
/home/user/data/phyusformer_data/post_miccai_exps/data/US30k/US30K/ThyroidNodule-TN3K/img/trainval0101.png,tn3k,trainval0101,tn3k_trainval0101,png
/home/user/data/phyusformer_data/post_miccai_exps/data/US30k/US30K/ThyroidNodule-TN3K/img/trainval0102.png,tn3k,trainval0102,tn3k_trainval0102,png
/home/user/data/phyusformer_data/post_miccai_exps/data/US30k/US30K/ThyroidNodule-TN3K/img/trainval0103.png,tn3k,trainval0103,tn3k_trainval0103,png
/home/user/data/phyusformer_data/post_miccai_exps/data/US30k/US30K/ThyroidNodule-TN3K/img/trainval0104.png,tn3k,trainval0104,tn3k_trainval0104,png
/home/user/data/phyusformer_data/post_miccai_exps/data/US30k/US30K/ThyroidNodule-TN3K/img/trainval0105.png,tn3k,trainval0105,tn3k_trainval0105,png
/home/user/data/phyusformer_data/post_miccai_exps/data/US30k/US30K/ThyroidNodule-TN3K/img/trainval0106.png,tn3k,trainval0106,tn3k_trainval0106,png
/home/user/data/phyusformer_data/post_miccai_exps/data/US30k/US30K/ThyroidNodule-TN3K/img/trainval0107.png,tn3k,trainval0107,tn3k_trainval0107,png
/home/user/data/phyusformer_data/post_miccai_exps/data/US30k/US30K/ThyroidNodule-TN3K/img/trainval0108.png,tn3k,trainval0108,tn3k_trainval0108,png
/home/user/data/phyusformer_data/post_miccai_exps/data/US30k/US30K/ThyroidNodule-TN3K/img/trainval0109.png,tn3k,trainval0109,tn3k_trainval0109,png
/home/user/data/phyusformer_data/post_miccai_exps/data/US30k/US30K/ThyroidNodule-TN3K/img/trainval0110.png,tn3k,trainval0110,tn3k_trainval0110,png
/home/user/data/phyusformer_data/post_miccai_exps/data/US30k/US30K/ThyroidNodule-TN3K/img/trainval0111.png,tn3k,trainval0111,tn3k_trainval0111,png
/home/user/data/phyusformer_data/post_miccai_exps/data/US30k/US30K/ThyroidNodule-TN3K/img/trainval0112.png,tn3k,trainval0112,tn3k_trainval0112,png
/home/user/data/phyusformer_data/post_miccai_exps/data/US30k/US30K/ThyroidNodule-TN3K/img/trainval0113.png,tn3k,trainval0113,tn3k_trainval0113,png
/home/user/data/phyusformer_data/post_miccai_exps/data/US30k/US30K/ThyroidNodule-TN3K/img/trainval0114.png,tn3k,trainval0114,tn3k_trainval0114,png
/home/user/data/phyusformer_data/post_miccai_exps/data/US30k/US30K/ThyroidNodule-TN3K/img/trainval0115.png,tn3k,trainval0115,tn3k_trainval0115,png
/home/user/data/phyusformer_data/post_miccai_exps/data/US30k/US30K/ThyroidNodule-TN3K/img/trainval0116.png,tn3k,trainval0116,tn3k_trainval0116,png
/home/user/data/phyusformer_data/post_miccai_exps/data/US30k/US30K/ThyroidNodule-TN3K/img/trainval0117.png,tn3k,trainval0117,tn3k_trainval0117,png
/home/user/data/phyusformer_data/post_miccai_exps/data/US30k/US30K/ThyroidNodule-TN3K/img/trainval0118.png,tn3k,trainval0118,tn3k_trainval0118,png
/home/user/data/phyusformer_data/post_miccai_exps/data/US30k/US30K/ThyroidNodule-TN3K/img/trainval0119.png,tn3k,trainval0119,tn3k_trainval0119,png
/home/user/data/phyusformer_data/post_miccai_exps/data/US30k/US30K/ThyroidNodule-TN3K/img/trainval0120.png,tn3k,trainval0120,tn3k_trainval0120,png
/home/user/data/phyusformer_data/post_miccai_exps/data/US30k/US30K/ThyroidNodule-TN3K/img/trainval0121.png,tn3k,trainval0121,tn3k_trainval0121,png
/home/user/data/phyusformer_data/post_miccai_exps/data/US30k/US30K/ThyroidNodule-TN3K/img/trainval0122.png,tn3k,trainval0122,tn3k_trainval0122,png
/home/user/data/phyusformer_data/post_miccai_exps/data/US30k/US30K/ThyroidNodule-TN3K/img/trainval0123.png,tn3k,trainval0123,tn3k_trainval0123,png
/home/user/data/phyusformer_data/post_miccai_exps/data/US30k/US30K/ThyroidNodule-TN3K/img/trainval0124.png,tn3k,trainval0124,tn3k_trainval0124,png
/home/user/data/phyusformer_data/post_miccai_exps/data/US30k/US30K/ThyroidNodule-TN3K/img/trainval0125.png,tn3k,trainval0125,tn3k_trainval0125,png
/home/user/data/phyusformer_data/post_miccai_exps/data/US30k/US30K/ThyroidNodule-TN3K/img/trainval0126.png,tn3k,trainval0126,tn3k_trainval0126,png
/home/user/data/phyusformer_data/post_miccai_exps/data/US30k/US30K/ThyroidNodule-TN3K/img/trainval0127.png,tn3k,trainval0127,tn3k_trainval0127,png
/home/user/data/phyusformer_data/post_miccai_exps/data/US30k/US30K/ThyroidNodule-TN3K/img/trainval0128.png,tn3k,trainval0128,tn3k_trainval0128,png
/home/user/data/phyusformer_data/post_miccai_exps/data/US30k/US30K/ThyroidNodule-TN3K/img/trainval0129.png,tn3k,trainval0129,tn3k_trainval0129,png
/home/user/data/phyusformer_data/post_miccai_exps/data/US30k/US30K/ThyroidNodule-TN3K/img/trainval0130.png,tn3k,trainval0130,tn3k_trainval0130,png
/home/user/data/phyusformer_data/post_miccai_exps/data/US30k/US30K/ThyroidNodule-TN3K/img/trainval0131.png,tn3k,trainval0131,tn3k_trainval0131,png
/home/user/data/phyusformer_data/post_miccai_exps/data/US30k/US30K/ThyroidNodule-TN3K/img/trainval0132.png,tn3k,trainval0132,tn3k_trainval0132,png
/home/user/data/phyusformer_data/post_miccai_exps/data/US30k/US30K/ThyroidNodule-TN3K/img/trainval0133.png,tn3k,trainval0133,tn3k_trainval0133,png
/home/user/data/phyusformer_data/post_miccai_exps/data/US30k/US30K/ThyroidNodule-TN3K/img/trainval0134.png,tn3k,trainval0134,tn3k_trainval0134,png
/home/user/data/phyusformer_data/post_miccai_exps/data/US30k/US30K/ThyroidNodule-TN3K/img/trainval0135.png,tn3k,trainval0135,tn3k_trainval0135,png
/home/user/data/phyusformer_data/post_miccai_exps/data/US30k/US30K/ThyroidNodule-TN3K/img/trainval0136.png,tn3k,trainval0136,tn3k_trainval0136,png
/home/user/data/phyusformer_data/post_miccai_exps/data/US30k/US30K/ThyroidNodule-TN3K/img/trainval0137.png,tn3k,trainval0137,tn3k_trainval0137,png
/home/user/data/phyusformer_data/post_miccai_exps/data/US30k/US30K/ThyroidNodule-TN3K/img/trainval0138.png,tn3k,trainval0138,tn3k_trainval0138,png
/home/user/data/phyusformer_data/post_miccai_exps/data/US30k/US30K/ThyroidNodule-TN3K/img/trainval0139.png,tn3k,trainval0139,tn3k_trainval0139,png
/home/user/data/phyusformer_data/post_miccai_exps/data/US30k/US30K/ThyroidNodule-TN3K/img/trainval0140.png,tn3k,trainval0140,tn3k_trainval0140,png
/home/user/data/phyusformer_data/post_miccai_exps/data/US30k/US30K/ThyroidNodule-TN3K/img/trainval0141.png,tn3k,trainval0141,tn3k_trainval0141,png
/home/user/data/phyusformer_data/post_miccai_exps/data/US30k/US30K/ThyroidNodule-TN3K/img/trainval0142.png,tn3k,trainval0142,tn3k_trainval0142,png
/home/user/data/phyusformer_data/post_miccai_exps/data/US30k/US30K/ThyroidNodule-TN3K/img/trainval0143.png,tn3k,trainval0143,tn3k_trainval0143,png
/home/user/data/phyusformer_data/post_miccai_exps/data/US30k/US30K/ThyroidNodule-TN3K/img/trainval0144.png,tn3k,trainval0144,tn3k_trainval0144,png
/home/user/data/phyusformer_data/post_miccai_exps/data/US30k/US30K/ThyroidNodule-TN3K/img/trainval0145.png,tn3k,trainval0145,tn3k_trainval0145,png
/home/user/data/phyusformer_data/post_miccai_exps/data/US30k/US30K/ThyroidNodule-TN3K/img/trainval0146.png,tn3k,trainval0146,tn3k_trainval0146,png
/home/user/data/phyusformer_data/post_miccai_exps/data/US30k/US30K/ThyroidNodule-TN3K/img/trainval0147.png,tn3k,trainval0147,tn3k_trainval0147,png
/home/user/data/phyusformer_data/post_miccai_exps/data/US30k/US30K/ThyroidNodule-TN3K/img/trainval0148.png,tn3k,trainval0148,tn3k_trainval0148,png
/home/user/data/phyusformer_data/post_miccai_exps/data/US30k/US30K/ThyroidNodule-TN3K/img/trainval0149.png,tn3k,trainval0149,tn3k_trainval0149,png
/home/user/data/phyusformer_data/post_miccai_exps/data/US30k/US30K/ThyroidNodule-TN3K/img/trainval0150.png,tn3k,trainval0150,tn3k_trainval0150,png
/home/user/data/phyusformer_data/post_miccai_exps/data/US30k/US30K/ThyroidNodule-TN3K/img/trainval0151.png,tn3k,trainval0151,tn3k_trainval0151,png
/home/user/data/phyusformer_data/post_miccai_exps/data/US30k/US30K/ThyroidNodule-TN3K/img/trainval0152.png,tn3k,trainval0152,tn3k_trainval0152,png
/home/user/data/phyusformer_data/post_miccai_exps/data/US30k/US30K/ThyroidNodule-TN3K/img/trainval0153.png,tn3k,trainval0153,tn3k_trainval0153,png
/home/user/data/phyusformer_data/post_miccai_exps/data/US30k/US30K/ThyroidNodule-TN3K/img/trainval0154.png,tn3k,trainval0154,tn3k_trainval0154,png
/home/user/data/phyusformer_data/post_miccai_exps/data/US30k/US30K/ThyroidNodule-TN3K/img/trainval0155.png,tn3k,trainval0155,tn3k_trainval0155,png
/home/user/data/phyusformer_data/post_miccai_exps/data/US30k/US30K/ThyroidNodule-TN3K/img/trainval0156.png,tn3k,trainval0156,tn3k_trainval0156,png
/home/user/data/phyusformer_data/post_miccai_exps/data/US30k/US30K/ThyroidNodule-TN3K/img/trainval0157.png,tn3k,trainval0157,tn3k_trainval0157,png
/home/user/data/phyusformer_data/post_miccai_exps/data/US30k/US30K/ThyroidNodule-TN3K/img/trainval0158.png,tn3k,trainval0158,tn3k_trainval0158,png
/home/user/data/phyusformer_data/post_miccai_exps/data/US30k/US30K/ThyroidNodule-TN3K/img/trainval0159.png,tn3k,trainval0159,tn3k_trainval0159,png
/home/user/data/phyusformer_data/post_miccai_exps/data/US30k/US30K/ThyroidNodule-TN3K/img/trainval0160.png,tn3k,trainval0160,tn3k_trainval0160,png
/home/user/data/phyusformer_data/post_miccai_exps/data/US30k/US30K/ThyroidNodule-TN3K/img/trainval0161.png,tn3k,trainval0161,tn3k_trainval0161,png
/home/user/data/phyusformer_data/post_miccai_exps/data/US30k/US30K/ThyroidNodule-TN3K/img/trainval0162.png,tn3k,trainval0162,tn3k_trainval0162,png
/home/user/data/phyusformer_data/post_miccai_exps/data/US30k/US30K/ThyroidNodule-TN3K/img/trainval0163.png,tn3k,trainval0163,tn3k_trainval0163,png
/home/user/data/phyusformer_data/post_miccai_exps/data/US30k/US30K/ThyroidNodule-TN3K/img/trainval0164.png,tn3k,trainval0164,tn3k_trainval0164,png
/home/user/data/phyusformer_data/post_miccai_exps/data/US30k/US30K/ThyroidNodule-TN3K/img/trainval0165.png,tn3k,trainval0165,tn3k_trainval0165,png
/home/user/data/phyusformer_data/post_miccai_exps/data/US30k/US30K/ThyroidNodule-TN3K/img/trainval0166.png,tn3k,trainval0166,tn3k_trainval0166,png
/home/user/data/phyusformer_data/post_miccai_exps/data/US30k/US30K/ThyroidNodule-TN3K/img/trainval0167.png,tn3k,trainval0167,tn3k_trainval0167,png
/home/user/data/phyusformer_data/post_miccai_exps/data/US30k/US30K/ThyroidNodule-TN3K/img/trainval0168.png,tn3k,trainval0168,tn3k_trainval0168,png
/home/user/data/phyusformer_data/post_miccai_exps/data/US30k/US30K/ThyroidNodule-TN3K/img/trainval0169.png,tn3k,trainval0169,tn3k_trainval0169,png
/home/user/data/phyusformer_data/post_miccai_exps/data/US30k/US30K/ThyroidNodule-TN3K/img/trainval0170.png,tn3k,trainval0170,tn3k_trainval0170,png
/home/user/data/phyusformer_data/post_miccai_exps/data/US30k/US30K/ThyroidNodule-TN3K/img/trainval0171.png,tn3k,trainval0171,tn3k_trainval0171,png
/home/user/data/phyusformer_data/post_miccai_exps/data/US30k/US30K/ThyroidNodule-TN3K/img/trainval0172.png,tn3k,trainval0172,tn3k_trainval0172,png
/home/user/data/phyusformer_data/post_miccai_exps/data/US30k/US30K/ThyroidNodule-TN3K/img/trainval0173.png,tn3k,trainval0173,tn3k_trainval0173,png
/home/user/data/phyusformer_data/post_miccai_exps/data/US30k/US30K/ThyroidNodule-TN3K/img/trainval0174.png,tn3k,trainval0174,tn3k_trainval0174,png
/home/user/data/phyusformer_data/post_miccai_exps/data/US30k/US30K/ThyroidNodule-TN3K/img/trainval0175.png,tn3k,trainval0175,tn3k_trainval0175,png
/home/user/data/phyusformer_data/post_miccai_exps/data/US30k/US30K/ThyroidNodule-TN3K/img/trainval0176.png,tn3k,trainval0176,tn3k_trainval0176,png
/home/user/data/phyusformer_data/post_miccai_exps/data/US30k/US30K/ThyroidNodule-TN3K/img/trainval0177.png,tn3k,trainval0177,tn3k_trainval0177,png
/home/user/data/phyusformer_data/post_miccai_exps/data/US30k/US30K/ThyroidNodule-TN3K/img/trainval0178.png,tn3k,trainval0178,tn3k_trainval0178,png
/home/user/data/phyusformer_data/post_miccai_exps/data/US30k/US30K/ThyroidNodule-TN3K/img/trainval0179.png,tn3k,trainval0179,tn3k_trainval0179,png
/home/user/data/phyusformer_data/post_miccai_exps/data/US30k/US30K/ThyroidNodule-TN3K/img/trainval0180.png,tn3k,trainval0180,tn3k_trainval0180,png
/home/user/data/phyusformer_data/post_miccai_exps/data/US30k/US30K/ThyroidNodule-TN3K/img/trainval0181.png,tn3k,trainval0181,tn3k_trainval0181,png
/home/user/data/phyusformer_data/post_miccai_exps/data/US30k/US30K/ThyroidNodule-TN3K/img/trainval0182.png,tn3k,trainval0182,tn3k_trainval0182,png
/home/user/data/phyusformer_data/post_miccai_exps/data/US30k/US30K/ThyroidNodule-TN3K/img/trainval0183.png,tn3k,trainval0183,tn3k_trainval0183,png
/home/user/data/phyusformer_data/post_miccai_exps/data/US30k/US30K/ThyroidNodule-TN3K/img/trainval0184.png,tn3k,trainval0184,tn3k_trainval0184,png
/home/user/data/phyusformer_data/post_miccai_exps/data/US30k/US30K/ThyroidNodule-TN3K/img/trainval0185.png,tn3k,trainval0185,tn3k_trainval0185,png
/home/user/data/phyusformer_data/post_miccai_exps/data/US30k/US30K/ThyroidNodule-TN3K/img/trainval0186.png,tn3k,trainval0186,tn3k_trainval0186,png
/home/user/data/phyusformer_data/post_miccai_exps/data/US30k/US30K/ThyroidNodule-TN3K/img/trainval0187.png,tn3k,trainval0187,tn3k_trainval0187,png
/home/user/data/phyusformer_data/post_miccai_exps/data/US30k/US30K/ThyroidNodule-TN3K/img/trainval0188.png,tn3k,trainval0188,tn3k_trainval0188,png
/home/user/data/phyusformer_data/post_miccai_exps/data/US30k/US30K/ThyroidNodule-TN3K/img/trainval0189.png,tn3k,trainval0189,tn3k_trainval0189,png
/home/user/data/phyusformer_data/post_miccai_exps/data/US30k/US30K/ThyroidNodule-TN3K/img/trainval0190.png,tn3k,trainval0190,tn3k_trainval0190,png
/home/user/data/phyusformer_data/post_miccai_exps/data/US30k/US30K/ThyroidNodule-TN3K/img/trainval0191.png,tn3k,trainval0191,tn3k_trainval0191,png
/home/user/data/phyusformer_data/post_miccai_exps/data/US30k/US30K/ThyroidNodule-TN3K/img/trainval0192.png,tn3k,trainval0192,tn3k_trainval0192,png
/home/user/data/phyusformer_data/post_miccai_exps/data/US30k/US30K/ThyroidNodule-TN3K/img/trainval0193.png,tn3k,trainval0193,tn3k_trainval0193,png
/home/user/data/phyusformer_data/post_miccai_exps/data/US30k/US30K/ThyroidNodule-TN3K/img/trainval0194.png,tn3k,trainval0194,tn3k_trainval0194,png
/home/user/data/phyusformer_data/post_miccai_exps/data/US30k/US30K/ThyroidNodule-TN3K/img/trainval0195.png,tn3k,trainval0195,tn3k_trainval0195,png
/home/user/data/phyusformer_data/post_miccai_exps/data/US30k/US30K/ThyroidNodule-TN3K/img/trainval0196.png,tn3k,trainval0196,tn3k_trainval0196,png
/home/user/data/phyusformer_data/post_miccai_exps/data/US30k/US30K/ThyroidNodule-TN3K/img/trainval0197.png,tn3k,trainval0197,tn3k_trainval0197,png
/home/user/data/phyusformer_data/post_miccai_exps/data/US30k/US30K/ThyroidNodule-TN3K/img/trainval0198.png,tn3k,trainval0198,tn3k_trainval0198,png
/home/user/data/phyusformer_data/post_miccai_exps/data/US30k/US30K/ThyroidNodule-TN3K/img/trainval0199.png,tn3k,trainval0199,tn3k_trainval0199,png
/home/user/data/phyusformer_data/post_miccai_exps/data/US30k/US30K/ThyroidNodule-TN3K/img/trainval0200.png,tn3k,trainval0200,tn3k_trainval0200,png
/home/user/data/phyusformer_data/post_miccai_exps/data/US30k/US30K/ThyroidNodule-TN3K/img/trainval0201.png,tn3k,trainval0201,tn3k_trainval0201,png
/home/user/data/phyusformer_data/post_miccai_exps/data/US30k/US30K/ThyroidNodule-TN3K/img/trainval0202.png,tn3k,trainval0202,tn3k_trainval0202,png
/home/user/data/phyusformer_data/post_miccai_exps/data/US30k/US30K/ThyroidNodule-TN3K/img/trainval0203.png,tn3k,trainval0203,tn3k_trainval0203,png
/home/user/data/phyusformer_data/post_miccai_exps/data/US30k/US30K/ThyroidNodule-TN3K/img/trainval0204.png,tn3k,trainval0204,tn3k_trainval0204,png
/home/user/data/phyusformer_data/post_miccai_exps/data/US30k/US30K/ThyroidNodule-TN3K/img/trainval0205.png,tn3k,trainval0205,tn3k_trainval0205,png
/home/user/data/phyusformer_data/post_miccai_exps/data/US30k/US30K/ThyroidNodule-TN3K/img/trainval0206.png,tn3k,trainval0206,tn3k_trainval0206,png
/home/user/data/phyusformer_data/post_miccai_exps/data/US30k/US30K/ThyroidNodule-TN3K/img/trainval0207.png,tn3k,trainval0207,tn3k_trainval0207,png
/home/user/data/phyusformer_data/post_miccai_exps/data/US30k/US30K/ThyroidNodule-TN3K/img/trainval0208.png,tn3k,trainval0208,tn3k_trainval0208,png
/home/user/data/phyusformer_data/post_miccai_exps/data/US30k/US30K/ThyroidNodule-TN3K/img/trainval0209.png,tn3k,trainval0209,tn3k_trainval0209,png
/home/user/data/phyusformer_data/post_miccai_exps/data/US30k/US30K/ThyroidNodule-TN3K/img/trainval0210.png,tn3k,trainval0210,tn3k_trainval0210,png
/home/user/data/phyusformer_data/post_miccai_exps/data/US30k/US30K/ThyroidNodule-TN3K/img/trainval0211.png,tn3k,trainval0211,tn3k_trainval0211,png
/home/user/data/phyusformer_data/post_miccai_exps/data/US30k/US30K/ThyroidNodule-TN3K/img/trainval0212.png,tn3k,trainval0212,tn3k_trainval0212,png
/home/user/data/phyusformer_data/post_miccai_exps/data/US30k/US30K/ThyroidNodule-TN3K/img/trainval0213.png,tn3k,trainval0213,tn3k_trainval0213,png
/home/user/data/phyusformer_data/post_miccai_exps/data/US30k/US30K/ThyroidNodule-TN3K/img/trainval0214.png,tn3k,trainval0214,tn3k_trainval0214,png
/home/user/data/phyusformer_data/post_miccai_exps/data/US30k/US30K/ThyroidNodule-TN3K/img/trainval0215.png,tn3k,trainval0215,tn3k_trainval0215,png
/home/user/data/phyusformer_data/post_miccai_exps/data/US30k/US30K/ThyroidNodule-TN3K/img/trainval0216.png,tn3k,trainval0216,tn3k_trainval0216,png
/home/user/data/phyusformer_data/post_miccai_exps/data/US30k/US30K/ThyroidNodule-TN3K/img/trainval0217.png,tn3k,trainval0217,tn3k_trainval0217,png
/home/user/data/phyusformer_data/post_miccai_exps/data/US30k/US30K/ThyroidNodule-TN3K/img/trainval0218.png,tn3k,trainval0218,tn3k_trainval0218,png
/home/user/data/phyusformer_data/post_miccai_exps/data/US30k/US30K/ThyroidNodule-TN3K/img/trainval0219.png,tn3k,trainval0219,tn3k_trainval0219,png
/home/user/data/phyusformer_data/post_miccai_exps/data/US30k/US30K/ThyroidNodule-TN3K/img/trainval0220.png,tn3k,trainval0220,tn3k_trainval0220,png
/home/user/data/phyusformer_data/post_miccai_exps/data/US30k/US30K/ThyroidNodule-TN3K/img/trainval0221.png,tn3k,trainval0221,tn3k_trainval0221,png
/home/user/data/phyusformer_data/post_miccai_exps/data/US30k/US30K/ThyroidNodule-TN3K/img/trainval0222.png,tn3k,trainval0222,tn3k_trainval0222,png
/home/user/data/phyusformer_data/post_miccai_exps/data/US30k/US30K/ThyroidNodule-TN3K/img/trainval0223.png,tn3k,trainval0223,tn3k_trainval0223,png
/home/user/data/phyusformer_data/post_miccai_exps/data/US30k/US30K/ThyroidNodule-TN3K/img/trainval0224.png,tn3k,trainval0224,tn3k_trainval0224,png
/home/user/data/phyusformer_data/post_miccai_exps/data/US30k/US30K/ThyroidNodule-TN3K/img/trainval0225.png,tn3k,trainval0225,tn3k_trainval0225,png
/home/user/data/phyusformer_data/post_miccai_exps/data/US30k/US30K/ThyroidNodule-TN3K/img/trainval0226.png,tn3k,trainval0226,tn3k_trainval0226,png
/home/user/data/phyusformer_data/post_miccai_exps/data/US30k/US30K/ThyroidNodule-TN3K/img/trainval0227.png,tn3k,trainval0227,tn3k_trainval0227,png
/home/user/data/phyusformer_data/post_miccai_exps/data/US30k/US30K/ThyroidNodule-TN3K/img/trainval0228.png,tn3k,trainval0228,tn3k_trainval0228,png
/home/user/data/phyusformer_data/post_miccai_exps/data/US30k/US30K/ThyroidNodule-TN3K/img/trainval0229.png,tn3k,trainval0229,tn3k_trainval0229,png
/home/user/data/phyusformer_data/post_miccai_exps/data/US30k/US30K/ThyroidNodule-TN3K/img/trainval0230.png,tn3k,trainval0230,tn3k_trainval0230,png
/home/user/data/phyusformer_data/post_miccai_exps/data/US30k/US30K/ThyroidNodule-TN3K/img/trainval0231.png,tn3k,trainval0231,tn3k_trainval0231,png
/home/user/data/phyusformer_data/post_miccai_exps/data/US30k/US30K/ThyroidNodule-TN3K/img/trainval0232.png,tn3k,trainval0232,tn3k_trainval0232,png
/home/user/data/phyusformer_data/post_miccai_exps/data/US30k/US30K/ThyroidNodule-TN3K/img/trainval0233.png,tn3k,trainval0233,tn3k_trainval0233,png
/home/user/data/phyusformer_data/post_miccai_exps/data/US30k/US30K/ThyroidNodule-TN3K/img/trainval0234.png,tn3k,trainval0234,tn3k_trainval0234,png
/home/user/data/phyusformer_data/post_miccai_exps/data/US30k/US30K/ThyroidNodule-TN3K/img/trainval0235.png,tn3k,trainval0235,tn3k_trainval0235,png
/home/user/data/phyusformer_data/post_miccai_exps/data/US30k/US30K/ThyroidNodule-TN3K/img/trainval0236.png,tn3k,trainval0236,tn3k_trainval0236,png
/home/user/data/phyusformer_data/post_miccai_exps/data/US30k/US30K/ThyroidNodule-TN3K/img/trainval0237.png,tn3k,trainval0237,tn3k_trainval0237,png
/home/user/data/phyusformer_data/post_miccai_exps/data/US30k/US30K/ThyroidNodule-TN3K/img/trainval0238.png,tn3k,trainval0238,tn3k_trainval0238,png
/home/user/data/phyusformer_data/post_miccai_exps/data/US30k/US30K/ThyroidNodule-TN3K/img/trainval0239.png,tn3k,trainval0239,tn3k_trainval0239,png
/home/user/data/phyusformer_data/post_miccai_exps/data/US30k/US30K/ThyroidNodule-TN3K/img/trainval0240.png,tn3k,trainval0240,tn3k_trainval0240,png
/home/user/data/phyusformer_data/post_miccai_exps/data/US30k/US30K/ThyroidNodule-TN3K/img/trainval0241.png,tn3k,trainval0241,tn3k_trainval0241,png
/home/user/data/phyusformer_data/post_miccai_exps/data/US30k/US30K/ThyroidNodule-TN3K/img/trainval0242.png,tn3k,trainval0242,tn3k_trainval0242,png
/home/user/data/phyusformer_data/post_miccai_exps/data/US30k/US30K/ThyroidNodule-TN3K/img/trainval0243.png,tn3k,trainval0243,tn3k_trainval0243,png
/home/user/data/phyusformer_data/post_miccai_exps/data/US30k/US30K/ThyroidNodule-TN3K/img/trainval0244.png,tn3k,trainval0244,tn3k_trainval0244,png
/home/user/data/phyusformer_data/post_miccai_exps/data/US30k/US30K/ThyroidNodule-TN3K/img/trainval0245.png,tn3k,trainval0245,tn3k_trainval0245,png
/home/user/data/phyusformer_data/post_miccai_exps/data/US30k/US30K/ThyroidNodule-TN3K/img/trainval0246.png,tn3k,trainval0246,tn3k_trainval0246,png
/home/user/data/phyusformer_data/post_miccai_exps/data/US30k/US30K/ThyroidNodule-TN3K/img/trainval0247.png,tn3k,trainval0247,tn3k_trainval0247,png
/home/user/data/phyusformer_data/post_miccai_exps/data/US30k/US30K/ThyroidNodule-TN3K/img/trainval0248.png,tn3k,trainval0248,tn3k_trainval0248,png
/home/user/data/phyusformer_data/post_miccai_exps/data/US30k/US30K/ThyroidNodule-TN3K/img/trainval0249.png,tn3k,trainval0249,tn3k_trainval0249,png
/home/user/data/phyusformer_data/post_miccai_exps/data/US30k/US30K/ThyroidNodule-TN3K/img/trainval0250.png,tn3k,trainval0250,tn3k_trainval0250,png
/home/user/data/phyusformer_data/post_miccai_exps/data/US30k/US30K/ThyroidNodule-TN3K/img/trainval0251.png,tn3k,trainval0251,tn3k_trainval0251,png
/home/user/data/phyusformer_data/post_miccai_exps/data/US30k/US30K/ThyroidNodule-TN3K/img/trainval0252.png,tn3k,trainval0252,tn3k_trainval0252,png
/home/user/data/phyusformer_data/post_miccai_exps/data/US30k/US30K/ThyroidNodule-TN3K/img/trainval0253.png,tn3k,trainval0253,tn3k_trainval0253,png
/home/user/data/phyusformer_data/post_miccai_exps/data/US30k/US30K/ThyroidNodule-TN3K/img/trainval0254.png,tn3k,trainval0254,tn3k_trainval0254,png
/home/user/data/phyusformer_data/post_miccai_exps/data/US30k/US30K/ThyroidNodule-TN3K/img/trainval0255.png,tn3k,trainval0255,tn3k_trainval0255,png
/home/user/data/phyusformer_data/post_miccai_exps/data/US30k/US30K/ThyroidNodule-TN3K/img/trainval0256.png,tn3k,trainval0256,tn3k_trainval0256,png
/home/user/data/phyusformer_data/post_miccai_exps/data/US30k/US30K/ThyroidNodule-TN3K/img/trainval0257.png,tn3k,trainval0257,tn3k_trainval0257,png
/home/user/data/phyusformer_data/post_miccai_exps/data/US30k/US30K/ThyroidNodule-TN3K/img/trainval0258.png,tn3k,trainval0258,tn3k_trainval0258,png
/home/user/data/phyusformer_data/post_miccai_exps/data/US30k/US30K/ThyroidNodule-TN3K/img/trainval0259.png,tn3k,trainval0259,tn3k_trainval0259,png
/home/user/data/phyusformer_data/post_miccai_exps/data/US30k/US30K/ThyroidNodule-TN3K/img/trainval0260.png,tn3k,trainval0260,tn3k_trainval0260,png
/home/user/data/phyusformer_data/post_miccai_exps/data/US30k/US30K/ThyroidNodule-TN3K/img/trainval0261.png,tn3k,trainval0261,tn3k_trainval0261,png
/home/user/data/phyusformer_data/post_miccai_exps/data/US30k/US30K/ThyroidNodule-TN3K/img/trainval0262.png,tn3k,trainval0262,tn3k_trainval0262,png
/home/user/data/phyusformer_data/post_miccai_exps/data/US30k/US30K/ThyroidNodule-TN3K/img/trainval0263.png,tn3k,trainval0263,tn3k_trainval0263,png
/home/user/data/phyusformer_data/post_miccai_exps/data/US30k/US30K/ThyroidNodule-TN3K/img/trainval0264.png,tn3k,trainval0264,tn3k_trainval0264,png
/home/user/data/phyusformer_data/post_miccai_exps/data/US30k/US30K/ThyroidNodule-TN3K/img/trainval0265.png,tn3k,trainval0265,tn3k_trainval0265,png
/home/user/data/phyusformer_data/post_miccai_exps/data/US30k/US30K/ThyroidNodule-TN3K/img/trainval0266.png,tn3k,trainval0266,tn3k_trainval0266,png
/home/user/data/phyusformer_data/post_miccai_exps/data/US30k/US30K/ThyroidNodule-TN3K/img/trainval0267.png,tn3k,trainval0267,tn3k_trainval0267,png
/home/user/data/phyusformer_data/post_miccai_exps/data/US30k/US30K/ThyroidNodule-TN3K/img/trainval0268.png,tn3k,trainval0268,tn3k_trainval0268,png
/home/user/data/phyusformer_data/post_miccai_exps/data/US30k/US30K/ThyroidNodule-TN3K/img/trainval0269.png,tn3k,trainval0269,tn3k_trainval0269,png
/home/user/data/phyusformer_data/post_miccai_exps/data/US30k/US30K/ThyroidNodule-TN3K/img/trainval0270.png,tn3k,trainval0270,tn3k_trainval0270,png
/home/user/data/phyusformer_data/post_miccai_exps/data/US30k/US30K/ThyroidNodule-TN3K/img/trainval0271.png,tn3k,trainval0271,tn3k_trainval0271,png
/home/user/data/phyusformer_data/post_miccai_exps/data/US30k/US30K/ThyroidNodule-TN3K/img/trainval0272.png,tn3k,trainval0272,tn3k_trainval0272,png
/home/user/data/phyusformer_data/post_miccai_exps/data/US30k/US30K/ThyroidNodule-TN3K/img/trainval0273.png,tn3k,trainval0273,tn3k_trainval0273,png
/home/user/data/phyusformer_data/post_miccai_exps/data/US30k/US30K/ThyroidNodule-TN3K/img/trainval0274.png,tn3k,trainval0274,tn3k_trainval0274,png
/home/user/data/phyusformer_data/post_miccai_exps/data/US30k/US30K/ThyroidNodule-TN3K/img/trainval0275.png,tn3k,trainval0275,tn3k_trainval0275,png
/home/user/data/phyusformer_data/post_miccai_exps/data/US30k/US30K/ThyroidNodule-TN3K/img/trainval0276.png,tn3k,trainval0276,tn3k_trainval0276,png
/home/user/data/phyusformer_data/post_miccai_exps/data/US30k/US30K/ThyroidNodule-TN3K/img/trainval0277.png,tn3k,trainval0277,tn3k_trainval0277,png
/home/user/data/phyusformer_data/post_miccai_exps/data/US30k/US30K/ThyroidNodule-TN3K/img/trainval0278.png,tn3k,trainval0278,tn3k_trainval0278,png
/home/user/data/phyusformer_data/post_miccai_exps/data/US30k/US30K/ThyroidNodule-TN3K/img/trainval0279.png,tn3k,trainval0279,tn3k_trainval0279,png
/home/user/data/phyusformer_data/post_miccai_exps/data/US30k/US30K/ThyroidNodule-TN3K/img/trainval0280.png,tn3k,trainval0280,tn3k_trainval0280,png
/home/user/data/phyusformer_data/post_miccai_exps/data/US30k/US30K/ThyroidNodule-TN3K/img/trainval0281.png,tn3k,trainval0281,tn3k_trainval0281,png
/home/user/data/phyusformer_data/post_miccai_exps/data/US30k/US30K/ThyroidNodule-TN3K/img/trainval0282.png,tn3k,trainval0282,tn3k_trainval0282,png
/home/user/data/phyusformer_data/post_miccai_exps/data/US30k/US30K/ThyroidNodule-TN3K/img/trainval0283.png,tn3k,trainval0283,tn3k_trainval0283,png
/home/user/data/phyusformer_data/post_miccai_exps/data/US30k/US30K/ThyroidNodule-TN3K/img/trainval0284.png,tn3k,trainval0284,tn3k_trainval0284,png
/home/user/data/phyusformer_data/post_miccai_exps/data/US30k/US30K/ThyroidNodule-TN3K/img/trainval0285.png,tn3k,trainval0285,tn3k_trainval0285,png
/home/user/data/phyusformer_data/post_miccai_exps/data/US30k/US30K/ThyroidNodule-TN3K/img/trainval0286.png,tn3k,trainval0286,tn3k_trainval0286,png
/home/user/data/phyusformer_data/post_miccai_exps/data/US30k/US30K/ThyroidNodule-TN3K/img/trainval0287.png,tn3k,trainval0287,tn3k_trainval0287,png
/home/user/data/phyusformer_data/post_miccai_exps/data/US30k/US30K/ThyroidNodule-TN3K/img/trainval0288.png,tn3k,trainval0288,tn3k_trainval0288,png
/home/user/data/phyusformer_data/post_miccai_exps/data/US30k/US30K/ThyroidNodule-TN3K/img/trainval0289.png,tn3k,trainval0289,tn3k_trainval0289,png
/home/user/data/phyusformer_data/post_miccai_exps/data/US30k/US30K/ThyroidNodule-TN3K/img/trainval0290.png,tn3k,trainval0290,tn3k_trainval0290,png
/home/user/data/phyusformer_data/post_miccai_exps/data/US30k/US30K/ThyroidNodule-TN3K/img/trainval0291.png,tn3k,trainval0291,tn3k_trainval0291,png
/home/user/data/phyusformer_data/post_miccai_exps/data/US30k/US30K/ThyroidNodule-TN3K/img/trainval0292.png,tn3k,trainval0292,tn3k_trainval0292,png
/home/user/data/phyusformer_data/post_miccai_exps/data/US30k/US30K/ThyroidNodule-TN3K/img/trainval0293.png,tn3k,trainval0293,tn3k_trainval0293,png
/home/user/data/phyusformer_data/post_miccai_exps/data/US30k/US30K/ThyroidNodule-TN3K/img/trainval0294.png,tn3k,trainval0294,tn3k_trainval0294,png
/home/user/data/phyusformer_data/post_miccai_exps/data/US30k/US30K/ThyroidNodule-TN3K/img/trainval0295.png,tn3k,trainval0295,tn3k_trainval0295,png
/home/user/data/phyusformer_data/post_miccai_exps/data/US30k/US30K/ThyroidNodule-TN3K/img/trainval0296.png,tn3k,trainval0296,tn3k_trainval0296,png
/home/user/data/phyusformer_data/post_miccai_exps/data/US30k/US30K/ThyroidNodule-TN3K/img/trainval0297.png,tn3k,trainval0297,tn3k_trainval0297,png
/home/user/data/phyusformer_data/post_miccai_exps/data/US30k/US30K/ThyroidNodule-TN3K/img/trainval0298.png,tn3k,trainval0298,tn3k_trainval0298,png
/home/user/data/phyusformer_data/post_miccai_exps/data/US30k/US30K/ThyroidNodule-TN3K/img/trainval0299.png,tn3k,trainval0299,tn3k_trainval0299,png
/home/user/data/phyusformer_data/post_miccai_exps/data/US30k/US30K/ThyroidNodule-TN3K/img/trainval0300.png,tn3k,trainval0300,tn3k_trainval0300,png
/home/user/data/phyusformer_data/post_miccai_exps/data/US30k/US30K/ThyroidNodule-TN3K/img/trainval0301.png,tn3k,trainval0301,tn3k_trainval0301,png
/home/user/data/phyusformer_data/post_miccai_exps/data/US30k/US30K/ThyroidNodule-TN3K/img/trainval0302.png,tn3k,trainval0302,tn3k_trainval0302,png
/home/user/data/phyusformer_data/post_miccai_exps/data/US30k/US30K/ThyroidNodule-TN3K/img/trainval0303.png,tn3k,trainval0303,tn3k_trainval0303,png
/home/user/data/phyusformer_data/post_miccai_exps/data/US30k/US30K/ThyroidNodule-TN3K/img/trainval0304.png,tn3k,trainval0304,tn3k_trainval0304,png
/home/user/data/phyusformer_data/post_miccai_exps/data/US30k/US30K/ThyroidNodule-TN3K/img/trainval0305.png,tn3k,trainval0305,tn3k_trainval0305,png
/home/user/data/phyusformer_data/post_miccai_exps/data/US30k/US30K/ThyroidNodule-TN3K/img/trainval0306.png,tn3k,trainval0306,tn3k_trainval0306,png
/home/user/data/phyusformer_data/post_miccai_exps/data/US30k/US30K/ThyroidNodule-TN3K/img/trainval0307.png,tn3k,trainval0307,tn3k_trainval0307,png
/home/user/data/phyusformer_data/post_miccai_exps/data/US30k/US30K/ThyroidNodule-TN3K/img/trainval0308.png,tn3k,trainval0308,tn3k_trainval0308,png
/home/user/data/phyusformer_data/post_miccai_exps/data/US30k/US30K/ThyroidNodule-TN3K/img/trainval0309.png,tn3k,trainval0309,tn3k_trainval0309,png
/home/user/data/phyusformer_data/post_miccai_exps/data/US30k/US30K/ThyroidNodule-TN3K/img/trainval0310.png,tn3k,trainval0310,tn3k_trainval0310,png
/home/user/data/phyusformer_data/post_miccai_exps/data/US30k/US30K/ThyroidNodule-TN3K/img/trainval0311.png,tn3k,trainval0311,tn3k_trainval0311,png
/home/user/data/phyusformer_data/post_miccai_exps/data/US30k/US30K/ThyroidNodule-TN3K/img/trainval0312.png,tn3k,trainval0312,tn3k_trainval0312,png
/home/user/data/phyusformer_data/post_miccai_exps/data/US30k/US30K/ThyroidNodule-TN3K/img/trainval0313.png,tn3k,trainval0313,tn3k_trainval0313,png
/home/user/data/phyusformer_data/post_miccai_exps/data/US30k/US30K/ThyroidNodule-TN3K/img/trainval0314.png,tn3k,trainval0314,tn3k_trainval0314,png
/home/user/data/phyusformer_data/post_miccai_exps/data/US30k/US30K/ThyroidNodule-TN3K/img/trainval0315.png,tn3k,trainval0315,tn3k_trainval0315,png
/home/user/data/phyusformer_data/post_miccai_exps/data/US30k/US30K/ThyroidNodule-TN3K/img/trainval0316.png,tn3k,trainval0316,tn3k_trainval0316,png
/home/user/data/phyusformer_data/post_miccai_exps/data/US30k/US30K/ThyroidNodule-TN3K/img/trainval0317.png,tn3k,trainval0317,tn3k_trainval0317,png
/home/user/data/phyusformer_data/post_miccai_exps/data/US30k/US30K/ThyroidNodule-TN3K/img/trainval0318.png,tn3k,trainval0318,tn3k_trainval0318,png
/home/user/data/phyusformer_data/post_miccai_exps/data/US30k/US30K/ThyroidNodule-TN3K/img/trainval0319.png,tn3k,trainval0319,tn3k_trainval0319,png
/home/user/data/phyusformer_data/post_miccai_exps/data/US30k/US30K/ThyroidNodule-TN3K/img/trainval0320.png,tn3k,trainval0320,tn3k_trainval0320,png
/home/user/data/phyusformer_data/post_miccai_exps/data/US30k/US30K/ThyroidNodule-TN3K/img/trainval0321.png,tn3k,trainval0321,tn3k_trainval0321,png
/home/user/data/phyusformer_data/post_miccai_exps/data/US30k/US30K/ThyroidNodule-TN3K/img/trainval0322.png,tn3k,trainval0322,tn3k_trainval0322,png
/home/user/data/phyusformer_data/post_miccai_exps/data/US30k/US30K/ThyroidNodule-TN3K/img/trainval0323.png,tn3k,trainval0323,tn3k_trainval0323,png
/home/user/data/phyusformer_data/post_miccai_exps/data/US30k/US30K/ThyroidNodule-TN3K/img/trainval0324.png,tn3k,trainval0324,tn3k_trainval0324,png
/home/user/data/phyusformer_data/post_miccai_exps/data/US30k/US30K/ThyroidNodule-TN3K/img/trainval0325.png,tn3k,trainval0325,tn3k_trainval0325,png
/home/user/data/phyusformer_data/post_miccai_exps/data/US30k/US30K/ThyroidNodule-TN3K/img/trainval0326.png,tn3k,trainval0326,tn3k_trainval0326,png
/home/user/data/phyusformer_data/post_miccai_exps/data/US30k/US30K/ThyroidNodule-TN3K/img/trainval0327.png,tn3k,trainval0327,tn3k_trainval0327,png
/home/user/data/phyusformer_data/post_miccai_exps/data/US30k/US30K/ThyroidNodule-TN3K/img/trainval0328.png,tn3k,trainval0328,tn3k_trainval0328,png
/home/user/data/phyusformer_data/post_miccai_exps/data/US30k/US30K/ThyroidNodule-TN3K/img/trainval0329.png,tn3k,trainval0329,tn3k_trainval0329,png
/home/user/data/phyusformer_data/post_miccai_exps/data/US30k/US30K/ThyroidNodule-TN3K/img/trainval0330.png,tn3k,trainval0330,tn3k_trainval0330,png
/home/user/data/phyusformer_data/post_miccai_exps/data/US30k/US30K/ThyroidNodule-TN3K/img/trainval0331.png,tn3k,trainval0331,tn3k_trainval0331,png
/home/user/data/phyusformer_data/post_miccai_exps/data/US30k/US30K/ThyroidNodule-TN3K/img/trainval0332.png,tn3k,trainval0332,tn3k_trainval0332,png
/home/user/data/phyusformer_data/post_miccai_exps/data/US30k/US30K/ThyroidNodule-TN3K/img/trainval0333.png,tn3k,trainval0333,tn3k_trainval0333,png
/home/user/data/phyusformer_data/post_miccai_exps/data/US30k/US30K/ThyroidNodule-TN3K/img/trainval0334.png,tn3k,trainval0334,tn3k_trainval0334,png
/home/user/data/phyusformer_data/post_miccai_exps/data/US30k/US30K/ThyroidNodule-TN3K/img/trainval0335.png,tn3k,trainval0335,tn3k_trainval0335,png
/home/user/data/phyusformer_data/post_miccai_exps/data/US30k/US30K/ThyroidNodule-TN3K/img/trainval0336.png,tn3k,trainval0336,tn3k_trainval0336,png
/home/user/data/phyusformer_data/post_miccai_exps/data/US30k/US30K/ThyroidNodule-TN3K/img/trainval0337.png,tn3k,trainval0337,tn3k_trainval0337,png
/home/user/data/phyusformer_data/post_miccai_exps/data/US30k/US30K/ThyroidNodule-TN3K/img/trainval0338.png,tn3k,trainval0338,tn3k_trainval0338,png
/home/user/data/phyusformer_data/post_miccai_exps/data/US30k/US30K/ThyroidNodule-TN3K/img/trainval0339.png,tn3k,trainval0339,tn3k_trainval0339,png
/home/user/data/phyusformer_data/post_miccai_exps/data/US30k/US30K/ThyroidNodule-TN3K/img/trainval0340.png,tn3k,trainval0340,tn3k_trainval0340,png
/home/user/data/phyusformer_data/post_miccai_exps/data/US30k/US30K/ThyroidNodule-TN3K/img/trainval0341.png,tn3k,trainval0341,tn3k_trainval0341,png
/home/user/data/phyusformer_data/post_miccai_exps/data/US30k/US30K/ThyroidNodule-TN3K/img/trainval0342.png,tn3k,trainval0342,tn3k_trainval0342,png
/home/user/data/phyusformer_data/post_miccai_exps/data/US30k/US30K/ThyroidNodule-TN3K/img/trainval0343.png,tn3k,trainval0343,tn3k_trainval0343,png
/home/user/data/phyusformer_data/post_miccai_exps/data/US30k/US30K/ThyroidNodule-TN3K/img/trainval0344.png,tn3k,trainval0344,tn3k_trainval0344,png
/home/user/data/phyusformer_data/post_miccai_exps/data/US30k/US30K/ThyroidNodule-TN3K/img/trainval0345.png,tn3k,trainval0345,tn3k_trainval0345,png
/home/user/data/phyusformer_data/post_miccai_exps/data/US30k/US30K/ThyroidNodule-TN3K/img/trainval0346.png,tn3k,trainval0346,tn3k_trainval0346,png
/home/user/data/phyusformer_data/post_miccai_exps/data/US30k/US30K/ThyroidNodule-TN3K/img/trainval0347.png,tn3k,trainval0347,tn3k_trainval0347,png
/home/user/data/phyusformer_data/post_miccai_exps/data/US30k/US30K/ThyroidNodule-TN3K/img/trainval0348.png,tn3k,trainval0348,tn3k_trainval0348,png
/home/user/data/phyusformer_data/post_miccai_exps/data/US30k/US30K/ThyroidNodule-TN3K/img/trainval0349.png,tn3k,trainval0349,tn3k_trainval0349,png
/home/user/data/phyusformer_data/post_miccai_exps/data/US30k/US30K/ThyroidNodule-TN3K/img/trainval0350.png,tn3k,trainval0350,tn3k_trainval0350,png
/home/user/data/phyusformer_data/post_miccai_exps/data/US30k/US30K/ThyroidNodule-TN3K/img/trainval0351.png,tn3k,trainval0351,tn3k_trainval0351,png
/home/user/data/phyusformer_data/post_miccai_exps/data/US30k/US30K/ThyroidNodule-TN3K/img/trainval0352.png,tn3k,trainval0352,tn3k_trainval0352,png
/home/user/data/phyusformer_data/post_miccai_exps/data/US30k/US30K/ThyroidNodule-TN3K/img/trainval0353.png,tn3k,trainval0353,tn3k_trainval0353,png
/home/user/data/phyusformer_data/post_miccai_exps/data/US30k/US30K/ThyroidNodule-TN3K/img/trainval0354.png,tn3k,trainval0354,tn3k_trainval0354,png
/home/user/data/phyusformer_data/post_miccai_exps/data/US30k/US30K/ThyroidNodule-TN3K/img/trainval0355.png,tn3k,trainval0355,tn3k_trainval0355,png
/home/user/data/phyusformer_data/post_miccai_exps/data/US30k/US30K/ThyroidNodule-TN3K/img/trainval0356.png,tn3k,trainval0356,tn3k_trainval0356,png
/home/user/data/phyusformer_data/post_miccai_exps/data/US30k/US30K/ThyroidNodule-TN3K/img/trainval0357.png,tn3k,trainval0357,tn3k_trainval0357,png
/home/user/data/phyusformer_data/post_miccai_exps/data/US30k/US30K/ThyroidNodule-TN3K/img/trainval0358.png,tn3k,trainval0358,tn3k_trainval0358,png
/home/user/data/phyusformer_data/post_miccai_exps/data/US30k/US30K/ThyroidNodule-TN3K/img/trainval0359.png,tn3k,trainval0359,tn3k_trainval0359,png
/home/user/data/phyusformer_data/post_miccai_exps/data/US30k/US30K/ThyroidNodule-TN3K/img/trainval0360.png,tn3k,trainval0360,tn3k_trainval0360,png
/home/user/data/phyusformer_data/post_miccai_exps/data/US30k/US30K/ThyroidNodule-TN3K/img/trainval0361.png,tn3k,trainval0361,tn3k_trainval0361,png
/home/user/data/phyusformer_data/post_miccai_exps/data/US30k/US30K/ThyroidNodule-TN3K/img/trainval0362.png,tn3k,trainval0362,tn3k_trainval0362,png
/home/user/data/phyusformer_data/post_miccai_exps/data/US30k/US30K/ThyroidNodule-TN3K/img/trainval0363.png,tn3k,trainval0363,tn3k_trainval0363,png
/home/user/data/phyusformer_data/post_miccai_exps/data/US30k/US30K/ThyroidNodule-TN3K/img/trainval0364.png,tn3k,trainval0364,tn3k_trainval0364,png
/home/user/data/phyusformer_data/post_miccai_exps/data/US30k/US30K/ThyroidNodule-TN3K/img/trainval0365.png,tn3k,trainval0365,tn3k_trainval0365,png
/home/user/data/phyusformer_data/post_miccai_exps/data/US30k/US30K/ThyroidNodule-TN3K/img/trainval0366.png,tn3k,trainval0366,tn3k_trainval0366,png
/home/user/data/phyusformer_data/post_miccai_exps/data/US30k/US30K/ThyroidNodule-TN3K/img/trainval0367.png,tn3k,trainval0367,tn3k_trainval0367,png
/home/user/data/phyusformer_data/post_miccai_exps/data/US30k/US30K/ThyroidNodule-TN3K/img/trainval0368.png,tn3k,trainval0368,tn3k_trainval0368,png
/home/user/data/phyusformer_data/post_miccai_exps/data/US30k/US30K/ThyroidNodule-TN3K/img/trainval0369.png,tn3k,trainval0369,tn3k_trainval0369,png
/home/user/data/phyusformer_data/post_miccai_exps/data/US30k/US30K/ThyroidNodule-TN3K/img/trainval0370.png,tn3k,trainval0370,tn3k_trainval0370,png
/home/user/data/phyusformer_data/post_miccai_exps/data/US30k/US30K/ThyroidNodule-TN3K/img/trainval0371.png,tn3k,trainval0371,tn3k_trainval0371,png
/home/user/data/phyusformer_data/post_miccai_exps/data/US30k/US30K/ThyroidNodule-TN3K/img/trainval0372.png,tn3k,trainval0372,tn3k_trainval0372,png
/home/user/data/phyusformer_data/post_miccai_exps/data/US30k/US30K/ThyroidNodule-TN3K/img/trainval0373.png,tn3k,trainval0373,tn3k_trainval0373,png
/home/user/data/phyusformer_data/post_miccai_exps/data/US30k/US30K/ThyroidNodule-TN3K/img/trainval0374.png,tn3k,trainval0374,tn3k_trainval0374,png
/home/user/data/phyusformer_data/post_miccai_exps/data/US30k/US30K/ThyroidNodule-TN3K/img/trainval0375.png,tn3k,trainval0375,tn3k_trainval0375,png
/home/user/data/phyusformer_data/post_miccai_exps/data/US30k/US30K/ThyroidNodule-TN3K/img/trainval0376.png,tn3k,trainval0376,tn3k_trainval0376,png
/home/user/data/phyusformer_data/post_miccai_exps/data/US30k/US30K/ThyroidNodule-TN3K/img/trainval0377.png,tn3k,trainval0377,tn3k_trainval0377,png
/home/user/data/phyusformer_data/post_miccai_exps/data/US30k/US30K/ThyroidNodule-TN3K/img/trainval0378.png,tn3k,trainval0378,tn3k_trainval0378,png
/home/user/data/phyusformer_data/post_miccai_exps/data/US30k/US30K/ThyroidNodule-TN3K/img/trainval0379.png,tn3k,trainval0379,tn3k_trainval0379,png
/home/user/data/phyusformer_data/post_miccai_exps/data/US30k/US30K/ThyroidNodule-TN3K/img/trainval0380.png,tn3k,trainval0380,tn3k_trainval0380,png
/home/user/data/phyusformer_data/post_miccai_exps/data/US30k/US30K/ThyroidNodule-TN3K/img/trainval0381.png,tn3k,trainval0381,tn3k_trainval0381,png
/home/user/data/phyusformer_data/post_miccai_exps/data/US30k/US30K/ThyroidNodule-TN3K/img/trainval0382.png,tn3k,trainval0382,tn3k_trainval0382,png
/home/user/data/phyusformer_data/post_miccai_exps/data/US30k/US30K/ThyroidNodule-TN3K/img/trainval0383.png,tn3k,trainval0383,tn3k_trainval0383,png
/home/user/data/phyusformer_data/post_miccai_exps/data/US30k/US30K/ThyroidNodule-TN3K/img/trainval0384.png,tn3k,trainval0384,tn3k_trainval0384,png
/home/user/data/phyusformer_data/post_miccai_exps/data/US30k/US30K/ThyroidNodule-TN3K/img/trainval0385.png,tn3k,trainval0385,tn3k_trainval0385,png
/home/user/data/phyusformer_data/post_miccai_exps/data/US30k/US30K/ThyroidNodule-TN3K/img/trainval0386.png,tn3k,trainval0386,tn3k_trainval0386,png
/home/user/data/phyusformer_data/post_miccai_exps/data/US30k/US30K/ThyroidNodule-TN3K/img/trainval0387.png,tn3k,trainval0387,tn3k_trainval0387,png
/home/user/data/phyusformer_data/post_miccai_exps/data/US30k/US30K/ThyroidNodule-TN3K/img/trainval0388.png,tn3k,trainval0388,tn3k_trainval0388,png
/home/user/data/phyusformer_data/post_miccai_exps/data/US30k/US30K/ThyroidNodule-TN3K/img/trainval0389.png,tn3k,trainval0389,tn3k_trainval0389,png
/home/user/data/phyusformer_data/post_miccai_exps/data/US30k/US30K/ThyroidNodule-TN3K/img/trainval0390.png,tn3k,trainval0390,tn3k_trainval0390,png
/home/user/data/phyusformer_data/post_miccai_exps/data/US30k/US30K/ThyroidNodule-TN3K/img/trainval0391.png,tn3k,trainval0391,tn3k_trainval0391,png
/home/user/data/phyusformer_data/post_miccai_exps/data/US30k/US30K/ThyroidNodule-TN3K/img/trainval0392.png,tn3k,trainval0392,tn3k_trainval0392,png
/home/user/data/phyusformer_data/post_miccai_exps/data/US30k/US30K/ThyroidNodule-TN3K/img/trainval0393.png,tn3k,trainval0393,tn3k_trainval0393,png
/home/user/data/phyusformer_data/post_miccai_exps/data/US30k/US30K/ThyroidNodule-TN3K/img/trainval0394.png,tn3k,trainval0394,tn3k_trainval0394,png
/home/user/data/phyusformer_data/post_miccai_exps/data/US30k/US30K/ThyroidNodule-TN3K/img/trainval0395.png,tn3k,trainval0395,tn3k_trainval0395,png
/home/user/data/phyusformer_data/post_miccai_exps/data/US30k/US30K/ThyroidNodule-TN3K/img/trainval0396.png,tn3k,trainval0396,tn3k_trainval0396,png
/home/user/data/phyusformer_data/post_miccai_exps/data/US30k/US30K/ThyroidNodule-TN3K/img/trainval0397.png,tn3k,trainval0397,tn3k_trainval0397,png
/home/user/data/phyusformer_data/post_miccai_exps/data/US30k/US30K/ThyroidNodule-TN3K/img/trainval0398.png,tn3k,trainval0398,tn3k_trainval0398,png
/home/user/data/phyusformer_data/post_miccai_exps/data/US30k/US30K/ThyroidNodule-TN3K/img/trainval0399.png,tn3k,trainval0399,tn3k_trainval0399,png
/home/user/data/phyusformer_data/post_miccai_exps/data/US30k/US30K/ThyroidNodule-TN3K/img/trainval0400.png,tn3k,trainval0400,tn3k_trainval0400,png
/home/user/data/phyusformer_data/post_miccai_exps/data/US30k/US30K/ThyroidNodule-TN3K/img/trainval0401.png,tn3k,trainval0401,tn3k_trainval0401,png
/home/user/data/phyusformer_data/post_miccai_exps/data/US30k/US30K/ThyroidNodule-TN3K/img/trainval0402.png,tn3k,trainval0402,tn3k_trainval0402,png
/home/user/data/phyusformer_data/post_miccai_exps/data/US30k/US30K/ThyroidNodule-TN3K/img/trainval0403.png,tn3k,trainval0403,tn3k_trainval0403,png
/home/user/data/phyusformer_data/post_miccai_exps/data/US30k/US30K/ThyroidNodule-TN3K/img/trainval0404.png,tn3k,trainval0404,tn3k_trainval0404,png
/home/user/data/phyusformer_data/post_miccai_exps/data/US30k/US30K/ThyroidNodule-TN3K/img/trainval0405.png,tn3k,trainval0405,tn3k_trainval0405,png
/home/user/data/phyusformer_data/post_miccai_exps/data/US30k/US30K/ThyroidNodule-TN3K/img/trainval0406.png,tn3k,trainval0406,tn3k_trainval0406,png
/home/user/data/phyusformer_data/post_miccai_exps/data/US30k/US30K/ThyroidNodule-TN3K/img/trainval0407.png,tn3k,trainval0407,tn3k_trainval0407,png
/home/user/data/phyusformer_data/post_miccai_exps/data/US30k/US30K/ThyroidNodule-TN3K/img/trainval0408.png,tn3k,trainval0408,tn3k_trainval0408,png
/home/user/data/phyusformer_data/post_miccai_exps/data/US30k/US30K/ThyroidNodule-TN3K/img/trainval0409.png,tn3k,trainval0409,tn3k_trainval0409,png
/home/user/data/phyusformer_data/post_miccai_exps/data/US30k/US30K/ThyroidNodule-TN3K/img/trainval0410.png,tn3k,trainval0410,tn3k_trainval0410,png
/home/user/data/phyusformer_data/post_miccai_exps/data/US30k/US30K/ThyroidNodule-TN3K/img/trainval0411.png,tn3k,trainval0411,tn3k_trainval0411,png
/home/user/data/phyusformer_data/post_miccai_exps/data/US30k/US30K/ThyroidNodule-TN3K/img/trainval0412.png,tn3k,trainval0412,tn3k_trainval0412,png
/home/user/data/phyusformer_data/post_miccai_exps/data/US30k/US30K/ThyroidNodule-TN3K/img/trainval0413.png,tn3k,trainval0413,tn3k_trainval0413,png
/home/user/data/phyusformer_data/post_miccai_exps/data/US30k/US30K/ThyroidNodule-TN3K/img/trainval0414.png,tn3k,trainval0414,tn3k_trainval0414,png
/home/user/data/phyusformer_data/post_miccai_exps/data/US30k/US30K/ThyroidNodule-TN3K/img/trainval0415.png,tn3k,trainval0415,tn3k_trainval0415,png
/home/user/data/phyusformer_data/post_miccai_exps/data/US30k/US30K/ThyroidNodule-TN3K/img/trainval0416.png,tn3k,trainval0416,tn3k_trainval0416,png
/home/user/data/phyusformer_data/post_miccai_exps/data/US30k/US30K/ThyroidNodule-TN3K/img/trainval0417.png,tn3k,trainval0417,tn3k_trainval0417,png
/home/user/data/phyusformer_data/post_miccai_exps/data/US30k/US30K/ThyroidNodule-TN3K/img/trainval0418.png,tn3k,trainval0418,tn3k_trainval0418,png
/home/user/data/phyusformer_data/post_miccai_exps/data/US30k/US30K/ThyroidNodule-TN3K/img/trainval0419.png,tn3k,trainval0419,tn3k_trainval0419,png
/home/user/data/phyusformer_data/post_miccai_exps/data/US30k/US30K/ThyroidNodule-TN3K/img/trainval0420.png,tn3k,trainval0420,tn3k_trainval0420,png
/home/user/data/phyusformer_data/post_miccai_exps/data/US30k/US30K/ThyroidNodule-TN3K/img/trainval0421.png,tn3k,trainval0421,tn3k_trainval0421,png
/home/user/data/phyusformer_data/post_miccai_exps/data/US30k/US30K/ThyroidNodule-TN3K/img/trainval0422.png,tn3k,trainval0422,tn3k_trainval0422,png
/home/user/data/phyusformer_data/post_miccai_exps/data/US30k/US30K/ThyroidNodule-TN3K/img/trainval0423.png,tn3k,trainval0423,tn3k_trainval0423,png
/home/user/data/phyusformer_data/post_miccai_exps/data/US30k/US30K/ThyroidNodule-TN3K/img/trainval0424.png,tn3k,trainval0424,tn3k_trainval0424,png
/home/user/data/phyusformer_data/post_miccai_exps/data/US30k/US30K/ThyroidNodule-TN3K/img/trainval0425.png,tn3k,trainval0425,tn3k_trainval0425,png
/home/user/data/phyusformer_data/post_miccai_exps/data/US30k/US30K/ThyroidNodule-TN3K/img/trainval0426.png,tn3k,trainval0426,tn3k_trainval0426,png
/home/user/data/phyusformer_data/post_miccai_exps/data/US30k/US30K/ThyroidNodule-TN3K/img/trainval0427.png,tn3k,trainval0427,tn3k_trainval0427,png
/home/user/data/phyusformer_data/post_miccai_exps/data/US30k/US30K/ThyroidNodule-TN3K/img/trainval0428.png,tn3k,trainval0428,tn3k_trainval0428,png
/home/user/data/phyusformer_data/post_miccai_exps/data/US30k/US30K/ThyroidNodule-TN3K/img/trainval0429.png,tn3k,trainval0429,tn3k_trainval0429,png
/home/user/data/phyusformer_data/post_miccai_exps/data/US30k/US30K/ThyroidNodule-TN3K/img/trainval0430.png,tn3k,trainval0430,tn3k_trainval0430,png
/home/user/data/phyusformer_data/post_miccai_exps/data/US30k/US30K/ThyroidNodule-TN3K/img/trainval0431.png,tn3k,trainval0431,tn3k_trainval0431,png
/home/user/data/phyusformer_data/post_miccai_exps/data/US30k/US30K/ThyroidNodule-TN3K/img/trainval0432.png,tn3k,trainval0432,tn3k_trainval0432,png
/home/user/data/phyusformer_data/post_miccai_exps/data/US30k/US30K/ThyroidNodule-TN3K/img/trainval0433.png,tn3k,trainval0433,tn3k_trainval0433,png
/home/user/data/phyusformer_data/post_miccai_exps/data/US30k/US30K/ThyroidNodule-TN3K/img/trainval0434.png,tn3k,trainval0434,tn3k_trainval0434,png
/home/user/data/phyusformer_data/post_miccai_exps/data/US30k/US30K/ThyroidNodule-TN3K/img/trainval0435.png,tn3k,trainval0435,tn3k_trainval0435,png
/home/user/data/phyusformer_data/post_miccai_exps/data/US30k/US30K/ThyroidNodule-TN3K/img/trainval0436.png,tn3k,trainval0436,tn3k_trainval0436,png
/home/user/data/phyusformer_data/post_miccai_exps/data/US30k/US30K/ThyroidNodule-TN3K/img/trainval0437.png,tn3k,trainval0437,tn3k_trainval0437,png
/home/user/data/phyusformer_data/post_miccai_exps/data/US30k/US30K/ThyroidNodule-TN3K/img/trainval0438.png,tn3k,trainval0438,tn3k_trainval0438,png
/home/user/data/phyusformer_data/post_miccai_exps/data/US30k/US30K/ThyroidNodule-TN3K/img/trainval0439.png,tn3k,trainval0439,tn3k_trainval0439,png
/home/user/data/phyusformer_data/post_miccai_exps/data/US30k/US30K/ThyroidNodule-TN3K/img/trainval0440.png,tn3k,trainval0440,tn3k_trainval0440,png
/home/user/data/phyusformer_data/post_miccai_exps/data/US30k/US30K/ThyroidNodule-TN3K/img/trainval0441.png,tn3k,trainval0441,tn3k_trainval0441,png
/home/user/data/phyusformer_data/post_miccai_exps/data/US30k/US30K/ThyroidNodule-TN3K/img/trainval0442.png,tn3k,trainval0442,tn3k_trainval0442,png
/home/user/data/phyusformer_data/post_miccai_exps/data/US30k/US30K/ThyroidNodule-TN3K/img/trainval0443.png,tn3k,trainval0443,tn3k_trainval0443,png
/home/user/data/phyusformer_data/post_miccai_exps/data/US30k/US30K/ThyroidNodule-TN3K/img/trainval0444.png,tn3k,trainval0444,tn3k_trainval0444,png
/home/user/data/phyusformer_data/post_miccai_exps/data/US30k/US30K/ThyroidNodule-TN3K/img/trainval0445.png,tn3k,trainval0445,tn3k_trainval0445,png
/home/user/data/phyusformer_data/post_miccai_exps/data/US30k/US30K/ThyroidNodule-TN3K/img/trainval0446.png,tn3k,trainval0446,tn3k_trainval0446,png
/home/user/data/phyusformer_data/post_miccai_exps/data/US30k/US30K/ThyroidNodule-TN3K/img/trainval0447.png,tn3k,trainval0447,tn3k_trainval0447,png
/home/user/data/phyusformer_data/post_miccai_exps/data/US30k/US30K/ThyroidNodule-TN3K/img/trainval0448.png,tn3k,trainval0448,tn3k_trainval0448,png
/home/user/data/phyusformer_data/post_miccai_exps/data/US30k/US30K/ThyroidNodule-TN3K/img/trainval0449.png,tn3k,trainval0449,tn3k_trainval0449,png
/home/user/data/phyusformer_data/post_miccai_exps/data/US30k/US30K/ThyroidNodule-TN3K/img/trainval0450.png,tn3k,trainval0450,tn3k_trainval0450,png
/home/user/data/phyusformer_data/post_miccai_exps/data/US30k/US30K/ThyroidNodule-TN3K/img/trainval0451.png,tn3k,trainval0451,tn3k_trainval0451,png
/home/user/data/phyusformer_data/post_miccai_exps/data/US30k/US30K/ThyroidNodule-TN3K/img/trainval0452.png,tn3k,trainval0452,tn3k_trainval0452,png
/home/user/data/phyusformer_data/post_miccai_exps/data/US30k/US30K/ThyroidNodule-TN3K/img/trainval0453.png,tn3k,trainval0453,tn3k_trainval0453,png
/home/user/data/phyusformer_data/post_miccai_exps/data/US30k/US30K/ThyroidNodule-TN3K/img/trainval0454.png,tn3k,trainval0454,tn3k_trainval0454,png
/home/user/data/phyusformer_data/post_miccai_exps/data/US30k/US30K/ThyroidNodule-TN3K/img/trainval0455.png,tn3k,trainval0455,tn3k_trainval0455,png
/home/user/data/phyusformer_data/post_miccai_exps/data/US30k/US30K/ThyroidNodule-TN3K/img/trainval0456.png,tn3k,trainval0456,tn3k_trainval0456,png
/home/user/data/phyusformer_data/post_miccai_exps/data/US30k/US30K/ThyroidNodule-TN3K/img/trainval0457.png,tn3k,trainval0457,tn3k_trainval0457,png
/home/user/data/phyusformer_data/post_miccai_exps/data/US30k/US30K/ThyroidNodule-TN3K/img/trainval0458.png,tn3k,trainval0458,tn3k_trainval0458,png
/home/user/data/phyusformer_data/post_miccai_exps/data/US30k/US30K/ThyroidNodule-TN3K/img/trainval0459.png,tn3k,trainval0459,tn3k_trainval0459,png
/home/user/data/phyusformer_data/post_miccai_exps/data/US30k/US30K/ThyroidNodule-TN3K/img/trainval0460.png,tn3k,trainval0460,tn3k_trainval0460,png
/home/user/data/phyusformer_data/post_miccai_exps/data/US30k/US30K/ThyroidNodule-TN3K/img/trainval0461.png,tn3k,trainval0461,tn3k_trainval0461,png
/home/user/data/phyusformer_data/post_miccai_exps/data/US30k/US30K/ThyroidNodule-TN3K/img/trainval0462.png,tn3k,trainval0462,tn3k_trainval0462,png
/home/user/data/phyusformer_data/post_miccai_exps/data/US30k/US30K/ThyroidNodule-TN3K/img/trainval0463.png,tn3k,trainval0463,tn3k_trainval0463,png
/home/user/data/phyusformer_data/post_miccai_exps/data/US30k/US30K/ThyroidNodule-TN3K/img/trainval0464.png,tn3k,trainval0464,tn3k_trainval0464,png
/home/user/data/phyusformer_data/post_miccai_exps/data/US30k/US30K/ThyroidNodule-TN3K/img/trainval0465.png,tn3k,trainval0465,tn3k_trainval0465,png
/home/user/data/phyusformer_data/post_miccai_exps/data/US30k/US30K/ThyroidNodule-TN3K/img/trainval0466.png,tn3k,trainval0466,tn3k_trainval0466,png
/home/user/data/phyusformer_data/post_miccai_exps/data/US30k/US30K/ThyroidNodule-TN3K/img/trainval0467.png,tn3k,trainval0467,tn3k_trainval0467,png
/home/user/data/phyusformer_data/post_miccai_exps/data/US30k/US30K/ThyroidNodule-TN3K/img/trainval0468.png,tn3k,trainval0468,tn3k_trainval0468,png
/home/user/data/phyusformer_data/post_miccai_exps/data/US30k/US30K/ThyroidNodule-TN3K/img/trainval0469.png,tn3k,trainval0469,tn3k_trainval0469,png
/home/user/data/phyusformer_data/post_miccai_exps/data/US30k/US30K/ThyroidNodule-TN3K/img/trainval0470.png,tn3k,trainval0470,tn3k_trainval0470,png
/home/user/data/phyusformer_data/post_miccai_exps/data/US30k/US30K/ThyroidNodule-TN3K/img/trainval0471.png,tn3k,trainval0471,tn3k_trainval0471,png
/home/user/data/phyusformer_data/post_miccai_exps/data/US30k/US30K/ThyroidNodule-TN3K/img/trainval0472.png,tn3k,trainval0472,tn3k_trainval0472,png
/home/user/data/phyusformer_data/post_miccai_exps/data/US30k/US30K/ThyroidNodule-TN3K/img/trainval0473.png,tn3k,trainval0473,tn3k_trainval0473,png
/home/user/data/phyusformer_data/post_miccai_exps/data/US30k/US30K/ThyroidNodule-TN3K/img/trainval0474.png,tn3k,trainval0474,tn3k_trainval0474,png
/home/user/data/phyusformer_data/post_miccai_exps/data/US30k/US30K/ThyroidNodule-TN3K/img/trainval0475.png,tn3k,trainval0475,tn3k_trainval0475,png
/home/user/data/phyusformer_data/post_miccai_exps/data/US30k/US30K/ThyroidNodule-TN3K/img/trainval0476.png,tn3k,trainval0476,tn3k_trainval0476,png
/home/user/data/phyusformer_data/post_miccai_exps/data/US30k/US30K/ThyroidNodule-TN3K/img/trainval0477.png,tn3k,trainval0477,tn3k_trainval0477,png
/home/user/data/phyusformer_data/post_miccai_exps/data/US30k/US30K/ThyroidNodule-TN3K/img/trainval0478.png,tn3k,trainval0478,tn3k_trainval0478,png
/home/user/data/phyusformer_data/post_miccai_exps/data/US30k/US30K/ThyroidNodule-TN3K/img/trainval0479.png,tn3k,trainval0479,tn3k_trainval0479,png
/home/user/data/phyusformer_data/post_miccai_exps/data/US30k/US30K/ThyroidNodule-TN3K/img/trainval0480.png,tn3k,trainval0480,tn3k_trainval0480,png
/home/user/data/phyusformer_data/post_miccai_exps/data/US30k/US30K/ThyroidNodule-TN3K/img/trainval0481.png,tn3k,trainval0481,tn3k_trainval0481,png
/home/user/data/phyusformer_data/post_miccai_exps/data/US30k/US30K/ThyroidNodule-TN3K/img/trainval0482.png,tn3k,trainval0482,tn3k_trainval0482,png
/home/user/data/phyusformer_data/post_miccai_exps/data/US30k/US30K/ThyroidNodule-TN3K/img/trainval0483.png,tn3k,trainval0483,tn3k_trainval0483,png
/home/user/data/phyusformer_data/post_miccai_exps/data/US30k/US30K/ThyroidNodule-TN3K/img/trainval0484.png,tn3k,trainval0484,tn3k_trainval0484,png
/home/user/data/phyusformer_data/post_miccai_exps/data/US30k/US30K/ThyroidNodule-TN3K/img/trainval0485.png,tn3k,trainval0485,tn3k_trainval0485,png
/home/user/data/phyusformer_data/post_miccai_exps/data/US30k/US30K/ThyroidNodule-TN3K/img/trainval0486.png,tn3k,trainval0486,tn3k_trainval0486,png
/home/user/data/phyusformer_data/post_miccai_exps/data/US30k/US30K/ThyroidNodule-TN3K/img/trainval0487.png,tn3k,trainval0487,tn3k_trainval0487,png
/home/user/data/phyusformer_data/post_miccai_exps/data/US30k/US30K/ThyroidNodule-TN3K/img/trainval0488.png,tn3k,trainval0488,tn3k_trainval0488,png
/home/user/data/phyusformer_data/post_miccai_exps/data/US30k/US30K/ThyroidNodule-TN3K/img/trainval0489.png,tn3k,trainval0489,tn3k_trainval0489,png
/home/user/data/phyusformer_data/post_miccai_exps/data/US30k/US30K/ThyroidNodule-TN3K/img/trainval0490.png,tn3k,trainval0490,tn3k_trainval0490,png
/home/user/data/phyusformer_data/post_miccai_exps/data/US30k/US30K/ThyroidNodule-TN3K/img/trainval0491.png,tn3k,trainval0491,tn3k_trainval0491,png
/home/user/data/phyusformer_data/post_miccai_exps/data/US30k/US30K/ThyroidNodule-TN3K/img/trainval0492.png,tn3k,trainval0492,tn3k_trainval0492,png
/home/user/data/phyusformer_data/post_miccai_exps/data/US30k/US30K/ThyroidNodule-TN3K/img/trainval0493.png,tn3k,trainval0493,tn3k_trainval0493,png
/home/user/data/phyusformer_data/post_miccai_exps/data/US30k/US30K/ThyroidNodule-TN3K/img/trainval0494.png,tn3k,trainval0494,tn3k_trainval0494,png
/home/user/data/phyusformer_data/post_miccai_exps/data/US30k/US30K/ThyroidNodule-TN3K/img/trainval0495.png,tn3k,trainval0495,tn3k_trainval0495,png
/home/user/data/phyusformer_data/post_miccai_exps/data/US30k/US30K/ThyroidNodule-TN3K/img/trainval0496.png,tn3k,trainval0496,tn3k_trainval0496,png
/home/user/data/phyusformer_data/post_miccai_exps/data/US30k/US30K/ThyroidNodule-TN3K/img/trainval0497.png,tn3k,trainval0497,tn3k_trainval0497,png
/home/user/data/phyusformer_data/post_miccai_exps/data/US30k/US30K/ThyroidNodule-TN3K/img/trainval0498.png,tn3k,trainval0498,tn3k_trainval0498,png
/home/user/data/phyusformer_data/post_miccai_exps/data/US30k/US30K/ThyroidNodule-TN3K/img/trainval0499.png,tn3k,trainval0499,tn3k_trainval0499,png
/home/user/data/phyusformer_data/post_miccai_exps/data/US30k/US30K/ThyroidNodule-TN3K/img/trainval0500.png,tn3k,trainval0500,tn3k_trainval0500,png
/home/user/data/phyusformer_data/post_miccai_exps/data/US30k/US30K/ThyroidNodule-TN3K/img/trainval0501.png,tn3k,trainval0501,tn3k_trainval0501,png
/home/user/data/phyusformer_data/post_miccai_exps/data/US30k/US30K/ThyroidNodule-TN3K/img/trainval0502.png,tn3k,trainval0502,tn3k_trainval0502,png
/home/user/data/phyusformer_data/post_miccai_exps/data/US30k/US30K/ThyroidNodule-TN3K/img/trainval0503.png,tn3k,trainval0503,tn3k_trainval0503,png
/home/user/data/phyusformer_data/post_miccai_exps/data/US30k/US30K/ThyroidNodule-TN3K/img/trainval0504.png,tn3k,trainval0504,tn3k_trainval0504,png
/home/user/data/phyusformer_data/post_miccai_exps/data/US30k/US30K/ThyroidNodule-TN3K/img/trainval0505.png,tn3k,trainval0505,tn3k_trainval0505,png
/home/user/data/phyusformer_data/post_miccai_exps/data/US30k/US30K/ThyroidNodule-TN3K/img/trainval0506.png,tn3k,trainval0506,tn3k_trainval0506,png
/home/user/data/phyusformer_data/post_miccai_exps/data/US30k/US30K/ThyroidNodule-TN3K/img/trainval0507.png,tn3k,trainval0507,tn3k_trainval0507,png
/home/user/data/phyusformer_data/post_miccai_exps/data/US30k/US30K/ThyroidNodule-TN3K/img/trainval0508.png,tn3k,trainval0508,tn3k_trainval0508,png
/home/user/data/phyusformer_data/post_miccai_exps/data/US30k/US30K/ThyroidNodule-TN3K/img/trainval0509.png,tn3k,trainval0509,tn3k_trainval0509,png
/home/user/data/phyusformer_data/post_miccai_exps/data/US30k/US30K/ThyroidNodule-TN3K/img/trainval0510.png,tn3k,trainval0510,tn3k_trainval0510,png
/home/user/data/phyusformer_data/post_miccai_exps/data/US30k/US30K/ThyroidNodule-TN3K/img/trainval0511.png,tn3k,trainval0511,tn3k_trainval0511,png
/home/user/data/phyusformer_data/post_miccai_exps/data/US30k/US30K/ThyroidNodule-TN3K/img/trainval0512.png,tn3k,trainval0512,tn3k_trainval0512,png
/home/user/data/phyusformer_data/post_miccai_exps/data/US30k/US30K/ThyroidNodule-TN3K/img/trainval0513.png,tn3k,trainval0513,tn3k_trainval0513,png
/home/user/data/phyusformer_data/post_miccai_exps/data/US30k/US30K/ThyroidNodule-TN3K/img/trainval0514.png,tn3k,trainval0514,tn3k_trainval0514,png
/home/user/data/phyusformer_data/post_miccai_exps/data/US30k/US30K/ThyroidNodule-TN3K/img/trainval0515.png,tn3k,trainval0515,tn3k_trainval0515,png
/home/user/data/phyusformer_data/post_miccai_exps/data/US30k/US30K/ThyroidNodule-TN3K/img/trainval0516.png,tn3k,trainval0516,tn3k_trainval0516,png
/home/user/data/phyusformer_data/post_miccai_exps/data/US30k/US30K/ThyroidNodule-TN3K/img/trainval0517.png,tn3k,trainval0517,tn3k_trainval0517,png
/home/user/data/phyusformer_data/post_miccai_exps/data/US30k/US30K/ThyroidNodule-TN3K/img/trainval0518.png,tn3k,trainval0518,tn3k_trainval0518,png
/home/user/data/phyusformer_data/post_miccai_exps/data/US30k/US30K/ThyroidNodule-TN3K/img/trainval0519.png,tn3k,trainval0519,tn3k_trainval0519,png
/home/user/data/phyusformer_data/post_miccai_exps/data/US30k/US30K/ThyroidNodule-TN3K/img/trainval0520.png,tn3k,trainval0520,tn3k_trainval0520,png
/home/user/data/phyusformer_data/post_miccai_exps/data/US30k/US30K/ThyroidNodule-TN3K/img/trainval0521.png,tn3k,trainval0521,tn3k_trainval0521,png
/home/user/data/phyusformer_data/post_miccai_exps/data/US30k/US30K/ThyroidNodule-TN3K/img/trainval0522.png,tn3k,trainval0522,tn3k_trainval0522,png
/home/user/data/phyusformer_data/post_miccai_exps/data/US30k/US30K/ThyroidNodule-TN3K/img/trainval0523.png,tn3k,trainval0523,tn3k_trainval0523,png
/home/user/data/phyusformer_data/post_miccai_exps/data/US30k/US30K/ThyroidNodule-TN3K/img/trainval0524.png,tn3k,trainval0524,tn3k_trainval0524,png
/home/user/data/phyusformer_data/post_miccai_exps/data/US30k/US30K/ThyroidNodule-TN3K/img/trainval0525.png,tn3k,trainval0525,tn3k_trainval0525,png
/home/user/data/phyusformer_data/post_miccai_exps/data/US30k/US30K/ThyroidNodule-TN3K/img/trainval0526.png,tn3k,trainval0526,tn3k_trainval0526,png
/home/user/data/phyusformer_data/post_miccai_exps/data/US30k/US30K/ThyroidNodule-TN3K/img/trainval0527.png,tn3k,trainval0527,tn3k_trainval0527,png
/home/user/data/phyusformer_data/post_miccai_exps/data/US30k/US30K/ThyroidNodule-TN3K/img/trainval0528.png,tn3k,trainval0528,tn3k_trainval0528,png
/home/user/data/phyusformer_data/post_miccai_exps/data/US30k/US30K/ThyroidNodule-TN3K/img/trainval0529.png,tn3k,trainval0529,tn3k_trainval0529,png
/home/user/data/phyusformer_data/post_miccai_exps/data/US30k/US30K/ThyroidNodule-TN3K/img/trainval0530.png,tn3k,trainval0530,tn3k_trainval0530,png
/home/user/data/phyusformer_data/post_miccai_exps/data/US30k/US30K/ThyroidNodule-TN3K/img/trainval0531.png,tn3k,trainval0531,tn3k_trainval0531,png
/home/user/data/phyusformer_data/post_miccai_exps/data/US30k/US30K/ThyroidNodule-TN3K/img/trainval0532.png,tn3k,trainval0532,tn3k_trainval0532,png
/home/user/data/phyusformer_data/post_miccai_exps/data/US30k/US30K/ThyroidNodule-TN3K/img/trainval0533.png,tn3k,trainval0533,tn3k_trainval0533,png
/home/user/data/phyusformer_data/post_miccai_exps/data/US30k/US30K/ThyroidNodule-TN3K/img/trainval0534.png,tn3k,trainval0534,tn3k_trainval0534,png
/home/user/data/phyusformer_data/post_miccai_exps/data/US30k/US30K/ThyroidNodule-TN3K/img/trainval0535.png,tn3k,trainval0535,tn3k_trainval0535,png
/home/user/data/phyusformer_data/post_miccai_exps/data/US30k/US30K/ThyroidNodule-TN3K/img/trainval0536.png,tn3k,trainval0536,tn3k_trainval0536,png
/home/user/data/phyusformer_data/post_miccai_exps/data/US30k/US30K/ThyroidNodule-TN3K/img/trainval0537.png,tn3k,trainval0537,tn3k_trainval0537,png
/home/user/data/phyusformer_data/post_miccai_exps/data/US30k/US30K/ThyroidNodule-TN3K/img/trainval0538.png,tn3k,trainval0538,tn3k_trainval0538,png
/home/user/data/phyusformer_data/post_miccai_exps/data/US30k/US30K/ThyroidNodule-TN3K/img/trainval0539.png,tn3k,trainval0539,tn3k_trainval0539,png
/home/user/data/phyusformer_data/post_miccai_exps/data/US30k/US30K/ThyroidNodule-TN3K/img/trainval0540.png,tn3k,trainval0540,tn3k_trainval0540,png
/home/user/data/phyusformer_data/post_miccai_exps/data/US30k/US30K/ThyroidNodule-TN3K/img/trainval0541.png,tn3k,trainval0541,tn3k_trainval0541,png
/home/user/data/phyusformer_data/post_miccai_exps/data/US30k/US30K/ThyroidNodule-TN3K/img/trainval0542.png,tn3k,trainval0542,tn3k_trainval0542,png
/home/user/data/phyusformer_data/post_miccai_exps/data/US30k/US30K/ThyroidNodule-TN3K/img/trainval0543.png,tn3k,trainval0543,tn3k_trainval0543,png
/home/user/data/phyusformer_data/post_miccai_exps/data/US30k/US30K/ThyroidNodule-TN3K/img/trainval0544.png,tn3k,trainval0544,tn3k_trainval0544,png
/home/user/data/phyusformer_data/post_miccai_exps/data/US30k/US30K/ThyroidNodule-TN3K/img/trainval0545.png,tn3k,trainval0545,tn3k_trainval0545,png
/home/user/data/phyusformer_data/post_miccai_exps/data/US30k/US30K/ThyroidNodule-TN3K/img/trainval0546.png,tn3k,trainval0546,tn3k_trainval0546,png
/home/user/data/phyusformer_data/post_miccai_exps/data/US30k/US30K/ThyroidNodule-TN3K/img/trainval0547.png,tn3k,trainval0547,tn3k_trainval0547,png
/home/user/data/phyusformer_data/post_miccai_exps/data/US30k/US30K/ThyroidNodule-TN3K/img/trainval0548.png,tn3k,trainval0548,tn3k_trainval0548,png
/home/user/data/phyusformer_data/post_miccai_exps/data/US30k/US30K/ThyroidNodule-TN3K/img/trainval0549.png,tn3k,trainval0549,tn3k_trainval0549,png
/home/user/data/phyusformer_data/post_miccai_exps/data/US30k/US30K/ThyroidNodule-TN3K/img/trainval0550.png,tn3k,trainval0550,tn3k_trainval0550,png
/home/user/data/phyusformer_data/post_miccai_exps/data/US30k/US30K/ThyroidNodule-TN3K/img/trainval0551.png,tn3k,trainval0551,tn3k_trainval0551,png
/home/user/data/phyusformer_data/post_miccai_exps/data/US30k/US30K/ThyroidNodule-TN3K/img/trainval0552.png,tn3k,trainval0552,tn3k_trainval0552,png
/home/user/data/phyusformer_data/post_miccai_exps/data/US30k/US30K/ThyroidNodule-TN3K/img/trainval0553.png,tn3k,trainval0553,tn3k_trainval0553,png
/home/user/data/phyusformer_data/post_miccai_exps/data/US30k/US30K/ThyroidNodule-TN3K/img/trainval0554.png,tn3k,trainval0554,tn3k_trainval0554,png
/home/user/data/phyusformer_data/post_miccai_exps/data/US30k/US30K/ThyroidNodule-TN3K/img/trainval0555.png,tn3k,trainval0555,tn3k_trainval0555,png
/home/user/data/phyusformer_data/post_miccai_exps/data/US30k/US30K/ThyroidNodule-TN3K/img/trainval0556.png,tn3k,trainval0556,tn3k_trainval0556,png
/home/user/data/phyusformer_data/post_miccai_exps/data/US30k/US30K/ThyroidNodule-TN3K/img/trainval0557.png,tn3k,trainval0557,tn3k_trainval0557,png
/home/user/data/phyusformer_data/post_miccai_exps/data/US30k/US30K/ThyroidNodule-TN3K/img/trainval0558.png,tn3k,trainval0558,tn3k_trainval0558,png
/home/user/data/phyusformer_data/post_miccai_exps/data/US30k/US30K/ThyroidNodule-TN3K/img/trainval0559.png,tn3k,trainval0559,tn3k_trainval0559,png
/home/user/data/phyusformer_data/post_miccai_exps/data/US30k/US30K/ThyroidNodule-TN3K/img/trainval0560.png,tn3k,trainval0560,tn3k_trainval0560,png
/home/user/data/phyusformer_data/post_miccai_exps/data/US30k/US30K/ThyroidNodule-TN3K/img/trainval0561.png,tn3k,trainval0561,tn3k_trainval0561,png
/home/user/data/phyusformer_data/post_miccai_exps/data/US30k/US30K/ThyroidNodule-TN3K/img/trainval0562.png,tn3k,trainval0562,tn3k_trainval0562,png
/home/user/data/phyusformer_data/post_miccai_exps/data/US30k/US30K/ThyroidNodule-TN3K/img/trainval0563.png,tn3k,trainval0563,tn3k_trainval0563,png
/home/user/data/phyusformer_data/post_miccai_exps/data/US30k/US30K/ThyroidNodule-TN3K/img/trainval0564.png,tn3k,trainval0564,tn3k_trainval0564,png
/home/user/data/phyusformer_data/post_miccai_exps/data/US30k/US30K/ThyroidNodule-TN3K/img/trainval0565.png,tn3k,trainval0565,tn3k_trainval0565,png
/home/user/data/phyusformer_data/post_miccai_exps/data/US30k/US30K/ThyroidNodule-TN3K/img/trainval0566.png,tn3k,trainval0566,tn3k_trainval0566,png
/home/user/data/phyusformer_data/post_miccai_exps/data/US30k/US30K/ThyroidNodule-TN3K/img/trainval0567.png,tn3k,trainval0567,tn3k_trainval0567,png
/home/user/data/phyusformer_data/post_miccai_exps/data/US30k/US30K/ThyroidNodule-TN3K/img/trainval0568.png,tn3k,trainval0568,tn3k_trainval0568,png
/home/user/data/phyusformer_data/post_miccai_exps/data/US30k/US30K/ThyroidNodule-TN3K/img/trainval0569.png,tn3k,trainval0569,tn3k_trainval0569,png
/home/user/data/phyusformer_data/post_miccai_exps/data/US30k/US30K/ThyroidNodule-TN3K/img/trainval0570.png,tn3k,trainval0570,tn3k_trainval0570,png
/home/user/data/phyusformer_data/post_miccai_exps/data/US30k/US30K/ThyroidNodule-TN3K/img/trainval0571.png,tn3k,trainval0571,tn3k_trainval0571,png
/home/user/data/phyusformer_data/post_miccai_exps/data/US30k/US30K/ThyroidNodule-TN3K/img/trainval0572.png,tn3k,trainval0572,tn3k_trainval0572,png
/home/user/data/phyusformer_data/post_miccai_exps/data/US30k/US30K/ThyroidNodule-TN3K/img/trainval0573.png,tn3k,trainval0573,tn3k_trainval0573,png
/home/user/data/phyusformer_data/post_miccai_exps/data/US30k/US30K/ThyroidNodule-TN3K/img/trainval0574.png,tn3k,trainval0574,tn3k_trainval0574,png
/home/user/data/phyusformer_data/post_miccai_exps/data/US30k/US30K/ThyroidNodule-TN3K/img/trainval0575.png,tn3k,trainval0575,tn3k_trainval0575,png
/home/user/data/phyusformer_data/post_miccai_exps/data/US30k/US30K/ThyroidNodule-TN3K/img/trainval0576.png,tn3k,trainval0576,tn3k_trainval0576,png
/home/user/data/phyusformer_data/post_miccai_exps/data/US30k/US30K/ThyroidNodule-TN3K/img/trainval0577.png,tn3k,trainval0577,tn3k_trainval0577,png
/home/user/data/phyusformer_data/post_miccai_exps/data/US30k/US30K/ThyroidNodule-TN3K/img/trainval0578.png,tn3k,trainval0578,tn3k_trainval0578,png
/home/user/data/phyusformer_data/post_miccai_exps/data/US30k/US30K/ThyroidNodule-TN3K/img/trainval0579.png,tn3k,trainval0579,tn3k_trainval0579,png
/home/user/data/phyusformer_data/post_miccai_exps/data/US30k/US30K/ThyroidNodule-TN3K/img/trainval0580.png,tn3k,trainval0580,tn3k_trainval0580,png
/home/user/data/phyusformer_data/post_miccai_exps/data/US30k/US30K/ThyroidNodule-TN3K/img/trainval0581.png,tn3k,trainval0581,tn3k_trainval0581,png
/home/user/data/phyusformer_data/post_miccai_exps/data/US30k/US30K/ThyroidNodule-TN3K/img/trainval0582.png,tn3k,trainval0582,tn3k_trainval0582,png
/home/user/data/phyusformer_data/post_miccai_exps/data/US30k/US30K/ThyroidNodule-TN3K/img/trainval0583.png,tn3k,trainval0583,tn3k_trainval0583,png
/home/user/data/phyusformer_data/post_miccai_exps/data/US30k/US30K/ThyroidNodule-TN3K/img/trainval0584.png,tn3k,trainval0584,tn3k_trainval0584,png
/home/user/data/phyusformer_data/post_miccai_exps/data/US30k/US30K/ThyroidNodule-TN3K/img/trainval0585.png,tn3k,trainval0585,tn3k_trainval0585,png
/home/user/data/phyusformer_data/post_miccai_exps/data/US30k/US30K/ThyroidNodule-TN3K/img/trainval0586.png,tn3k,trainval0586,tn3k_trainval0586,png
/home/user/data/phyusformer_data/post_miccai_exps/data/US30k/US30K/ThyroidNodule-TN3K/img/trainval0587.png,tn3k,trainval0587,tn3k_trainval0587,png
/home/user/data/phyusformer_data/post_miccai_exps/data/US30k/US30K/ThyroidNodule-TN3K/img/trainval0588.png,tn3k,trainval0588,tn3k_trainval0588,png
/home/user/data/phyusformer_data/post_miccai_exps/data/US30k/US30K/ThyroidNodule-TN3K/img/trainval0589.png,tn3k,trainval0589,tn3k_trainval0589,png
/home/user/data/phyusformer_data/post_miccai_exps/data/US30k/US30K/ThyroidNodule-TN3K/img/trainval0590.png,tn3k,trainval0590,tn3k_trainval0590,png
/home/user/data/phyusformer_data/post_miccai_exps/data/US30k/US30K/ThyroidNodule-TN3K/img/trainval0591.png,tn3k,trainval0591,tn3k_trainval0591,png
/home/user/data/phyusformer_data/post_miccai_exps/data/US30k/US30K/ThyroidNodule-TN3K/img/trainval0592.png,tn3k,trainval0592,tn3k_trainval0592,png
/home/user/data/phyusformer_data/post_miccai_exps/data/US30k/US30K/ThyroidNodule-TN3K/img/trainval0593.png,tn3k,trainval0593,tn3k_trainval0593,png
/home/user/data/phyusformer_data/post_miccai_exps/data/US30k/US30K/ThyroidNodule-TN3K/img/trainval0594.png,tn3k,trainval0594,tn3k_trainval0594,png
/home/user/data/phyusformer_data/post_miccai_exps/data/US30k/US30K/ThyroidNodule-TN3K/img/trainval0595.png,tn3k,trainval0595,tn3k_trainval0595,png
/home/user/data/phyusformer_data/post_miccai_exps/data/US30k/US30K/ThyroidNodule-TN3K/img/trainval0596.png,tn3k,trainval0596,tn3k_trainval0596,png
/home/user/data/phyusformer_data/post_miccai_exps/data/US30k/US30K/ThyroidNodule-TN3K/img/trainval0597.png,tn3k,trainval0597,tn3k_trainval0597,png
/home/user/data/phyusformer_data/post_miccai_exps/data/US30k/US30K/ThyroidNodule-TN3K/img/trainval0598.png,tn3k,trainval0598,tn3k_trainval0598,png
/home/user/data/phyusformer_data/post_miccai_exps/data/US30k/US30K/ThyroidNodule-TN3K/img/trainval0599.png,tn3k,trainval0599,tn3k_trainval0599,png
/home/user/data/phyusformer_data/post_miccai_exps/data/US30k/US30K/ThyroidNodule-TN3K/img/trainval0600.png,tn3k,trainval0600,tn3k_trainval0600,png
/home/user/data/phyusformer_data/post_miccai_exps/data/US30k/US30K/ThyroidNodule-TN3K/img/trainval0601.png,tn3k,trainval0601,tn3k_trainval0601,png
/home/user/data/phyusformer_data/post_miccai_exps/data/US30k/US30K/ThyroidNodule-TN3K/img/trainval0602.png,tn3k,trainval0602,tn3k_trainval0602,png
/home/user/data/phyusformer_data/post_miccai_exps/data/US30k/US30K/ThyroidNodule-TN3K/img/trainval0603.png,tn3k,trainval0603,tn3k_trainval0603,png
/home/user/data/phyusformer_data/post_miccai_exps/data/US30k/US30K/ThyroidNodule-TN3K/img/trainval0604.png,tn3k,trainval0604,tn3k_trainval0604,png
/home/user/data/phyusformer_data/post_miccai_exps/data/US30k/US30K/ThyroidNodule-TN3K/img/trainval0605.png,tn3k,trainval0605,tn3k_trainval0605,png
/home/user/data/phyusformer_data/post_miccai_exps/data/US30k/US30K/ThyroidNodule-TN3K/img/trainval0606.png,tn3k,trainval0606,tn3k_trainval0606,png
/home/user/data/phyusformer_data/post_miccai_exps/data/US30k/US30K/ThyroidNodule-TN3K/img/trainval0607.png,tn3k,trainval0607,tn3k_trainval0607,png
/home/user/data/phyusformer_data/post_miccai_exps/data/US30k/US30K/ThyroidNodule-TN3K/img/trainval0608.png,tn3k,trainval0608,tn3k_trainval0608,png
/home/user/data/phyusformer_data/post_miccai_exps/data/US30k/US30K/ThyroidNodule-TN3K/img/trainval0609.png,tn3k,trainval0609,tn3k_trainval0609,png
/home/user/data/phyusformer_data/post_miccai_exps/data/US30k/US30K/ThyroidNodule-TN3K/img/trainval0610.png,tn3k,trainval0610,tn3k_trainval0610,png
/home/user/data/phyusformer_data/post_miccai_exps/data/US30k/US30K/ThyroidNodule-TN3K/img/trainval0611.png,tn3k,trainval0611,tn3k_trainval0611,png
/home/user/data/phyusformer_data/post_miccai_exps/data/US30k/US30K/ThyroidNodule-TN3K/img/trainval0612.png,tn3k,trainval0612,tn3k_trainval0612,png
/home/user/data/phyusformer_data/post_miccai_exps/data/US30k/US30K/ThyroidNodule-TN3K/img/trainval0613.png,tn3k,trainval0613,tn3k_trainval0613,png
/home/user/data/phyusformer_data/post_miccai_exps/data/US30k/US30K/ThyroidNodule-TN3K/img/trainval0614.png,tn3k,trainval0614,tn3k_trainval0614,png
/home/user/data/phyusformer_data/post_miccai_exps/data/US30k/US30K/ThyroidNodule-TN3K/img/trainval0615.png,tn3k,trainval0615,tn3k_trainval0615,png
/home/user/data/phyusformer_data/post_miccai_exps/data/US30k/US30K/ThyroidNodule-TN3K/img/trainval0616.png,tn3k,trainval0616,tn3k_trainval0616,png
/home/user/data/phyusformer_data/post_miccai_exps/data/US30k/US30K/ThyroidNodule-TN3K/img/trainval0617.png,tn3k,trainval0617,tn3k_trainval0617,png
/home/user/data/phyusformer_data/post_miccai_exps/data/US30k/US30K/ThyroidNodule-TN3K/img/trainval0618.png,tn3k,trainval0618,tn3k_trainval0618,png
/home/user/data/phyusformer_data/post_miccai_exps/data/US30k/US30K/ThyroidNodule-TN3K/img/trainval0619.png,tn3k,trainval0619,tn3k_trainval0619,png
/home/user/data/phyusformer_data/post_miccai_exps/data/US30k/US30K/ThyroidNodule-TN3K/img/trainval0620.png,tn3k,trainval0620,tn3k_trainval0620,png
/home/user/data/phyusformer_data/post_miccai_exps/data/US30k/US30K/ThyroidNodule-TN3K/img/trainval0621.png,tn3k,trainval0621,tn3k_trainval0621,png
/home/user/data/phyusformer_data/post_miccai_exps/data/US30k/US30K/ThyroidNodule-TN3K/img/trainval0622.png,tn3k,trainval0622,tn3k_trainval0622,png
/home/user/data/phyusformer_data/post_miccai_exps/data/US30k/US30K/ThyroidNodule-TN3K/img/trainval0623.png,tn3k,trainval0623,tn3k_trainval0623,png
/home/user/data/phyusformer_data/post_miccai_exps/data/US30k/US30K/ThyroidNodule-TN3K/img/trainval0624.png,tn3k,trainval0624,tn3k_trainval0624,png
/home/user/data/phyusformer_data/post_miccai_exps/data/US30k/US30K/ThyroidNodule-TN3K/img/trainval0625.png,tn3k,trainval0625,tn3k_trainval0625,png
/home/user/data/phyusformer_data/post_miccai_exps/data/US30k/US30K/ThyroidNodule-TN3K/img/trainval0626.png,tn3k,trainval0626,tn3k_trainval0626,png
/home/user/data/phyusformer_data/post_miccai_exps/data/US30k/US30K/ThyroidNodule-TN3K/img/trainval0627.png,tn3k,trainval0627,tn3k_trainval0627,png
/home/user/data/phyusformer_data/post_miccai_exps/data/US30k/US30K/ThyroidNodule-TN3K/img/trainval0628.png,tn3k,trainval0628,tn3k_trainval0628,png
/home/user/data/phyusformer_data/post_miccai_exps/data/US30k/US30K/ThyroidNodule-TN3K/img/trainval0629.png,tn3k,trainval0629,tn3k_trainval0629,png
/home/user/data/phyusformer_data/post_miccai_exps/data/US30k/US30K/ThyroidNodule-TN3K/img/trainval0630.png,tn3k,trainval0630,tn3k_trainval0630,png
/home/user/data/phyusformer_data/post_miccai_exps/data/US30k/US30K/ThyroidNodule-TN3K/img/trainval0631.png,tn3k,trainval0631,tn3k_trainval0631,png
/home/user/data/phyusformer_data/post_miccai_exps/data/US30k/US30K/ThyroidNodule-TN3K/img/trainval0632.png,tn3k,trainval0632,tn3k_trainval0632,png
/home/user/data/phyusformer_data/post_miccai_exps/data/US30k/US30K/ThyroidNodule-TN3K/img/trainval0633.png,tn3k,trainval0633,tn3k_trainval0633,png
/home/user/data/phyusformer_data/post_miccai_exps/data/US30k/US30K/ThyroidNodule-TN3K/img/trainval0634.png,tn3k,trainval0634,tn3k_trainval0634,png
/home/user/data/phyusformer_data/post_miccai_exps/data/US30k/US30K/ThyroidNodule-TN3K/img/trainval0635.png,tn3k,trainval0635,tn3k_trainval0635,png
/home/user/data/phyusformer_data/post_miccai_exps/data/US30k/US30K/ThyroidNodule-TN3K/img/trainval0636.png,tn3k,trainval0636,tn3k_trainval0636,png
/home/user/data/phyusformer_data/post_miccai_exps/data/US30k/US30K/ThyroidNodule-TN3K/img/trainval0637.png,tn3k,trainval0637,tn3k_trainval0637,png
/home/user/data/phyusformer_data/post_miccai_exps/data/US30k/US30K/ThyroidNodule-TN3K/img/trainval0638.png,tn3k,trainval0638,tn3k_trainval0638,png
/home/user/data/phyusformer_data/post_miccai_exps/data/US30k/US30K/ThyroidNodule-TN3K/img/trainval0639.png,tn3k,trainval0639,tn3k_trainval0639,png
/home/user/data/phyusformer_data/post_miccai_exps/data/US30k/US30K/ThyroidNodule-TN3K/img/trainval0640.png,tn3k,trainval0640,tn3k_trainval0640,png
/home/user/data/phyusformer_data/post_miccai_exps/data/US30k/US30K/ThyroidNodule-TN3K/img/trainval0641.png,tn3k,trainval0641,tn3k_trainval0641,png
/home/user/data/phyusformer_data/post_miccai_exps/data/US30k/US30K/ThyroidNodule-TN3K/img/trainval0642.png,tn3k,trainval0642,tn3k_trainval0642,png
/home/user/data/phyusformer_data/post_miccai_exps/data/US30k/US30K/ThyroidNodule-TN3K/img/trainval0643.png,tn3k,trainval0643,tn3k_trainval0643,png
/home/user/data/phyusformer_data/post_miccai_exps/data/US30k/US30K/ThyroidNodule-TN3K/img/trainval0644.png,tn3k,trainval0644,tn3k_trainval0644,png
/home/user/data/phyusformer_data/post_miccai_exps/data/US30k/US30K/ThyroidNodule-TN3K/img/trainval0645.png,tn3k,trainval0645,tn3k_trainval0645,png
/home/user/data/phyusformer_data/post_miccai_exps/data/US30k/US30K/ThyroidNodule-TN3K/img/trainval0646.png,tn3k,trainval0646,tn3k_trainval0646,png
/home/user/data/phyusformer_data/post_miccai_exps/data/US30k/US30K/ThyroidNodule-TN3K/img/trainval0647.png,tn3k,trainval0647,tn3k_trainval0647,png
/home/user/data/phyusformer_data/post_miccai_exps/data/US30k/US30K/ThyroidNodule-TN3K/img/trainval0648.png,tn3k,trainval0648,tn3k_trainval0648,png
/home/user/data/phyusformer_data/post_miccai_exps/data/US30k/US30K/ThyroidNodule-TN3K/img/trainval0649.png,tn3k,trainval0649,tn3k_trainval0649,png
/home/user/data/phyusformer_data/post_miccai_exps/data/US30k/US30K/ThyroidNodule-TN3K/img/trainval0650.png,tn3k,trainval0650,tn3k_trainval0650,png
/home/user/data/phyusformer_data/post_miccai_exps/data/US30k/US30K/ThyroidNodule-TN3K/img/trainval0651.png,tn3k,trainval0651,tn3k_trainval0651,png
/home/user/data/phyusformer_data/post_miccai_exps/data/US30k/US30K/ThyroidNodule-TN3K/img/trainval0652.png,tn3k,trainval0652,tn3k_trainval0652,png
/home/user/data/phyusformer_data/post_miccai_exps/data/US30k/US30K/ThyroidNodule-TN3K/img/trainval0653.png,tn3k,trainval0653,tn3k_trainval0653,png
/home/user/data/phyusformer_data/post_miccai_exps/data/US30k/US30K/ThyroidNodule-TN3K/img/trainval0654.png,tn3k,trainval0654,tn3k_trainval0654,png
/home/user/data/phyusformer_data/post_miccai_exps/data/US30k/US30K/ThyroidNodule-TN3K/img/trainval0655.png,tn3k,trainval0655,tn3k_trainval0655,png
/home/user/data/phyusformer_data/post_miccai_exps/data/US30k/US30K/ThyroidNodule-TN3K/img/trainval0656.png,tn3k,trainval0656,tn3k_trainval0656,png
/home/user/data/phyusformer_data/post_miccai_exps/data/US30k/US30K/ThyroidNodule-TN3K/img/trainval0657.png,tn3k,trainval0657,tn3k_trainval0657,png
/home/user/data/phyusformer_data/post_miccai_exps/data/US30k/US30K/ThyroidNodule-TN3K/img/trainval0658.png,tn3k,trainval0658,tn3k_trainval0658,png
/home/user/data/phyusformer_data/post_miccai_exps/data/US30k/US30K/ThyroidNodule-TN3K/img/trainval0659.png,tn3k,trainval0659,tn3k_trainval0659,png
/home/user/data/phyusformer_data/post_miccai_exps/data/US30k/US30K/ThyroidNodule-TN3K/img/trainval0660.png,tn3k,trainval0660,tn3k_trainval0660,png
/home/user/data/phyusformer_data/post_miccai_exps/data/US30k/US30K/ThyroidNodule-TN3K/img/trainval0661.png,tn3k,trainval0661,tn3k_trainval0661,png
/home/user/data/phyusformer_data/post_miccai_exps/data/US30k/US30K/ThyroidNodule-TN3K/img/trainval0662.png,tn3k,trainval0662,tn3k_trainval0662,png
/home/user/data/phyusformer_data/post_miccai_exps/data/US30k/US30K/ThyroidNodule-TN3K/img/trainval0663.png,tn3k,trainval0663,tn3k_trainval0663,png
/home/user/data/phyusformer_data/post_miccai_exps/data/US30k/US30K/ThyroidNodule-TN3K/img/trainval0664.png,tn3k,trainval0664,tn3k_trainval0664,png
/home/user/data/phyusformer_data/post_miccai_exps/data/US30k/US30K/ThyroidNodule-TN3K/img/trainval0665.png,tn3k,trainval0665,tn3k_trainval0665,png
/home/user/data/phyusformer_data/post_miccai_exps/data/US30k/US30K/ThyroidNodule-TN3K/img/trainval0666.png,tn3k,trainval0666,tn3k_trainval0666,png
/home/user/data/phyusformer_data/post_miccai_exps/data/US30k/US30K/ThyroidNodule-TN3K/img/trainval0667.png,tn3k,trainval0667,tn3k_trainval0667,png
/home/user/data/phyusformer_data/post_miccai_exps/data/US30k/US30K/ThyroidNodule-TN3K/img/trainval0668.png,tn3k,trainval0668,tn3k_trainval0668,png
/home/user/data/phyusformer_data/post_miccai_exps/data/US30k/US30K/ThyroidNodule-TN3K/img/trainval0669.png,tn3k,trainval0669,tn3k_trainval0669,png
/home/user/data/phyusformer_data/post_miccai_exps/data/US30k/US30K/ThyroidNodule-TN3K/img/trainval0670.png,tn3k,trainval0670,tn3k_trainval0670,png
/home/user/data/phyusformer_data/post_miccai_exps/data/US30k/US30K/ThyroidNodule-TN3K/img/trainval0671.png,tn3k,trainval0671,tn3k_trainval0671,png
/home/user/data/phyusformer_data/post_miccai_exps/data/US30k/US30K/ThyroidNodule-TN3K/img/trainval0672.png,tn3k,trainval0672,tn3k_trainval0672,png
/home/user/data/phyusformer_data/post_miccai_exps/data/US30k/US30K/ThyroidNodule-TN3K/img/trainval0673.png,tn3k,trainval0673,tn3k_trainval0673,png
/home/user/data/phyusformer_data/post_miccai_exps/data/US30k/US30K/ThyroidNodule-TN3K/img/trainval0674.png,tn3k,trainval0674,tn3k_trainval0674,png
/home/user/data/phyusformer_data/post_miccai_exps/data/US30k/US30K/ThyroidNodule-TN3K/img/trainval0675.png,tn3k,trainval0675,tn3k_trainval0675,png
/home/user/data/phyusformer_data/post_miccai_exps/data/US30k/US30K/ThyroidNodule-TN3K/img/trainval0676.png,tn3k,trainval0676,tn3k_trainval0676,png
/home/user/data/phyusformer_data/post_miccai_exps/data/US30k/US30K/ThyroidNodule-TN3K/img/trainval0677.png,tn3k,trainval0677,tn3k_trainval0677,png
/home/user/data/phyusformer_data/post_miccai_exps/data/US30k/US30K/ThyroidNodule-TN3K/img/trainval0678.png,tn3k,trainval0678,tn3k_trainval0678,png
/home/user/data/phyusformer_data/post_miccai_exps/data/US30k/US30K/ThyroidNodule-TN3K/img/trainval0679.png,tn3k,trainval0679,tn3k_trainval0679,png
/home/user/data/phyusformer_data/post_miccai_exps/data/US30k/US30K/ThyroidNodule-TN3K/img/trainval0680.png,tn3k,trainval0680,tn3k_trainval0680,png
/home/user/data/phyusformer_data/post_miccai_exps/data/US30k/US30K/ThyroidNodule-TN3K/img/trainval0681.png,tn3k,trainval0681,tn3k_trainval0681,png
/home/user/data/phyusformer_data/post_miccai_exps/data/US30k/US30K/ThyroidNodule-TN3K/img/trainval0682.png,tn3k,trainval0682,tn3k_trainval0682,png
/home/user/data/phyusformer_data/post_miccai_exps/data/US30k/US30K/ThyroidNodule-TN3K/img/trainval0683.png,tn3k,trainval0683,tn3k_trainval0683,png
/home/user/data/phyusformer_data/post_miccai_exps/data/US30k/US30K/ThyroidNodule-TN3K/img/trainval0684.png,tn3k,trainval0684,tn3k_trainval0684,png
/home/user/data/phyusformer_data/post_miccai_exps/data/US30k/US30K/ThyroidNodule-TN3K/img/trainval0685.png,tn3k,trainval0685,tn3k_trainval0685,png
/home/user/data/phyusformer_data/post_miccai_exps/data/US30k/US30K/ThyroidNodule-TN3K/img/trainval0686.png,tn3k,trainval0686,tn3k_trainval0686,png
/home/user/data/phyusformer_data/post_miccai_exps/data/US30k/US30K/ThyroidNodule-TN3K/img/trainval0687.png,tn3k,trainval0687,tn3k_trainval0687,png
/home/user/data/phyusformer_data/post_miccai_exps/data/US30k/US30K/ThyroidNodule-TN3K/img/trainval0688.png,tn3k,trainval0688,tn3k_trainval0688,png
/home/user/data/phyusformer_data/post_miccai_exps/data/US30k/US30K/ThyroidNodule-TN3K/img/trainval0689.png,tn3k,trainval0689,tn3k_trainval0689,png
/home/user/data/phyusformer_data/post_miccai_exps/data/US30k/US30K/ThyroidNodule-TN3K/img/trainval0690.png,tn3k,trainval0690,tn3k_trainval0690,png
/home/user/data/phyusformer_data/post_miccai_exps/data/US30k/US30K/ThyroidNodule-TN3K/img/trainval0691.png,tn3k,trainval0691,tn3k_trainval0691,png
/home/user/data/phyusformer_data/post_miccai_exps/data/US30k/US30K/ThyroidNodule-TN3K/img/trainval0692.png,tn3k,trainval0692,tn3k_trainval0692,png
/home/user/data/phyusformer_data/post_miccai_exps/data/US30k/US30K/ThyroidNodule-TN3K/img/trainval0693.png,tn3k,trainval0693,tn3k_trainval0693,png
/home/user/data/phyusformer_data/post_miccai_exps/data/US30k/US30K/ThyroidNodule-TN3K/img/trainval0694.png,tn3k,trainval0694,tn3k_trainval0694,png
/home/user/data/phyusformer_data/post_miccai_exps/data/US30k/US30K/ThyroidNodule-TN3K/img/trainval0695.png,tn3k,trainval0695,tn3k_trainval0695,png
/home/user/data/phyusformer_data/post_miccai_exps/data/US30k/US30K/ThyroidNodule-TN3K/img/trainval0696.png,tn3k,trainval0696,tn3k_trainval0696,png
/home/user/data/phyusformer_data/post_miccai_exps/data/US30k/US30K/ThyroidNodule-TN3K/img/trainval0697.png,tn3k,trainval0697,tn3k_trainval0697,png
/home/user/data/phyusformer_data/post_miccai_exps/data/US30k/US30K/ThyroidNodule-TN3K/img/trainval0698.png,tn3k,trainval0698,tn3k_trainval0698,png
/home/user/data/phyusformer_data/post_miccai_exps/data/US30k/US30K/ThyroidNodule-TN3K/img/trainval0699.png,tn3k,trainval0699,tn3k_trainval0699,png
/home/user/data/phyusformer_data/post_miccai_exps/data/US30k/US30K/ThyroidNodule-TN3K/img/trainval0700.png,tn3k,trainval0700,tn3k_trainval0700,png
/home/user/data/phyusformer_data/post_miccai_exps/data/US30k/US30K/ThyroidNodule-TN3K/img/trainval0701.png,tn3k,trainval0701,tn3k_trainval0701,png
/home/user/data/phyusformer_data/post_miccai_exps/data/US30k/US30K/ThyroidNodule-TN3K/img/trainval0702.png,tn3k,trainval0702,tn3k_trainval0702,png
/home/user/data/phyusformer_data/post_miccai_exps/data/US30k/US30K/ThyroidNodule-TN3K/img/trainval0703.png,tn3k,trainval0703,tn3k_trainval0703,png
/home/user/data/phyusformer_data/post_miccai_exps/data/US30k/US30K/ThyroidNodule-TN3K/img/trainval0704.png,tn3k,trainval0704,tn3k_trainval0704,png
/home/user/data/phyusformer_data/post_miccai_exps/data/US30k/US30K/ThyroidNodule-TN3K/img/trainval0705.png,tn3k,trainval0705,tn3k_trainval0705,png
/home/user/data/phyusformer_data/post_miccai_exps/data/US30k/US30K/ThyroidNodule-TN3K/img/trainval0706.png,tn3k,trainval0706,tn3k_trainval0706,png
/home/user/data/phyusformer_data/post_miccai_exps/data/US30k/US30K/ThyroidNodule-TN3K/img/trainval0707.png,tn3k,trainval0707,tn3k_trainval0707,png
/home/user/data/phyusformer_data/post_miccai_exps/data/US30k/US30K/ThyroidNodule-TN3K/img/trainval0708.png,tn3k,trainval0708,tn3k_trainval0708,png
/home/user/data/phyusformer_data/post_miccai_exps/data/US30k/US30K/ThyroidNodule-TN3K/img/trainval0709.png,tn3k,trainval0709,tn3k_trainval0709,png
/home/user/data/phyusformer_data/post_miccai_exps/data/US30k/US30K/ThyroidNodule-TN3K/img/trainval0710.png,tn3k,trainval0710,tn3k_trainval0710,png
/home/user/data/phyusformer_data/post_miccai_exps/data/US30k/US30K/ThyroidNodule-TN3K/img/trainval0711.png,tn3k,trainval0711,tn3k_trainval0711,png
/home/user/data/phyusformer_data/post_miccai_exps/data/US30k/US30K/ThyroidNodule-TN3K/img/trainval0712.png,tn3k,trainval0712,tn3k_trainval0712,png
/home/user/data/phyusformer_data/post_miccai_exps/data/US30k/US30K/ThyroidNodule-TN3K/img/trainval0713.png,tn3k,trainval0713,tn3k_trainval0713,png
/home/user/data/phyusformer_data/post_miccai_exps/data/US30k/US30K/ThyroidNodule-TN3K/img/trainval0714.png,tn3k,trainval0714,tn3k_trainval0714,png
/home/user/data/phyusformer_data/post_miccai_exps/data/US30k/US30K/ThyroidNodule-TN3K/img/trainval0715.png,tn3k,trainval0715,tn3k_trainval0715,png
/home/user/data/phyusformer_data/post_miccai_exps/data/US30k/US30K/ThyroidNodule-TN3K/img/trainval0716.png,tn3k,trainval0716,tn3k_trainval0716,png
/home/user/data/phyusformer_data/post_miccai_exps/data/US30k/US30K/ThyroidNodule-TN3K/img/trainval0717.png,tn3k,trainval0717,tn3k_trainval0717,png
/home/user/data/phyusformer_data/post_miccai_exps/data/US30k/US30K/ThyroidNodule-TN3K/img/trainval0718.png,tn3k,trainval0718,tn3k_trainval0718,png
/home/user/data/phyusformer_data/post_miccai_exps/data/US30k/US30K/ThyroidNodule-TN3K/img/trainval0719.png,tn3k,trainval0719,tn3k_trainval0719,png
/home/user/data/phyusformer_data/post_miccai_exps/data/US30k/US30K/ThyroidNodule-TN3K/img/trainval0720.png,tn3k,trainval0720,tn3k_trainval0720,png
/home/user/data/phyusformer_data/post_miccai_exps/data/US30k/US30K/ThyroidNodule-TN3K/img/trainval0721.png,tn3k,trainval0721,tn3k_trainval0721,png
/home/user/data/phyusformer_data/post_miccai_exps/data/US30k/US30K/ThyroidNodule-TN3K/img/trainval0722.png,tn3k,trainval0722,tn3k_trainval0722,png
/home/user/data/phyusformer_data/post_miccai_exps/data/US30k/US30K/ThyroidNodule-TN3K/img/trainval0723.png,tn3k,trainval0723,tn3k_trainval0723,png
/home/user/data/phyusformer_data/post_miccai_exps/data/US30k/US30K/ThyroidNodule-TN3K/img/trainval0724.png,tn3k,trainval0724,tn3k_trainval0724,png
/home/user/data/phyusformer_data/post_miccai_exps/data/US30k/US30K/ThyroidNodule-TN3K/img/trainval0725.png,tn3k,trainval0725,tn3k_trainval0725,png
/home/user/data/phyusformer_data/post_miccai_exps/data/US30k/US30K/ThyroidNodule-TN3K/img/trainval0726.png,tn3k,trainval0726,tn3k_trainval0726,png
/home/user/data/phyusformer_data/post_miccai_exps/data/US30k/US30K/ThyroidNodule-TN3K/img/trainval0727.png,tn3k,trainval0727,tn3k_trainval0727,png
/home/user/data/phyusformer_data/post_miccai_exps/data/US30k/US30K/ThyroidNodule-TN3K/img/trainval0728.png,tn3k,trainval0728,tn3k_trainval0728,png
/home/user/data/phyusformer_data/post_miccai_exps/data/US30k/US30K/ThyroidNodule-TN3K/img/trainval0729.png,tn3k,trainval0729,tn3k_trainval0729,png
/home/user/data/phyusformer_data/post_miccai_exps/data/US30k/US30K/ThyroidNodule-TN3K/img/trainval0730.png,tn3k,trainval0730,tn3k_trainval0730,png
/home/user/data/phyusformer_data/post_miccai_exps/data/US30k/US30K/ThyroidNodule-TN3K/img/trainval0731.png,tn3k,trainval0731,tn3k_trainval0731,png
/home/user/data/phyusformer_data/post_miccai_exps/data/US30k/US30K/ThyroidNodule-TN3K/img/trainval0732.png,tn3k,trainval0732,tn3k_trainval0732,png
/home/user/data/phyusformer_data/post_miccai_exps/data/US30k/US30K/ThyroidNodule-TN3K/img/trainval0733.png,tn3k,trainval0733,tn3k_trainval0733,png
/home/user/data/phyusformer_data/post_miccai_exps/data/US30k/US30K/ThyroidNodule-TN3K/img/trainval0734.png,tn3k,trainval0734,tn3k_trainval0734,png
/home/user/data/phyusformer_data/post_miccai_exps/data/US30k/US30K/ThyroidNodule-TN3K/img/trainval0735.png,tn3k,trainval0735,tn3k_trainval0735,png
/home/user/data/phyusformer_data/post_miccai_exps/data/US30k/US30K/ThyroidNodule-TN3K/img/trainval0736.png,tn3k,trainval0736,tn3k_trainval0736,png
/home/user/data/phyusformer_data/post_miccai_exps/data/US30k/US30K/ThyroidNodule-TN3K/img/trainval0737.png,tn3k,trainval0737,tn3k_trainval0737,png
/home/user/data/phyusformer_data/post_miccai_exps/data/US30k/US30K/ThyroidNodule-TN3K/img/trainval0738.png,tn3k,trainval0738,tn3k_trainval0738,png
/home/user/data/phyusformer_data/post_miccai_exps/data/US30k/US30K/ThyroidNodule-TN3K/img/trainval0739.png,tn3k,trainval0739,tn3k_trainval0739,png
/home/user/data/phyusformer_data/post_miccai_exps/data/US30k/US30K/ThyroidNodule-TN3K/img/trainval0740.png,tn3k,trainval0740,tn3k_trainval0740,png
/home/user/data/phyusformer_data/post_miccai_exps/data/US30k/US30K/ThyroidNodule-TN3K/img/trainval0741.png,tn3k,trainval0741,tn3k_trainval0741,png
/home/user/data/phyusformer_data/post_miccai_exps/data/US30k/US30K/ThyroidNodule-TN3K/img/trainval0742.png,tn3k,trainval0742,tn3k_trainval0742,png
/home/user/data/phyusformer_data/post_miccai_exps/data/US30k/US30K/ThyroidNodule-TN3K/img/trainval0743.png,tn3k,trainval0743,tn3k_trainval0743,png
/home/user/data/phyusformer_data/post_miccai_exps/data/US30k/US30K/ThyroidNodule-TN3K/img/trainval0744.png,tn3k,trainval0744,tn3k_trainval0744,png
/home/user/data/phyusformer_data/post_miccai_exps/data/US30k/US30K/ThyroidNodule-TN3K/img/trainval0745.png,tn3k,trainval0745,tn3k_trainval0745,png
/home/user/data/phyusformer_data/post_miccai_exps/data/US30k/US30K/ThyroidNodule-TN3K/img/trainval0746.png,tn3k,trainval0746,tn3k_trainval0746,png
/home/user/data/phyusformer_data/post_miccai_exps/data/US30k/US30K/ThyroidNodule-TN3K/img/trainval0747.png,tn3k,trainval0747,tn3k_trainval0747,png
/home/user/data/phyusformer_data/post_miccai_exps/data/US30k/US30K/ThyroidNodule-TN3K/img/trainval0748.png,tn3k,trainval0748,tn3k_trainval0748,png
/home/user/data/phyusformer_data/post_miccai_exps/data/US30k/US30K/ThyroidNodule-TN3K/img/trainval0749.png,tn3k,trainval0749,tn3k_trainval0749,png
/home/user/data/phyusformer_data/post_miccai_exps/data/US30k/US30K/ThyroidNodule-TN3K/img/trainval0750.png,tn3k,trainval0750,tn3k_trainval0750,png
/home/user/data/phyusformer_data/post_miccai_exps/data/US30k/US30K/ThyroidNodule-TN3K/img/trainval0751.png,tn3k,trainval0751,tn3k_trainval0751,png
/home/user/data/phyusformer_data/post_miccai_exps/data/US30k/US30K/ThyroidNodule-TN3K/img/trainval0752.png,tn3k,trainval0752,tn3k_trainval0752,png
/home/user/data/phyusformer_data/post_miccai_exps/data/US30k/US30K/ThyroidNodule-TN3K/img/trainval0753.png,tn3k,trainval0753,tn3k_trainval0753,png
/home/user/data/phyusformer_data/post_miccai_exps/data/US30k/US30K/ThyroidNodule-TN3K/img/trainval0754.png,tn3k,trainval0754,tn3k_trainval0754,png
/home/user/data/phyusformer_data/post_miccai_exps/data/US30k/US30K/ThyroidNodule-TN3K/img/trainval0755.png,tn3k,trainval0755,tn3k_trainval0755,png
/home/user/data/phyusformer_data/post_miccai_exps/data/US30k/US30K/ThyroidNodule-TN3K/img/trainval0756.png,tn3k,trainval0756,tn3k_trainval0756,png
/home/user/data/phyusformer_data/post_miccai_exps/data/US30k/US30K/ThyroidNodule-TN3K/img/trainval0757.png,tn3k,trainval0757,tn3k_trainval0757,png
/home/user/data/phyusformer_data/post_miccai_exps/data/US30k/US30K/ThyroidNodule-TN3K/img/trainval0758.png,tn3k,trainval0758,tn3k_trainval0758,png
/home/user/data/phyusformer_data/post_miccai_exps/data/US30k/US30K/ThyroidNodule-TN3K/img/trainval0759.png,tn3k,trainval0759,tn3k_trainval0759,png
/home/user/data/phyusformer_data/post_miccai_exps/data/US30k/US30K/ThyroidNodule-TN3K/img/trainval0760.png,tn3k,trainval0760,tn3k_trainval0760,png
/home/user/data/phyusformer_data/post_miccai_exps/data/US30k/US30K/ThyroidNodule-TN3K/img/trainval0761.png,tn3k,trainval0761,tn3k_trainval0761,png
/home/user/data/phyusformer_data/post_miccai_exps/data/US30k/US30K/ThyroidNodule-TN3K/img/trainval0762.png,tn3k,trainval0762,tn3k_trainval0762,png
/home/user/data/phyusformer_data/post_miccai_exps/data/US30k/US30K/ThyroidNodule-TN3K/img/trainval0763.png,tn3k,trainval0763,tn3k_trainval0763,png
/home/user/data/phyusformer_data/post_miccai_exps/data/US30k/US30K/ThyroidNodule-TN3K/img/trainval0764.png,tn3k,trainval0764,tn3k_trainval0764,png
/home/user/data/phyusformer_data/post_miccai_exps/data/US30k/US30K/ThyroidNodule-TN3K/img/trainval0765.png,tn3k,trainval0765,tn3k_trainval0765,png
/home/user/data/phyusformer_data/post_miccai_exps/data/US30k/US30K/ThyroidNodule-TN3K/img/trainval0766.png,tn3k,trainval0766,tn3k_trainval0766,png
/home/user/data/phyusformer_data/post_miccai_exps/data/US30k/US30K/ThyroidNodule-TN3K/img/trainval0767.png,tn3k,trainval0767,tn3k_trainval0767,png
/home/user/data/phyusformer_data/post_miccai_exps/data/US30k/US30K/ThyroidNodule-TN3K/img/trainval0768.png,tn3k,trainval0768,tn3k_trainval0768,png
/home/user/data/phyusformer_data/post_miccai_exps/data/US30k/US30K/ThyroidNodule-TN3K/img/trainval0769.png,tn3k,trainval0769,tn3k_trainval0769,png
/home/user/data/phyusformer_data/post_miccai_exps/data/US30k/US30K/ThyroidNodule-TN3K/img/trainval0770.png,tn3k,trainval0770,tn3k_trainval0770,png
/home/user/data/phyusformer_data/post_miccai_exps/data/US30k/US30K/ThyroidNodule-TN3K/img/trainval0771.png,tn3k,trainval0771,tn3k_trainval0771,png
/home/user/data/phyusformer_data/post_miccai_exps/data/US30k/US30K/ThyroidNodule-TN3K/img/trainval0772.png,tn3k,trainval0772,tn3k_trainval0772,png
/home/user/data/phyusformer_data/post_miccai_exps/data/US30k/US30K/ThyroidNodule-TN3K/img/trainval0773.png,tn3k,trainval0773,tn3k_trainval0773,png
/home/user/data/phyusformer_data/post_miccai_exps/data/US30k/US30K/ThyroidNodule-TN3K/img/trainval0774.png,tn3k,trainval0774,tn3k_trainval0774,png
/home/user/data/phyusformer_data/post_miccai_exps/data/US30k/US30K/ThyroidNodule-TN3K/img/trainval0775.png,tn3k,trainval0775,tn3k_trainval0775,png
/home/user/data/phyusformer_data/post_miccai_exps/data/US30k/US30K/ThyroidNodule-TN3K/img/trainval0776.png,tn3k,trainval0776,tn3k_trainval0776,png
/home/user/data/phyusformer_data/post_miccai_exps/data/US30k/US30K/ThyroidNodule-TN3K/img/trainval0777.png,tn3k,trainval0777,tn3k_trainval0777,png
/home/user/data/phyusformer_data/post_miccai_exps/data/US30k/US30K/ThyroidNodule-TN3K/img/trainval0778.png,tn3k,trainval0778,tn3k_trainval0778,png
/home/user/data/phyusformer_data/post_miccai_exps/data/US30k/US30K/ThyroidNodule-TN3K/img/trainval0779.png,tn3k,trainval0779,tn3k_trainval0779,png
/home/user/data/phyusformer_data/post_miccai_exps/data/US30k/US30K/ThyroidNodule-TN3K/img/trainval0780.png,tn3k,trainval0780,tn3k_trainval0780,png
/home/user/data/phyusformer_data/post_miccai_exps/data/US30k/US30K/ThyroidNodule-TN3K/img/trainval0781.png,tn3k,trainval0781,tn3k_trainval0781,png
/home/user/data/phyusformer_data/post_miccai_exps/data/US30k/US30K/ThyroidNodule-TN3K/img/trainval0782.png,tn3k,trainval0782,tn3k_trainval0782,png
/home/user/data/phyusformer_data/post_miccai_exps/data/US30k/US30K/ThyroidNodule-TN3K/img/trainval0783.png,tn3k,trainval0783,tn3k_trainval0783,png
/home/user/data/phyusformer_data/post_miccai_exps/data/US30k/US30K/ThyroidNodule-TN3K/img/trainval0784.png,tn3k,trainval0784,tn3k_trainval0784,png
/home/user/data/phyusformer_data/post_miccai_exps/data/US30k/US30K/ThyroidNodule-TN3K/img/trainval0785.png,tn3k,trainval0785,tn3k_trainval0785,png
/home/user/data/phyusformer_data/post_miccai_exps/data/US30k/US30K/ThyroidNodule-TN3K/img/trainval0786.png,tn3k,trainval0786,tn3k_trainval0786,png
/home/user/data/phyusformer_data/post_miccai_exps/data/US30k/US30K/ThyroidNodule-TN3K/img/trainval0787.png,tn3k,trainval0787,tn3k_trainval0787,png
/home/user/data/phyusformer_data/post_miccai_exps/data/US30k/US30K/ThyroidNodule-TN3K/img/trainval0788.png,tn3k,trainval0788,tn3k_trainval0788,png
/home/user/data/phyusformer_data/post_miccai_exps/data/US30k/US30K/ThyroidNodule-TN3K/img/trainval0789.png,tn3k,trainval0789,tn3k_trainval0789,png
/home/user/data/phyusformer_data/post_miccai_exps/data/US30k/US30K/ThyroidNodule-TN3K/img/trainval0790.png,tn3k,trainval0790,tn3k_trainval0790,png
/home/user/data/phyusformer_data/post_miccai_exps/data/US30k/US30K/ThyroidNodule-TN3K/img/trainval0791.png,tn3k,trainval0791,tn3k_trainval0791,png
/home/user/data/phyusformer_data/post_miccai_exps/data/US30k/US30K/ThyroidNodule-TN3K/img/trainval0792.png,tn3k,trainval0792,tn3k_trainval0792,png
/home/user/data/phyusformer_data/post_miccai_exps/data/US30k/US30K/ThyroidNodule-TN3K/img/trainval0793.png,tn3k,trainval0793,tn3k_trainval0793,png
/home/user/data/phyusformer_data/post_miccai_exps/data/US30k/US30K/ThyroidNodule-TN3K/img/trainval0794.png,tn3k,trainval0794,tn3k_trainval0794,png
/home/user/data/phyusformer_data/post_miccai_exps/data/US30k/US30K/ThyroidNodule-TN3K/img/trainval0795.png,tn3k,trainval0795,tn3k_trainval0795,png
/home/user/data/phyusformer_data/post_miccai_exps/data/US30k/US30K/ThyroidNodule-TN3K/img/trainval0796.png,tn3k,trainval0796,tn3k_trainval0796,png
/home/user/data/phyusformer_data/post_miccai_exps/data/US30k/US30K/ThyroidNodule-TN3K/img/trainval0797.png,tn3k,trainval0797,tn3k_trainval0797,png
/home/user/data/phyusformer_data/post_miccai_exps/data/US30k/US30K/ThyroidNodule-TN3K/img/trainval0798.png,tn3k,trainval0798,tn3k_trainval0798,png
/home/user/data/phyusformer_data/post_miccai_exps/data/US30k/US30K/ThyroidNodule-TN3K/img/trainval0799.png,tn3k,trainval0799,tn3k_trainval0799,png
/home/user/data/phyusformer_data/post_miccai_exps/data/US30k/US30K/ThyroidNodule-TN3K/img/trainval0800.png,tn3k,trainval0800,tn3k_trainval0800,png
/home/user/data/phyusformer_data/post_miccai_exps/data/US30k/US30K/ThyroidNodule-TN3K/img/trainval0801.png,tn3k,trainval0801,tn3k_trainval0801,png
/home/user/data/phyusformer_data/post_miccai_exps/data/US30k/US30K/ThyroidNodule-TN3K/img/trainval0802.png,tn3k,trainval0802,tn3k_trainval0802,png
/home/user/data/phyusformer_data/post_miccai_exps/data/US30k/US30K/ThyroidNodule-TN3K/img/trainval0803.png,tn3k,trainval0803,tn3k_trainval0803,png
/home/user/data/phyusformer_data/post_miccai_exps/data/US30k/US30K/ThyroidNodule-TN3K/img/trainval0804.png,tn3k,trainval0804,tn3k_trainval0804,png
/home/user/data/phyusformer_data/post_miccai_exps/data/US30k/US30K/ThyroidNodule-TN3K/img/trainval0805.png,tn3k,trainval0805,tn3k_trainval0805,png
/home/user/data/phyusformer_data/post_miccai_exps/data/US30k/US30K/ThyroidNodule-TN3K/img/trainval0806.png,tn3k,trainval0806,tn3k_trainval0806,png
/home/user/data/phyusformer_data/post_miccai_exps/data/US30k/US30K/ThyroidNodule-TN3K/img/trainval0807.png,tn3k,trainval0807,tn3k_trainval0807,png
/home/user/data/phyusformer_data/post_miccai_exps/data/US30k/US30K/ThyroidNodule-TN3K/img/trainval0808.png,tn3k,trainval0808,tn3k_trainval0808,png
/home/user/data/phyusformer_data/post_miccai_exps/data/US30k/US30K/ThyroidNodule-TN3K/img/trainval0809.png,tn3k,trainval0809,tn3k_trainval0809,png
/home/user/data/phyusformer_data/post_miccai_exps/data/US30k/US30K/ThyroidNodule-TN3K/img/trainval0810.png,tn3k,trainval0810,tn3k_trainval0810,png
/home/user/data/phyusformer_data/post_miccai_exps/data/US30k/US30K/ThyroidNodule-TN3K/img/trainval0811.png,tn3k,trainval0811,tn3k_trainval0811,png
/home/user/data/phyusformer_data/post_miccai_exps/data/US30k/US30K/ThyroidNodule-TN3K/img/trainval0812.png,tn3k,trainval0812,tn3k_trainval0812,png
/home/user/data/phyusformer_data/post_miccai_exps/data/US30k/US30K/ThyroidNodule-TN3K/img/trainval0813.png,tn3k,trainval0813,tn3k_trainval0813,png
/home/user/data/phyusformer_data/post_miccai_exps/data/US30k/US30K/ThyroidNodule-TN3K/img/trainval0814.png,tn3k,trainval0814,tn3k_trainval0814,png
/home/user/data/phyusformer_data/post_miccai_exps/data/US30k/US30K/ThyroidNodule-TN3K/img/trainval0815.png,tn3k,trainval0815,tn3k_trainval0815,png
/home/user/data/phyusformer_data/post_miccai_exps/data/US30k/US30K/ThyroidNodule-TN3K/img/trainval0816.png,tn3k,trainval0816,tn3k_trainval0816,png
/home/user/data/phyusformer_data/post_miccai_exps/data/US30k/US30K/ThyroidNodule-TN3K/img/trainval0817.png,tn3k,trainval0817,tn3k_trainval0817,png
/home/user/data/phyusformer_data/post_miccai_exps/data/US30k/US30K/ThyroidNodule-TN3K/img/trainval0818.png,tn3k,trainval0818,tn3k_trainval0818,png
/home/user/data/phyusformer_data/post_miccai_exps/data/US30k/US30K/ThyroidNodule-TN3K/img/trainval0819.png,tn3k,trainval0819,tn3k_trainval0819,png
/home/user/data/phyusformer_data/post_miccai_exps/data/US30k/US30K/ThyroidNodule-TN3K/img/trainval0820.png,tn3k,trainval0820,tn3k_trainval0820,png
/home/user/data/phyusformer_data/post_miccai_exps/data/US30k/US30K/ThyroidNodule-TN3K/img/trainval0821.png,tn3k,trainval0821,tn3k_trainval0821,png
/home/user/data/phyusformer_data/post_miccai_exps/data/US30k/US30K/ThyroidNodule-TN3K/img/trainval0822.png,tn3k,trainval0822,tn3k_trainval0822,png
/home/user/data/phyusformer_data/post_miccai_exps/data/US30k/US30K/ThyroidNodule-TN3K/img/trainval0823.png,tn3k,trainval0823,tn3k_trainval0823,png
/home/user/data/phyusformer_data/post_miccai_exps/data/US30k/US30K/ThyroidNodule-TN3K/img/trainval0824.png,tn3k,trainval0824,tn3k_trainval0824,png
/home/user/data/phyusformer_data/post_miccai_exps/data/US30k/US30K/ThyroidNodule-TN3K/img/trainval0825.png,tn3k,trainval0825,tn3k_trainval0825,png
/home/user/data/phyusformer_data/post_miccai_exps/data/US30k/US30K/ThyroidNodule-TN3K/img/trainval0826.png,tn3k,trainval0826,tn3k_trainval0826,png
/home/user/data/phyusformer_data/post_miccai_exps/data/US30k/US30K/ThyroidNodule-TN3K/img/trainval0827.png,tn3k,trainval0827,tn3k_trainval0827,png
/home/user/data/phyusformer_data/post_miccai_exps/data/US30k/US30K/ThyroidNodule-TN3K/img/trainval0828.png,tn3k,trainval0828,tn3k_trainval0828,png
/home/user/data/phyusformer_data/post_miccai_exps/data/US30k/US30K/ThyroidNodule-TN3K/img/trainval0829.png,tn3k,trainval0829,tn3k_trainval0829,png
/home/user/data/phyusformer_data/post_miccai_exps/data/US30k/US30K/ThyroidNodule-TN3K/img/trainval0830.png,tn3k,trainval0830,tn3k_trainval0830,png
/home/user/data/phyusformer_data/post_miccai_exps/data/US30k/US30K/ThyroidNodule-TN3K/img/trainval0831.png,tn3k,trainval0831,tn3k_trainval0831,png
/home/user/data/phyusformer_data/post_miccai_exps/data/US30k/US30K/ThyroidNodule-TN3K/img/trainval0832.png,tn3k,trainval0832,tn3k_trainval0832,png
/home/user/data/phyusformer_data/post_miccai_exps/data/US30k/US30K/ThyroidNodule-TN3K/img/trainval0833.png,tn3k,trainval0833,tn3k_trainval0833,png
/home/user/data/phyusformer_data/post_miccai_exps/data/US30k/US30K/ThyroidNodule-TN3K/img/trainval0834.png,tn3k,trainval0834,tn3k_trainval0834,png
/home/user/data/phyusformer_data/post_miccai_exps/data/US30k/US30K/ThyroidNodule-TN3K/img/trainval0835.png,tn3k,trainval0835,tn3k_trainval0835,png
/home/user/data/phyusformer_data/post_miccai_exps/data/US30k/US30K/ThyroidNodule-TN3K/img/trainval0836.png,tn3k,trainval0836,tn3k_trainval0836,png
/home/user/data/phyusformer_data/post_miccai_exps/data/US30k/US30K/ThyroidNodule-TN3K/img/trainval0837.png,tn3k,trainval0837,tn3k_trainval0837,png
/home/user/data/phyusformer_data/post_miccai_exps/data/US30k/US30K/ThyroidNodule-TN3K/img/trainval0838.png,tn3k,trainval0838,tn3k_trainval0838,png
/home/user/data/phyusformer_data/post_miccai_exps/data/US30k/US30K/ThyroidNodule-TN3K/img/trainval0839.png,tn3k,trainval0839,tn3k_trainval0839,png
/home/user/data/phyusformer_data/post_miccai_exps/data/US30k/US30K/ThyroidNodule-TN3K/img/trainval0840.png,tn3k,trainval0840,tn3k_trainval0840,png
/home/user/data/phyusformer_data/post_miccai_exps/data/US30k/US30K/ThyroidNodule-TN3K/img/trainval0841.png,tn3k,trainval0841,tn3k_trainval0841,png
/home/user/data/phyusformer_data/post_miccai_exps/data/US30k/US30K/ThyroidNodule-TN3K/img/trainval0842.png,tn3k,trainval0842,tn3k_trainval0842,png
/home/user/data/phyusformer_data/post_miccai_exps/data/US30k/US30K/ThyroidNodule-TN3K/img/trainval0843.png,tn3k,trainval0843,tn3k_trainval0843,png
/home/user/data/phyusformer_data/post_miccai_exps/data/US30k/US30K/ThyroidNodule-TN3K/img/trainval0844.png,tn3k,trainval0844,tn3k_trainval0844,png
/home/user/data/phyusformer_data/post_miccai_exps/data/US30k/US30K/ThyroidNodule-TN3K/img/trainval0845.png,tn3k,trainval0845,tn3k_trainval0845,png
/home/user/data/phyusformer_data/post_miccai_exps/data/US30k/US30K/ThyroidNodule-TN3K/img/trainval0846.png,tn3k,trainval0846,tn3k_trainval0846,png
/home/user/data/phyusformer_data/post_miccai_exps/data/US30k/US30K/ThyroidNodule-TN3K/img/trainval0847.png,tn3k,trainval0847,tn3k_trainval0847,png
/home/user/data/phyusformer_data/post_miccai_exps/data/US30k/US30K/ThyroidNodule-TN3K/img/trainval0848.png,tn3k,trainval0848,tn3k_trainval0848,png
/home/user/data/phyusformer_data/post_miccai_exps/data/US30k/US30K/ThyroidNodule-TN3K/img/trainval0849.png,tn3k,trainval0849,tn3k_trainval0849,png
/home/user/data/phyusformer_data/post_miccai_exps/data/US30k/US30K/ThyroidNodule-TN3K/img/trainval0850.png,tn3k,trainval0850,tn3k_trainval0850,png
/home/user/data/phyusformer_data/post_miccai_exps/data/US30k/US30K/ThyroidNodule-TN3K/img/trainval0851.png,tn3k,trainval0851,tn3k_trainval0851,png
/home/user/data/phyusformer_data/post_miccai_exps/data/US30k/US30K/ThyroidNodule-TN3K/img/trainval0852.png,tn3k,trainval0852,tn3k_trainval0852,png
/home/user/data/phyusformer_data/post_miccai_exps/data/US30k/US30K/ThyroidNodule-TN3K/img/trainval0853.png,tn3k,trainval0853,tn3k_trainval0853,png
/home/user/data/phyusformer_data/post_miccai_exps/data/US30k/US30K/ThyroidNodule-TN3K/img/trainval0854.png,tn3k,trainval0854,tn3k_trainval0854,png
/home/user/data/phyusformer_data/post_miccai_exps/data/US30k/US30K/ThyroidNodule-TN3K/img/trainval0855.png,tn3k,trainval0855,tn3k_trainval0855,png
/home/user/data/phyusformer_data/post_miccai_exps/data/US30k/US30K/ThyroidNodule-TN3K/img/trainval0856.png,tn3k,trainval0856,tn3k_trainval0856,png
/home/user/data/phyusformer_data/post_miccai_exps/data/US30k/US30K/ThyroidNodule-TN3K/img/trainval0857.png,tn3k,trainval0857,tn3k_trainval0857,png
/home/user/data/phyusformer_data/post_miccai_exps/data/US30k/US30K/ThyroidNodule-TN3K/img/trainval0858.png,tn3k,trainval0858,tn3k_trainval0858,png
/home/user/data/phyusformer_data/post_miccai_exps/data/US30k/US30K/ThyroidNodule-TN3K/img/trainval0859.png,tn3k,trainval0859,tn3k_trainval0859,png
/home/user/data/phyusformer_data/post_miccai_exps/data/US30k/US30K/ThyroidNodule-TN3K/img/trainval0860.png,tn3k,trainval0860,tn3k_trainval0860,png
/home/user/data/phyusformer_data/post_miccai_exps/data/US30k/US30K/ThyroidNodule-TN3K/img/trainval0861.png,tn3k,trainval0861,tn3k_trainval0861,png
/home/user/data/phyusformer_data/post_miccai_exps/data/US30k/US30K/ThyroidNodule-TN3K/img/trainval0862.png,tn3k,trainval0862,tn3k_trainval0862,png
/home/user/data/phyusformer_data/post_miccai_exps/data/US30k/US30K/ThyroidNodule-TN3K/img/trainval0863.png,tn3k,trainval0863,tn3k_trainval0863,png
/home/user/data/phyusformer_data/post_miccai_exps/data/US30k/US30K/ThyroidNodule-TN3K/img/trainval0864.png,tn3k,trainval0864,tn3k_trainval0864,png
/home/user/data/phyusformer_data/post_miccai_exps/data/US30k/US30K/ThyroidNodule-TN3K/img/trainval0865.png,tn3k,trainval0865,tn3k_trainval0865,png
/home/user/data/phyusformer_data/post_miccai_exps/data/US30k/US30K/ThyroidNodule-TN3K/img/trainval0866.png,tn3k,trainval0866,tn3k_trainval0866,png
/home/user/data/phyusformer_data/post_miccai_exps/data/US30k/US30K/ThyroidNodule-TN3K/img/trainval0867.png,tn3k,trainval0867,tn3k_trainval0867,png
/home/user/data/phyusformer_data/post_miccai_exps/data/US30k/US30K/ThyroidNodule-TN3K/img/trainval0868.png,tn3k,trainval0868,tn3k_trainval0868,png
/home/user/data/phyusformer_data/post_miccai_exps/data/US30k/US30K/ThyroidNodule-TN3K/img/trainval0869.png,tn3k,trainval0869,tn3k_trainval0869,png
/home/user/data/phyusformer_data/post_miccai_exps/data/US30k/US30K/ThyroidNodule-TN3K/img/trainval0870.png,tn3k,trainval0870,tn3k_trainval0870,png
/home/user/data/phyusformer_data/post_miccai_exps/data/US30k/US30K/ThyroidNodule-TN3K/img/trainval0871.png,tn3k,trainval0871,tn3k_trainval0871,png
/home/user/data/phyusformer_data/post_miccai_exps/data/US30k/US30K/ThyroidNodule-TN3K/img/trainval0872.png,tn3k,trainval0872,tn3k_trainval0872,png
/home/user/data/phyusformer_data/post_miccai_exps/data/US30k/US30K/ThyroidNodule-TN3K/img/trainval0873.png,tn3k,trainval0873,tn3k_trainval0873,png
/home/user/data/phyusformer_data/post_miccai_exps/data/US30k/US30K/ThyroidNodule-TN3K/img/trainval0874.png,tn3k,trainval0874,tn3k_trainval0874,png
/home/user/data/phyusformer_data/post_miccai_exps/data/US30k/US30K/ThyroidNodule-TN3K/img/trainval0875.png,tn3k,trainval0875,tn3k_trainval0875,png
/home/user/data/phyusformer_data/post_miccai_exps/data/US30k/US30K/ThyroidNodule-TN3K/img/trainval0876.png,tn3k,trainval0876,tn3k_trainval0876,png
/home/user/data/phyusformer_data/post_miccai_exps/data/US30k/US30K/ThyroidNodule-TN3K/img/trainval0877.png,tn3k,trainval0877,tn3k_trainval0877,png
/home/user/data/phyusformer_data/post_miccai_exps/data/US30k/US30K/ThyroidNodule-TN3K/img/trainval0878.png,tn3k,trainval0878,tn3k_trainval0878,png
/home/user/data/phyusformer_data/post_miccai_exps/data/US30k/US30K/ThyroidNodule-TN3K/img/trainval0879.png,tn3k,trainval0879,tn3k_trainval0879,png
/home/user/data/phyusformer_data/post_miccai_exps/data/US30k/US30K/ThyroidNodule-TN3K/img/trainval0880.png,tn3k,trainval0880,tn3k_trainval0880,png
/home/user/data/phyusformer_data/post_miccai_exps/data/US30k/US30K/ThyroidNodule-TN3K/img/trainval0881.png,tn3k,trainval0881,tn3k_trainval0881,png
/home/user/data/phyusformer_data/post_miccai_exps/data/US30k/US30K/ThyroidNodule-TN3K/img/trainval0882.png,tn3k,trainval0882,tn3k_trainval0882,png
/home/user/data/phyusformer_data/post_miccai_exps/data/US30k/US30K/ThyroidNodule-TN3K/img/trainval0883.png,tn3k,trainval0883,tn3k_trainval0883,png
/home/user/data/phyusformer_data/post_miccai_exps/data/US30k/US30K/ThyroidNodule-TN3K/img/trainval0884.png,tn3k,trainval0884,tn3k_trainval0884,png
/home/user/data/phyusformer_data/post_miccai_exps/data/US30k/US30K/ThyroidNodule-TN3K/img/trainval0885.png,tn3k,trainval0885,tn3k_trainval0885,png
/home/user/data/phyusformer_data/post_miccai_exps/data/US30k/US30K/ThyroidNodule-TN3K/img/trainval0886.png,tn3k,trainval0886,tn3k_trainval0886,png
/home/user/data/phyusformer_data/post_miccai_exps/data/US30k/US30K/ThyroidNodule-TN3K/img/trainval0887.png,tn3k,trainval0887,tn3k_trainval0887,png
/home/user/data/phyusformer_data/post_miccai_exps/data/US30k/US30K/ThyroidNodule-TN3K/img/trainval0888.png,tn3k,trainval0888,tn3k_trainval0888,png
/home/user/data/phyusformer_data/post_miccai_exps/data/US30k/US30K/ThyroidNodule-TN3K/img/trainval0889.png,tn3k,trainval0889,tn3k_trainval0889,png
/home/user/data/phyusformer_data/post_miccai_exps/data/US30k/US30K/ThyroidNodule-TN3K/img/trainval0890.png,tn3k,trainval0890,tn3k_trainval0890,png
/home/user/data/phyusformer_data/post_miccai_exps/data/US30k/US30K/ThyroidNodule-TN3K/img/trainval0891.png,tn3k,trainval0891,tn3k_trainval0891,png
/home/user/data/phyusformer_data/post_miccai_exps/data/US30k/US30K/ThyroidNodule-TN3K/img/trainval0892.png,tn3k,trainval0892,tn3k_trainval0892,png
/home/user/data/phyusformer_data/post_miccai_exps/data/US30k/US30K/ThyroidNodule-TN3K/img/trainval0893.png,tn3k,trainval0893,tn3k_trainval0893,png
/home/user/data/phyusformer_data/post_miccai_exps/data/US30k/US30K/ThyroidNodule-TN3K/img/trainval0894.png,tn3k,trainval0894,tn3k_trainval0894,png
/home/user/data/phyusformer_data/post_miccai_exps/data/US30k/US30K/ThyroidNodule-TN3K/img/trainval0895.png,tn3k,trainval0895,tn3k_trainval0895,png
/home/user/data/phyusformer_data/post_miccai_exps/data/US30k/US30K/ThyroidNodule-TN3K/img/trainval0896.png,tn3k,trainval0896,tn3k_trainval0896,png
/home/user/data/phyusformer_data/post_miccai_exps/data/US30k/US30K/ThyroidNodule-TN3K/img/trainval0897.png,tn3k,trainval0897,tn3k_trainval0897,png
/home/user/data/phyusformer_data/post_miccai_exps/data/US30k/US30K/ThyroidNodule-TN3K/img/trainval0898.png,tn3k,trainval0898,tn3k_trainval0898,png
/home/user/data/phyusformer_data/post_miccai_exps/data/US30k/US30K/ThyroidNodule-TN3K/img/trainval0899.png,tn3k,trainval0899,tn3k_trainval0899,png
/home/user/data/phyusformer_data/post_miccai_exps/data/US30k/US30K/ThyroidNodule-TN3K/img/trainval0900.png,tn3k,trainval0900,tn3k_trainval0900,png
/home/user/data/phyusformer_data/post_miccai_exps/data/US30k/US30K/ThyroidNodule-TN3K/img/trainval0901.png,tn3k,trainval0901,tn3k_trainval0901,png
/home/user/data/phyusformer_data/post_miccai_exps/data/US30k/US30K/ThyroidNodule-TN3K/img/trainval0902.png,tn3k,trainval0902,tn3k_trainval0902,png
/home/user/data/phyusformer_data/post_miccai_exps/data/US30k/US30K/ThyroidNodule-TN3K/img/trainval0903.png,tn3k,trainval0903,tn3k_trainval0903,png
/home/user/data/phyusformer_data/post_miccai_exps/data/US30k/US30K/ThyroidNodule-TN3K/img/trainval0904.png,tn3k,trainval0904,tn3k_trainval0904,png
/home/user/data/phyusformer_data/post_miccai_exps/data/US30k/US30K/ThyroidNodule-TN3K/img/trainval0905.png,tn3k,trainval0905,tn3k_trainval0905,png
/home/user/data/phyusformer_data/post_miccai_exps/data/US30k/US30K/ThyroidNodule-TN3K/img/trainval0906.png,tn3k,trainval0906,tn3k_trainval0906,png
/home/user/data/phyusformer_data/post_miccai_exps/data/US30k/US30K/ThyroidNodule-TN3K/img/trainval0907.png,tn3k,trainval0907,tn3k_trainval0907,png
/home/user/data/phyusformer_data/post_miccai_exps/data/US30k/US30K/ThyroidNodule-TN3K/img/trainval0908.png,tn3k,trainval0908,tn3k_trainval0908,png
/home/user/data/phyusformer_data/post_miccai_exps/data/US30k/US30K/ThyroidNodule-TN3K/img/trainval0909.png,tn3k,trainval0909,tn3k_trainval0909,png
/home/user/data/phyusformer_data/post_miccai_exps/data/US30k/US30K/ThyroidNodule-TN3K/img/trainval0910.png,tn3k,trainval0910,tn3k_trainval0910,png
/home/user/data/phyusformer_data/post_miccai_exps/data/US30k/US30K/ThyroidNodule-TN3K/img/trainval0911.png,tn3k,trainval0911,tn3k_trainval0911,png
/home/user/data/phyusformer_data/post_miccai_exps/data/US30k/US30K/ThyroidNodule-TN3K/img/trainval0912.png,tn3k,trainval0912,tn3k_trainval0912,png
/home/user/data/phyusformer_data/post_miccai_exps/data/US30k/US30K/ThyroidNodule-TN3K/img/trainval0913.png,tn3k,trainval0913,tn3k_trainval0913,png
/home/user/data/phyusformer_data/post_miccai_exps/data/US30k/US30K/ThyroidNodule-TN3K/img/trainval0914.png,tn3k,trainval0914,tn3k_trainval0914,png
/home/user/data/phyusformer_data/post_miccai_exps/data/US30k/US30K/ThyroidNodule-TN3K/img/trainval0915.png,tn3k,trainval0915,tn3k_trainval0915,png
/home/user/data/phyusformer_data/post_miccai_exps/data/US30k/US30K/ThyroidNodule-TN3K/img/trainval0916.png,tn3k,trainval0916,tn3k_trainval0916,png
/home/user/data/phyusformer_data/post_miccai_exps/data/US30k/US30K/ThyroidNodule-TN3K/img/trainval0917.png,tn3k,trainval0917,tn3k_trainval0917,png
/home/user/data/phyusformer_data/post_miccai_exps/data/US30k/US30K/ThyroidNodule-TN3K/img/trainval0918.png,tn3k,trainval0918,tn3k_trainval0918,png
/home/user/data/phyusformer_data/post_miccai_exps/data/US30k/US30K/ThyroidNodule-TN3K/img/trainval0919.png,tn3k,trainval0919,tn3k_trainval0919,png
/home/user/data/phyusformer_data/post_miccai_exps/data/US30k/US30K/ThyroidNodule-TN3K/img/trainval0920.png,tn3k,trainval0920,tn3k_trainval0920,png
/home/user/data/phyusformer_data/post_miccai_exps/data/US30k/US30K/ThyroidNodule-TN3K/img/trainval0921.png,tn3k,trainval0921,tn3k_trainval0921,png
/home/user/data/phyusformer_data/post_miccai_exps/data/US30k/US30K/ThyroidNodule-TN3K/img/trainval0922.png,tn3k,trainval0922,tn3k_trainval0922,png
/home/user/data/phyusformer_data/post_miccai_exps/data/US30k/US30K/ThyroidNodule-TN3K/img/trainval0923.png,tn3k,trainval0923,tn3k_trainval0923,png
/home/user/data/phyusformer_data/post_miccai_exps/data/US30k/US30K/ThyroidNodule-TN3K/img/trainval0924.png,tn3k,trainval0924,tn3k_trainval0924,png
/home/user/data/phyusformer_data/post_miccai_exps/data/US30k/US30K/ThyroidNodule-TN3K/img/trainval0925.png,tn3k,trainval0925,tn3k_trainval0925,png
/home/user/data/phyusformer_data/post_miccai_exps/data/US30k/US30K/ThyroidNodule-TN3K/img/trainval0926.png,tn3k,trainval0926,tn3k_trainval0926,png
/home/user/data/phyusformer_data/post_miccai_exps/data/US30k/US30K/ThyroidNodule-TN3K/img/trainval0927.png,tn3k,trainval0927,tn3k_trainval0927,png
/home/user/data/phyusformer_data/post_miccai_exps/data/US30k/US30K/ThyroidNodule-TN3K/img/trainval0928.png,tn3k,trainval0928,tn3k_trainval0928,png
/home/user/data/phyusformer_data/post_miccai_exps/data/US30k/US30K/ThyroidNodule-TN3K/img/trainval0929.png,tn3k,trainval0929,tn3k_trainval0929,png
/home/user/data/phyusformer_data/post_miccai_exps/data/US30k/US30K/ThyroidNodule-TN3K/img/trainval0930.png,tn3k,trainval0930,tn3k_trainval0930,png
/home/user/data/phyusformer_data/post_miccai_exps/data/US30k/US30K/ThyroidNodule-TN3K/img/trainval0931.png,tn3k,trainval0931,tn3k_trainval0931,png
/home/user/data/phyusformer_data/post_miccai_exps/data/US30k/US30K/ThyroidNodule-TN3K/img/trainval0932.png,tn3k,trainval0932,tn3k_trainval0932,png
/home/user/data/phyusformer_data/post_miccai_exps/data/US30k/US30K/ThyroidNodule-TN3K/img/trainval0933.png,tn3k,trainval0933,tn3k_trainval0933,png
/home/user/data/phyusformer_data/post_miccai_exps/data/US30k/US30K/ThyroidNodule-TN3K/img/trainval0934.png,tn3k,trainval0934,tn3k_trainval0934,png
/home/user/data/phyusformer_data/post_miccai_exps/data/US30k/US30K/ThyroidNodule-TN3K/img/trainval0935.png,tn3k,trainval0935,tn3k_trainval0935,png
/home/user/data/phyusformer_data/post_miccai_exps/data/US30k/US30K/ThyroidNodule-TN3K/img/trainval0936.png,tn3k,trainval0936,tn3k_trainval0936,png
/home/user/data/phyusformer_data/post_miccai_exps/data/US30k/US30K/ThyroidNodule-TN3K/img/trainval0937.png,tn3k,trainval0937,tn3k_trainval0937,png
/home/user/data/phyusformer_data/post_miccai_exps/data/US30k/US30K/ThyroidNodule-TN3K/img/trainval0938.png,tn3k,trainval0938,tn3k_trainval0938,png
/home/user/data/phyusformer_data/post_miccai_exps/data/US30k/US30K/ThyroidNodule-TN3K/img/trainval0939.png,tn3k,trainval0939,tn3k_trainval0939,png
/home/user/data/phyusformer_data/post_miccai_exps/data/US30k/US30K/ThyroidNodule-TN3K/img/trainval0940.png,tn3k,trainval0940,tn3k_trainval0940,png
/home/user/data/phyusformer_data/post_miccai_exps/data/US30k/US30K/ThyroidNodule-TN3K/img/trainval0941.png,tn3k,trainval0941,tn3k_trainval0941,png
/home/user/data/phyusformer_data/post_miccai_exps/data/US30k/US30K/ThyroidNodule-TN3K/img/trainval0942.png,tn3k,trainval0942,tn3k_trainval0942,png
/home/user/data/phyusformer_data/post_miccai_exps/data/US30k/US30K/ThyroidNodule-TN3K/img/trainval0943.png,tn3k,trainval0943,tn3k_trainval0943,png
/home/user/data/phyusformer_data/post_miccai_exps/data/US30k/US30K/ThyroidNodule-TN3K/img/trainval0944.png,tn3k,trainval0944,tn3k_trainval0944,png
/home/user/data/phyusformer_data/post_miccai_exps/data/US30k/US30K/ThyroidNodule-TN3K/img/trainval0945.png,tn3k,trainval0945,tn3k_trainval0945,png
/home/user/data/phyusformer_data/post_miccai_exps/data/US30k/US30K/ThyroidNodule-TN3K/img/trainval0946.png,tn3k,trainval0946,tn3k_trainval0946,png
/home/user/data/phyusformer_data/post_miccai_exps/data/US30k/US30K/ThyroidNodule-TN3K/img/trainval0947.png,tn3k,trainval0947,tn3k_trainval0947,png
/home/user/data/phyusformer_data/post_miccai_exps/data/US30k/US30K/ThyroidNodule-TN3K/img/trainval0948.png,tn3k,trainval0948,tn3k_trainval0948,png
/home/user/data/phyusformer_data/post_miccai_exps/data/US30k/US30K/ThyroidNodule-TN3K/img/trainval0949.png,tn3k,trainval0949,tn3k_trainval0949,png
/home/user/data/phyusformer_data/post_miccai_exps/data/US30k/US30K/ThyroidNodule-TN3K/img/trainval0950.png,tn3k,trainval0950,tn3k_trainval0950,png
/home/user/data/phyusformer_data/post_miccai_exps/data/US30k/US30K/ThyroidNodule-TN3K/img/trainval0951.png,tn3k,trainval0951,tn3k_trainval0951,png
/home/user/data/phyusformer_data/post_miccai_exps/data/US30k/US30K/ThyroidNodule-TN3K/img/trainval0952.png,tn3k,trainval0952,tn3k_trainval0952,png
/home/user/data/phyusformer_data/post_miccai_exps/data/US30k/US30K/ThyroidNodule-TN3K/img/trainval0953.png,tn3k,trainval0953,tn3k_trainval0953,png
/home/user/data/phyusformer_data/post_miccai_exps/data/US30k/US30K/ThyroidNodule-TN3K/img/trainval0954.png,tn3k,trainval0954,tn3k_trainval0954,png
/home/user/data/phyusformer_data/post_miccai_exps/data/US30k/US30K/ThyroidNodule-TN3K/img/trainval0955.png,tn3k,trainval0955,tn3k_trainval0955,png
/home/user/data/phyusformer_data/post_miccai_exps/data/US30k/US30K/ThyroidNodule-TN3K/img/trainval0956.png,tn3k,trainval0956,tn3k_trainval0956,png
/home/user/data/phyusformer_data/post_miccai_exps/data/US30k/US30K/ThyroidNodule-TN3K/img/trainval0957.png,tn3k,trainval0957,tn3k_trainval0957,png
/home/user/data/phyusformer_data/post_miccai_exps/data/US30k/US30K/ThyroidNodule-TN3K/img/trainval0958.png,tn3k,trainval0958,tn3k_trainval0958,png
/home/user/data/phyusformer_data/post_miccai_exps/data/US30k/US30K/ThyroidNodule-TN3K/img/trainval0959.png,tn3k,trainval0959,tn3k_trainval0959,png
/home/user/data/phyusformer_data/post_miccai_exps/data/US30k/US30K/ThyroidNodule-TN3K/img/trainval0960.png,tn3k,trainval0960,tn3k_trainval0960,png
/home/user/data/phyusformer_data/post_miccai_exps/data/US30k/US30K/ThyroidNodule-TN3K/img/trainval0961.png,tn3k,trainval0961,tn3k_trainval0961,png
/home/user/data/phyusformer_data/post_miccai_exps/data/US30k/US30K/ThyroidNodule-TN3K/img/trainval0962.png,tn3k,trainval0962,tn3k_trainval0962,png
/home/user/data/phyusformer_data/post_miccai_exps/data/US30k/US30K/ThyroidNodule-TN3K/img/trainval0963.png,tn3k,trainval0963,tn3k_trainval0963,png
/home/user/data/phyusformer_data/post_miccai_exps/data/US30k/US30K/ThyroidNodule-TN3K/img/trainval0964.png,tn3k,trainval0964,tn3k_trainval0964,png
/home/user/data/phyusformer_data/post_miccai_exps/data/US30k/US30K/ThyroidNodule-TN3K/img/trainval0965.png,tn3k,trainval0965,tn3k_trainval0965,png
/home/user/data/phyusformer_data/post_miccai_exps/data/US30k/US30K/ThyroidNodule-TN3K/img/trainval0966.png,tn3k,trainval0966,tn3k_trainval0966,png
/home/user/data/phyusformer_data/post_miccai_exps/data/US30k/US30K/ThyroidNodule-TN3K/img/trainval0967.png,tn3k,trainval0967,tn3k_trainval0967,png
/home/user/data/phyusformer_data/post_miccai_exps/data/US30k/US30K/ThyroidNodule-TN3K/img/trainval0968.png,tn3k,trainval0968,tn3k_trainval0968,png
/home/user/data/phyusformer_data/post_miccai_exps/data/US30k/US30K/ThyroidNodule-TN3K/img/trainval0969.png,tn3k,trainval0969,tn3k_trainval0969,png
/home/user/data/phyusformer_data/post_miccai_exps/data/US30k/US30K/ThyroidNodule-TN3K/img/trainval0970.png,tn3k,trainval0970,tn3k_trainval0970,png
/home/user/data/phyusformer_data/post_miccai_exps/data/US30k/US30K/ThyroidNodule-TN3K/img/trainval0971.png,tn3k,trainval0971,tn3k_trainval0971,png
/home/user/data/phyusformer_data/post_miccai_exps/data/US30k/US30K/ThyroidNodule-TN3K/img/trainval0972.png,tn3k,trainval0972,tn3k_trainval0972,png
/home/user/data/phyusformer_data/post_miccai_exps/data/US30k/US30K/ThyroidNodule-TN3K/img/trainval0973.png,tn3k,trainval0973,tn3k_trainval0973,png
/home/user/data/phyusformer_data/post_miccai_exps/data/US30k/US30K/ThyroidNodule-TN3K/img/trainval0974.png,tn3k,trainval0974,tn3k_trainval0974,png
/home/user/data/phyusformer_data/post_miccai_exps/data/US30k/US30K/ThyroidNodule-TN3K/img/trainval0975.png,tn3k,trainval0975,tn3k_trainval0975,png
/home/user/data/phyusformer_data/post_miccai_exps/data/US30k/US30K/ThyroidNodule-TN3K/img/trainval0976.png,tn3k,trainval0976,tn3k_trainval0976,png
/home/user/data/phyusformer_data/post_miccai_exps/data/US30k/US30K/ThyroidNodule-TN3K/img/trainval0977.png,tn3k,trainval0977,tn3k_trainval0977,png
/home/user/data/phyusformer_data/post_miccai_exps/data/US30k/US30K/ThyroidNodule-TN3K/img/trainval0978.png,tn3k,trainval0978,tn3k_trainval0978,png
/home/user/data/phyusformer_data/post_miccai_exps/data/US30k/US30K/ThyroidNodule-TN3K/img/trainval0979.png,tn3k,trainval0979,tn3k_trainval0979,png
/home/user/data/phyusformer_data/post_miccai_exps/data/US30k/US30K/ThyroidNodule-TN3K/img/trainval0980.png,tn3k,trainval0980,tn3k_trainval0980,png
/home/user/data/phyusformer_data/post_miccai_exps/data/US30k/US30K/ThyroidNodule-TN3K/img/trainval0981.png,tn3k,trainval0981,tn3k_trainval0981,png
/home/user/data/phyusformer_data/post_miccai_exps/data/US30k/US30K/ThyroidNodule-TN3K/img/trainval0982.png,tn3k,trainval0982,tn3k_trainval0982,png
/home/user/data/phyusformer_data/post_miccai_exps/data/US30k/US30K/ThyroidNodule-TN3K/img/trainval0983.png,tn3k,trainval0983,tn3k_trainval0983,png
/home/user/data/phyusformer_data/post_miccai_exps/data/US30k/US30K/ThyroidNodule-TN3K/img/trainval0984.png,tn3k,trainval0984,tn3k_trainval0984,png
/home/user/data/phyusformer_data/post_miccai_exps/data/US30k/US30K/ThyroidNodule-TN3K/img/trainval0985.png,tn3k,trainval0985,tn3k_trainval0985,png
/home/user/data/phyusformer_data/post_miccai_exps/data/US30k/US30K/ThyroidNodule-TN3K/img/trainval0986.png,tn3k,trainval0986,tn3k_trainval0986,png
/home/user/data/phyusformer_data/post_miccai_exps/data/US30k/US30K/ThyroidNodule-TN3K/img/trainval0987.png,tn3k,trainval0987,tn3k_trainval0987,png
/home/user/data/phyusformer_data/post_miccai_exps/data/US30k/US30K/ThyroidNodule-TN3K/img/trainval0988.png,tn3k,trainval0988,tn3k_trainval0988,png
/home/user/data/phyusformer_data/post_miccai_exps/data/US30k/US30K/ThyroidNodule-TN3K/img/trainval0989.png,tn3k,trainval0989,tn3k_trainval0989,png
/home/user/data/phyusformer_data/post_miccai_exps/data/US30k/US30K/ThyroidNodule-TN3K/img/trainval0990.png,tn3k,trainval0990,tn3k_trainval0990,png
/home/user/data/phyusformer_data/post_miccai_exps/data/US30k/US30K/ThyroidNodule-TN3K/img/trainval0991.png,tn3k,trainval0991,tn3k_trainval0991,png
/home/user/data/phyusformer_data/post_miccai_exps/data/US30k/US30K/ThyroidNodule-TN3K/img/trainval0992.png,tn3k,trainval0992,tn3k_trainval0992,png
/home/user/data/phyusformer_data/post_miccai_exps/data/US30k/US30K/ThyroidNodule-TN3K/img/trainval0993.png,tn3k,trainval0993,tn3k_trainval0993,png
/home/user/data/phyusformer_data/post_miccai_exps/data/US30k/US30K/ThyroidNodule-TN3K/img/trainval0994.png,tn3k,trainval0994,tn3k_trainval0994,png
/home/user/data/phyusformer_data/post_miccai_exps/data/US30k/US30K/ThyroidNodule-TN3K/img/trainval0995.png,tn3k,trainval0995,tn3k_trainval0995,png
/home/user/data/phyusformer_data/post_miccai_exps/data/US30k/US30K/ThyroidNodule-TN3K/img/trainval0996.png,tn3k,trainval0996,tn3k_trainval0996,png
/home/user/data/phyusformer_data/post_miccai_exps/data/US30k/US30K/ThyroidNodule-TN3K/img/trainval0997.png,tn3k,trainval0997,tn3k_trainval0997,png
/home/user/data/phyusformer_data/post_miccai_exps/data/US30k/US30K/ThyroidNodule-TN3K/img/trainval0998.png,tn3k,trainval0998,tn3k_trainval0998,png
/home/user/data/phyusformer_data/post_miccai_exps/data/US30k/US30K/ThyroidNodule-TN3K/img/trainval0999.png,tn3k,trainval0999,tn3k_trainval0999,png
/home/user/data/phyusformer_data/post_miccai_exps/data/US30k/US30K/ThyroidNodule-TN3K/img/trainval1000.png,tn3k,trainval1000,tn3k_trainval1000,png
/home/user/data/phyusformer_data/post_miccai_exps/data/US30k/US30K/ThyroidNodule-TN3K/img/trainval1001.png,tn3k,trainval1001,tn3k_trainval1001,png
/home/user/data/phyusformer_data/post_miccai_exps/data/US30k/US30K/ThyroidNodule-TN3K/img/trainval1002.png,tn3k,trainval1002,tn3k_trainval1002,png
/home/user/data/phyusformer_data/post_miccai_exps/data/US30k/US30K/ThyroidNodule-TN3K/img/trainval1003.png,tn3k,trainval1003,tn3k_trainval1003,png
/home/user/data/phyusformer_data/post_miccai_exps/data/US30k/US30K/ThyroidNodule-TN3K/img/trainval1004.png,tn3k,trainval1004,tn3k_trainval1004,png
/home/user/data/phyusformer_data/post_miccai_exps/data/US30k/US30K/ThyroidNodule-TN3K/img/trainval1005.png,tn3k,trainval1005,tn3k_trainval1005,png
/home/user/data/phyusformer_data/post_miccai_exps/data/US30k/US30K/ThyroidNodule-TN3K/img/trainval1006.png,tn3k,trainval1006,tn3k_trainval1006,png
/home/user/data/phyusformer_data/post_miccai_exps/data/US30k/US30K/ThyroidNodule-TN3K/img/trainval1007.png,tn3k,trainval1007,tn3k_trainval1007,png
/home/user/data/phyusformer_data/post_miccai_exps/data/US30k/US30K/ThyroidNodule-TN3K/img/trainval1008.png,tn3k,trainval1008,tn3k_trainval1008,png
/home/user/data/phyusformer_data/post_miccai_exps/data/US30k/US30K/ThyroidNodule-TN3K/img/trainval1009.png,tn3k,trainval1009,tn3k_trainval1009,png
/home/user/data/phyusformer_data/post_miccai_exps/data/US30k/US30K/ThyroidNodule-TN3K/img/trainval1010.png,tn3k,trainval1010,tn3k_trainval1010,png
/home/user/data/phyusformer_data/post_miccai_exps/data/US30k/US30K/ThyroidNodule-TN3K/img/trainval1011.png,tn3k,trainval1011,tn3k_trainval1011,png
/home/user/data/phyusformer_data/post_miccai_exps/data/US30k/US30K/ThyroidNodule-TN3K/img/trainval1012.png,tn3k,trainval1012,tn3k_trainval1012,png
/home/user/data/phyusformer_data/post_miccai_exps/data/US30k/US30K/ThyroidNodule-TN3K/img/trainval1013.png,tn3k,trainval1013,tn3k_trainval1013,png
/home/user/data/phyusformer_data/post_miccai_exps/data/US30k/US30K/ThyroidNodule-TN3K/img/trainval1014.png,tn3k,trainval1014,tn3k_trainval1014,png
/home/user/data/phyusformer_data/post_miccai_exps/data/US30k/US30K/ThyroidNodule-TN3K/img/trainval1015.png,tn3k,trainval1015,tn3k_trainval1015,png
/home/user/data/phyusformer_data/post_miccai_exps/data/US30k/US30K/ThyroidNodule-TN3K/img/trainval1016.png,tn3k,trainval1016,tn3k_trainval1016,png
/home/user/data/phyusformer_data/post_miccai_exps/data/US30k/US30K/ThyroidNodule-TN3K/img/trainval1017.png,tn3k,trainval1017,tn3k_trainval1017,png
/home/user/data/phyusformer_data/post_miccai_exps/data/US30k/US30K/ThyroidNodule-TN3K/img/trainval1018.png,tn3k,trainval1018,tn3k_trainval1018,png
/home/user/data/phyusformer_data/post_miccai_exps/data/US30k/US30K/ThyroidNodule-TN3K/img/trainval1019.png,tn3k,trainval1019,tn3k_trainval1019,png
/home/user/data/phyusformer_data/post_miccai_exps/data/US30k/US30K/ThyroidNodule-TN3K/img/trainval1020.png,tn3k,trainval1020,tn3k_trainval1020,png
/home/user/data/phyusformer_data/post_miccai_exps/data/US30k/US30K/ThyroidNodule-TN3K/img/trainval1021.png,tn3k,trainval1021,tn3k_trainval1021,png
/home/user/data/phyusformer_data/post_miccai_exps/data/US30k/US30K/ThyroidNodule-TN3K/img/trainval1022.png,tn3k,trainval1022,tn3k_trainval1022,png
/home/user/data/phyusformer_data/post_miccai_exps/data/US30k/US30K/ThyroidNodule-TN3K/img/trainval1023.png,tn3k,trainval1023,tn3k_trainval1023,png
/home/user/data/phyusformer_data/post_miccai_exps/data/US30k/US30K/ThyroidNodule-TN3K/img/trainval1024.png,tn3k,trainval1024,tn3k_trainval1024,png
/home/user/data/phyusformer_data/post_miccai_exps/data/US30k/US30K/ThyroidNodule-TN3K/img/trainval1025.png,tn3k,trainval1025,tn3k_trainval1025,png
/home/user/data/phyusformer_data/post_miccai_exps/data/US30k/US30K/ThyroidNodule-TN3K/img/trainval1026.png,tn3k,trainval1026,tn3k_trainval1026,png
/home/user/data/phyusformer_data/post_miccai_exps/data/US30k/US30K/ThyroidNodule-TN3K/img/trainval1027.png,tn3k,trainval1027,tn3k_trainval1027,png
/home/user/data/phyusformer_data/post_miccai_exps/data/US30k/US30K/ThyroidNodule-TN3K/img/trainval1028.png,tn3k,trainval1028,tn3k_trainval1028,png
/home/user/data/phyusformer_data/post_miccai_exps/data/US30k/US30K/ThyroidNodule-TN3K/img/trainval1029.png,tn3k,trainval1029,tn3k_trainval1029,png
/home/user/data/phyusformer_data/post_miccai_exps/data/US30k/US30K/ThyroidNodule-TN3K/img/trainval1030.png,tn3k,trainval1030,tn3k_trainval1030,png
/home/user/data/phyusformer_data/post_miccai_exps/data/US30k/US30K/ThyroidNodule-TN3K/img/trainval1031.png,tn3k,trainval1031,tn3k_trainval1031,png
/home/user/data/phyusformer_data/post_miccai_exps/data/US30k/US30K/ThyroidNodule-TN3K/img/trainval1032.png,tn3k,trainval1032,tn3k_trainval1032,png
/home/user/data/phyusformer_data/post_miccai_exps/data/US30k/US30K/ThyroidNodule-TN3K/img/trainval1033.png,tn3k,trainval1033,tn3k_trainval1033,png
/home/user/data/phyusformer_data/post_miccai_exps/data/US30k/US30K/ThyroidNodule-TN3K/img/trainval1034.png,tn3k,trainval1034,tn3k_trainval1034,png
/home/user/data/phyusformer_data/post_miccai_exps/data/US30k/US30K/ThyroidNodule-TN3K/img/trainval1035.png,tn3k,trainval1035,tn3k_trainval1035,png
/home/user/data/phyusformer_data/post_miccai_exps/data/US30k/US30K/ThyroidNodule-TN3K/img/trainval1036.png,tn3k,trainval1036,tn3k_trainval1036,png
/home/user/data/phyusformer_data/post_miccai_exps/data/US30k/US30K/ThyroidNodule-TN3K/img/trainval1037.png,tn3k,trainval1037,tn3k_trainval1037,png
/home/user/data/phyusformer_data/post_miccai_exps/data/US30k/US30K/ThyroidNodule-TN3K/img/trainval1038.png,tn3k,trainval1038,tn3k_trainval1038,png
/home/user/data/phyusformer_data/post_miccai_exps/data/US30k/US30K/ThyroidNodule-TN3K/img/trainval1039.png,tn3k,trainval1039,tn3k_trainval1039,png
/home/user/data/phyusformer_data/post_miccai_exps/data/US30k/US30K/ThyroidNodule-TN3K/img/trainval1040.png,tn3k,trainval1040,tn3k_trainval1040,png
/home/user/data/phyusformer_data/post_miccai_exps/data/US30k/US30K/ThyroidNodule-TN3K/img/trainval1041.png,tn3k,trainval1041,tn3k_trainval1041,png
/home/user/data/phyusformer_data/post_miccai_exps/data/US30k/US30K/ThyroidNodule-TN3K/img/trainval1042.png,tn3k,trainval1042,tn3k_trainval1042,png
/home/user/data/phyusformer_data/post_miccai_exps/data/US30k/US30K/ThyroidNodule-TN3K/img/trainval1043.png,tn3k,trainval1043,tn3k_trainval1043,png
/home/user/data/phyusformer_data/post_miccai_exps/data/US30k/US30K/ThyroidNodule-TN3K/img/trainval1044.png,tn3k,trainval1044,tn3k_trainval1044,png
/home/user/data/phyusformer_data/post_miccai_exps/data/US30k/US30K/ThyroidNodule-TN3K/img/trainval1045.png,tn3k,trainval1045,tn3k_trainval1045,png
/home/user/data/phyusformer_data/post_miccai_exps/data/US30k/US30K/ThyroidNodule-TN3K/img/trainval1046.png,tn3k,trainval1046,tn3k_trainval1046,png
/home/user/data/phyusformer_data/post_miccai_exps/data/US30k/US30K/ThyroidNodule-TN3K/img/trainval1047.png,tn3k,trainval1047,tn3k_trainval1047,png
/home/user/data/phyusformer_data/post_miccai_exps/data/US30k/US30K/ThyroidNodule-TN3K/img/trainval1048.png,tn3k,trainval1048,tn3k_trainval1048,png
/home/user/data/phyusformer_data/post_miccai_exps/data/US30k/US30K/ThyroidNodule-TN3K/img/trainval1049.png,tn3k,trainval1049,tn3k_trainval1049,png
/home/user/data/phyusformer_data/post_miccai_exps/data/US30k/US30K/ThyroidNodule-TN3K/img/trainval1050.png,tn3k,trainval1050,tn3k_trainval1050,png
/home/user/data/phyusformer_data/post_miccai_exps/data/US30k/US30K/ThyroidNodule-TN3K/img/trainval1051.png,tn3k,trainval1051,tn3k_trainval1051,png
/home/user/data/phyusformer_data/post_miccai_exps/data/US30k/US30K/ThyroidNodule-TN3K/img/trainval1052.png,tn3k,trainval1052,tn3k_trainval1052,png
/home/user/data/phyusformer_data/post_miccai_exps/data/US30k/US30K/ThyroidNodule-TN3K/img/trainval1053.png,tn3k,trainval1053,tn3k_trainval1053,png
/home/user/data/phyusformer_data/post_miccai_exps/data/US30k/US30K/ThyroidNodule-TN3K/img/trainval1054.png,tn3k,trainval1054,tn3k_trainval1054,png
/home/user/data/phyusformer_data/post_miccai_exps/data/US30k/US30K/ThyroidNodule-TN3K/img/trainval1055.png,tn3k,trainval1055,tn3k_trainval1055,png
/home/user/data/phyusformer_data/post_miccai_exps/data/US30k/US30K/ThyroidNodule-TN3K/img/trainval1056.png,tn3k,trainval1056,tn3k_trainval1056,png
/home/user/data/phyusformer_data/post_miccai_exps/data/US30k/US30K/ThyroidNodule-TN3K/img/trainval1057.png,tn3k,trainval1057,tn3k_trainval1057,png
/home/user/data/phyusformer_data/post_miccai_exps/data/US30k/US30K/ThyroidNodule-TN3K/img/trainval1058.png,tn3k,trainval1058,tn3k_trainval1058,png
/home/user/data/phyusformer_data/post_miccai_exps/data/US30k/US30K/ThyroidNodule-TN3K/img/trainval1059.png,tn3k,trainval1059,tn3k_trainval1059,png
/home/user/data/phyusformer_data/post_miccai_exps/data/US30k/US30K/ThyroidNodule-TN3K/img/trainval1060.png,tn3k,trainval1060,tn3k_trainval1060,png
/home/user/data/phyusformer_data/post_miccai_exps/data/US30k/US30K/ThyroidNodule-TN3K/img/trainval1061.png,tn3k,trainval1061,tn3k_trainval1061,png
/home/user/data/phyusformer_data/post_miccai_exps/data/US30k/US30K/ThyroidNodule-TN3K/img/trainval1062.png,tn3k,trainval1062,tn3k_trainval1062,png
/home/user/data/phyusformer_data/post_miccai_exps/data/US30k/US30K/ThyroidNodule-TN3K/img/trainval1063.png,tn3k,trainval1063,tn3k_trainval1063,png
/home/user/data/phyusformer_data/post_miccai_exps/data/US30k/US30K/ThyroidNodule-TN3K/img/trainval1064.png,tn3k,trainval1064,tn3k_trainval1064,png
/home/user/data/phyusformer_data/post_miccai_exps/data/US30k/US30K/ThyroidNodule-TN3K/img/trainval1065.png,tn3k,trainval1065,tn3k_trainval1065,png
/home/user/data/phyusformer_data/post_miccai_exps/data/US30k/US30K/ThyroidNodule-TN3K/img/trainval1066.png,tn3k,trainval1066,tn3k_trainval1066,png
/home/user/data/phyusformer_data/post_miccai_exps/data/US30k/US30K/ThyroidNodule-TN3K/img/trainval1067.png,tn3k,trainval1067,tn3k_trainval1067,png
/home/user/data/phyusformer_data/post_miccai_exps/data/US30k/US30K/ThyroidNodule-TN3K/img/trainval1068.png,tn3k,trainval1068,tn3k_trainval1068,png
/home/user/data/phyusformer_data/post_miccai_exps/data/US30k/US30K/ThyroidNodule-TN3K/img/trainval1069.png,tn3k,trainval1069,tn3k_trainval1069,png
/home/user/data/phyusformer_data/post_miccai_exps/data/US30k/US30K/ThyroidNodule-TN3K/img/trainval1070.png,tn3k,trainval1070,tn3k_trainval1070,png
/home/user/data/phyusformer_data/post_miccai_exps/data/US30k/US30K/ThyroidNodule-TN3K/img/trainval1071.png,tn3k,trainval1071,tn3k_trainval1071,png
/home/user/data/phyusformer_data/post_miccai_exps/data/US30k/US30K/ThyroidNodule-TN3K/img/trainval1072.png,tn3k,trainval1072,tn3k_trainval1072,png
/home/user/data/phyusformer_data/post_miccai_exps/data/US30k/US30K/ThyroidNodule-TN3K/img/trainval1073.png,tn3k,trainval1073,tn3k_trainval1073,png
/home/user/data/phyusformer_data/post_miccai_exps/data/US30k/US30K/ThyroidNodule-TN3K/img/trainval1074.png,tn3k,trainval1074,tn3k_trainval1074,png
/home/user/data/phyusformer_data/post_miccai_exps/data/US30k/US30K/ThyroidNodule-TN3K/img/trainval1075.png,tn3k,trainval1075,tn3k_trainval1075,png
/home/user/data/phyusformer_data/post_miccai_exps/data/US30k/US30K/ThyroidNodule-TN3K/img/trainval1076.png,tn3k,trainval1076,tn3k_trainval1076,png
/home/user/data/phyusformer_data/post_miccai_exps/data/US30k/US30K/ThyroidNodule-TN3K/img/trainval1077.png,tn3k,trainval1077,tn3k_trainval1077,png
/home/user/data/phyusformer_data/post_miccai_exps/data/US30k/US30K/ThyroidNodule-TN3K/img/trainval1078.png,tn3k,trainval1078,tn3k_trainval1078,png
/home/user/data/phyusformer_data/post_miccai_exps/data/US30k/US30K/ThyroidNodule-TN3K/img/trainval1079.png,tn3k,trainval1079,tn3k_trainval1079,png
/home/user/data/phyusformer_data/post_miccai_exps/data/US30k/US30K/ThyroidNodule-TN3K/img/trainval1080.png,tn3k,trainval1080,tn3k_trainval1080,png
/home/user/data/phyusformer_data/post_miccai_exps/data/US30k/US30K/ThyroidNodule-TN3K/img/trainval1081.png,tn3k,trainval1081,tn3k_trainval1081,png
/home/user/data/phyusformer_data/post_miccai_exps/data/US30k/US30K/ThyroidNodule-TN3K/img/trainval1082.png,tn3k,trainval1082,tn3k_trainval1082,png
/home/user/data/phyusformer_data/post_miccai_exps/data/US30k/US30K/ThyroidNodule-TN3K/img/trainval1083.png,tn3k,trainval1083,tn3k_trainval1083,png
/home/user/data/phyusformer_data/post_miccai_exps/data/US30k/US30K/ThyroidNodule-TN3K/img/trainval1084.png,tn3k,trainval1084,tn3k_trainval1084,png
/home/user/data/phyusformer_data/post_miccai_exps/data/US30k/US30K/ThyroidNodule-TN3K/img/trainval1085.png,tn3k,trainval1085,tn3k_trainval1085,png
/home/user/data/phyusformer_data/post_miccai_exps/data/US30k/US30K/ThyroidNodule-TN3K/img/trainval1086.png,tn3k,trainval1086,tn3k_trainval1086,png
/home/user/data/phyusformer_data/post_miccai_exps/data/US30k/US30K/ThyroidNodule-TN3K/img/trainval1087.png,tn3k,trainval1087,tn3k_trainval1087,png
/home/user/data/phyusformer_data/post_miccai_exps/data/US30k/US30K/ThyroidNodule-TN3K/img/trainval1088.png,tn3k,trainval1088,tn3k_trainval1088,png
/home/user/data/phyusformer_data/post_miccai_exps/data/US30k/US30K/ThyroidNodule-TN3K/img/trainval1089.png,tn3k,trainval1089,tn3k_trainval1089,png
/home/user/data/phyusformer_data/post_miccai_exps/data/US30k/US30K/ThyroidNodule-TN3K/img/trainval1090.png,tn3k,trainval1090,tn3k_trainval1090,png
/home/user/data/phyusformer_data/post_miccai_exps/data/US30k/US30K/ThyroidNodule-TN3K/img/trainval1091.png,tn3k,trainval1091,tn3k_trainval1091,png
/home/user/data/phyusformer_data/post_miccai_exps/data/US30k/US30K/ThyroidNodule-TN3K/img/trainval1092.png,tn3k,trainval1092,tn3k_trainval1092,png
/home/user/data/phyusformer_data/post_miccai_exps/data/US30k/US30K/ThyroidNodule-TN3K/img/trainval1093.png,tn3k,trainval1093,tn3k_trainval1093,png
/home/user/data/phyusformer_data/post_miccai_exps/data/US30k/US30K/ThyroidNodule-TN3K/img/trainval1094.png,tn3k,trainval1094,tn3k_trainval1094,png
/home/user/data/phyusformer_data/post_miccai_exps/data/US30k/US30K/ThyroidNodule-TN3K/img/trainval1095.png,tn3k,trainval1095,tn3k_trainval1095,png
/home/user/data/phyusformer_data/post_miccai_exps/data/US30k/US30K/ThyroidNodule-TN3K/img/trainval1096.png,tn3k,trainval1096,tn3k_trainval1096,png
/home/user/data/phyusformer_data/post_miccai_exps/data/US30k/US30K/ThyroidNodule-TN3K/img/trainval1097.png,tn3k,trainval1097,tn3k_trainval1097,png
/home/user/data/phyusformer_data/post_miccai_exps/data/US30k/US30K/ThyroidNodule-TN3K/img/trainval1098.png,tn3k,trainval1098,tn3k_trainval1098,png
/home/user/data/phyusformer_data/post_miccai_exps/data/US30k/US30K/ThyroidNodule-TN3K/img/trainval1099.png,tn3k,trainval1099,tn3k_trainval1099,png
/home/user/data/phyusformer_data/post_miccai_exps/data/US30k/US30K/ThyroidNodule-TN3K/img/trainval1100.png,tn3k,trainval1100,tn3k_trainval1100,png
/home/user/data/phyusformer_data/post_miccai_exps/data/US30k/US30K/ThyroidNodule-TN3K/img/trainval1101.png,tn3k,trainval1101,tn3k_trainval1101,png
/home/user/data/phyusformer_data/post_miccai_exps/data/US30k/US30K/ThyroidNodule-TN3K/img/trainval1102.png,tn3k,trainval1102,tn3k_trainval1102,png
/home/user/data/phyusformer_data/post_miccai_exps/data/US30k/US30K/ThyroidNodule-TN3K/img/trainval1103.png,tn3k,trainval1103,tn3k_trainval1103,png
/home/user/data/phyusformer_data/post_miccai_exps/data/US30k/US30K/ThyroidNodule-TN3K/img/trainval1104.png,tn3k,trainval1104,tn3k_trainval1104,png
/home/user/data/phyusformer_data/post_miccai_exps/data/US30k/US30K/ThyroidNodule-TN3K/img/trainval1105.png,tn3k,trainval1105,tn3k_trainval1105,png
/home/user/data/phyusformer_data/post_miccai_exps/data/US30k/US30K/ThyroidNodule-TN3K/img/trainval1106.png,tn3k,trainval1106,tn3k_trainval1106,png
/home/user/data/phyusformer_data/post_miccai_exps/data/US30k/US30K/ThyroidNodule-TN3K/img/trainval1107.png,tn3k,trainval1107,tn3k_trainval1107,png
/home/user/data/phyusformer_data/post_miccai_exps/data/US30k/US30K/ThyroidNodule-TN3K/img/trainval1108.png,tn3k,trainval1108,tn3k_trainval1108,png
/home/user/data/phyusformer_data/post_miccai_exps/data/US30k/US30K/ThyroidNodule-TN3K/img/trainval1109.png,tn3k,trainval1109,tn3k_trainval1109,png
/home/user/data/phyusformer_data/post_miccai_exps/data/US30k/US30K/ThyroidNodule-TN3K/img/trainval1110.png,tn3k,trainval1110,tn3k_trainval1110,png
/home/user/data/phyusformer_data/post_miccai_exps/data/US30k/US30K/ThyroidNodule-TN3K/img/trainval1111.png,tn3k,trainval1111,tn3k_trainval1111,png
/home/user/data/phyusformer_data/post_miccai_exps/data/US30k/US30K/ThyroidNodule-TN3K/img/trainval1112.png,tn3k,trainval1112,tn3k_trainval1112,png
/home/user/data/phyusformer_data/post_miccai_exps/data/US30k/US30K/ThyroidNodule-TN3K/img/trainval1113.png,tn3k,trainval1113,tn3k_trainval1113,png
/home/user/data/phyusformer_data/post_miccai_exps/data/US30k/US30K/ThyroidNodule-TN3K/img/trainval1114.png,tn3k,trainval1114,tn3k_trainval1114,png
/home/user/data/phyusformer_data/post_miccai_exps/data/US30k/US30K/ThyroidNodule-TN3K/img/trainval1115.png,tn3k,trainval1115,tn3k_trainval1115,png
/home/user/data/phyusformer_data/post_miccai_exps/data/US30k/US30K/ThyroidNodule-TN3K/img/trainval1116.png,tn3k,trainval1116,tn3k_trainval1116,png
/home/user/data/phyusformer_data/post_miccai_exps/data/US30k/US30K/ThyroidNodule-TN3K/img/trainval1117.png,tn3k,trainval1117,tn3k_trainval1117,png
/home/user/data/phyusformer_data/post_miccai_exps/data/US30k/US30K/ThyroidNodule-TN3K/img/trainval1118.png,tn3k,trainval1118,tn3k_trainval1118,png
/home/user/data/phyusformer_data/post_miccai_exps/data/US30k/US30K/ThyroidNodule-TN3K/img/trainval1119.png,tn3k,trainval1119,tn3k_trainval1119,png
/home/user/data/phyusformer_data/post_miccai_exps/data/US30k/US30K/ThyroidNodule-TN3K/img/trainval1120.png,tn3k,trainval1120,tn3k_trainval1120,png
/home/user/data/phyusformer_data/post_miccai_exps/data/US30k/US30K/ThyroidNodule-TN3K/img/trainval1121.png,tn3k,trainval1121,tn3k_trainval1121,png
/home/user/data/phyusformer_data/post_miccai_exps/data/US30k/US30K/ThyroidNodule-TN3K/img/trainval1122.png,tn3k,trainval1122,tn3k_trainval1122,png
/home/user/data/phyusformer_data/post_miccai_exps/data/US30k/US30K/ThyroidNodule-TN3K/img/trainval1123.png,tn3k,trainval1123,tn3k_trainval1123,png
/home/user/data/phyusformer_data/post_miccai_exps/data/US30k/US30K/ThyroidNodule-TN3K/img/trainval1124.png,tn3k,trainval1124,tn3k_trainval1124,png
/home/user/data/phyusformer_data/post_miccai_exps/data/US30k/US30K/ThyroidNodule-TN3K/img/trainval1125.png,tn3k,trainval1125,tn3k_trainval1125,png
/home/user/data/phyusformer_data/post_miccai_exps/data/US30k/US30K/ThyroidNodule-TN3K/img/trainval1126.png,tn3k,trainval1126,tn3k_trainval1126,png
/home/user/data/phyusformer_data/post_miccai_exps/data/US30k/US30K/ThyroidNodule-TN3K/img/trainval1127.png,tn3k,trainval1127,tn3k_trainval1127,png
/home/user/data/phyusformer_data/post_miccai_exps/data/US30k/US30K/ThyroidNodule-TN3K/img/trainval1128.png,tn3k,trainval1128,tn3k_trainval1128,png
/home/user/data/phyusformer_data/post_miccai_exps/data/US30k/US30K/ThyroidNodule-TN3K/img/trainval1129.png,tn3k,trainval1129,tn3k_trainval1129,png
/home/user/data/phyusformer_data/post_miccai_exps/data/US30k/US30K/ThyroidNodule-TN3K/img/trainval1130.png,tn3k,trainval1130,tn3k_trainval1130,png
/home/user/data/phyusformer_data/post_miccai_exps/data/US30k/US30K/ThyroidNodule-TN3K/img/trainval1131.png,tn3k,trainval1131,tn3k_trainval1131,png
/home/user/data/phyusformer_data/post_miccai_exps/data/US30k/US30K/ThyroidNodule-TN3K/img/trainval1132.png,tn3k,trainval1132,tn3k_trainval1132,png
/home/user/data/phyusformer_data/post_miccai_exps/data/US30k/US30K/ThyroidNodule-TN3K/img/trainval1133.png,tn3k,trainval1133,tn3k_trainval1133,png
/home/user/data/phyusformer_data/post_miccai_exps/data/US30k/US30K/ThyroidNodule-TN3K/img/trainval1134.png,tn3k,trainval1134,tn3k_trainval1134,png
/home/user/data/phyusformer_data/post_miccai_exps/data/US30k/US30K/ThyroidNodule-TN3K/img/trainval1135.png,tn3k,trainval1135,tn3k_trainval1135,png
/home/user/data/phyusformer_data/post_miccai_exps/data/US30k/US30K/ThyroidNodule-TN3K/img/trainval1136.png,tn3k,trainval1136,tn3k_trainval1136,png
/home/user/data/phyusformer_data/post_miccai_exps/data/US30k/US30K/ThyroidNodule-TN3K/img/trainval1137.png,tn3k,trainval1137,tn3k_trainval1137,png
/home/user/data/phyusformer_data/post_miccai_exps/data/US30k/US30K/ThyroidNodule-TN3K/img/trainval1138.png,tn3k,trainval1138,tn3k_trainval1138,png
/home/user/data/phyusformer_data/post_miccai_exps/data/US30k/US30K/ThyroidNodule-TN3K/img/trainval1139.png,tn3k,trainval1139,tn3k_trainval1139,png
/home/user/data/phyusformer_data/post_miccai_exps/data/US30k/US30K/ThyroidNodule-TN3K/img/trainval1140.png,tn3k,trainval1140,tn3k_trainval1140,png
/home/user/data/phyusformer_data/post_miccai_exps/data/US30k/US30K/ThyroidNodule-TN3K/img/trainval1141.png,tn3k,trainval1141,tn3k_trainval1141,png
/home/user/data/phyusformer_data/post_miccai_exps/data/US30k/US30K/ThyroidNodule-TN3K/img/trainval1142.png,tn3k,trainval1142,tn3k_trainval1142,png
/home/user/data/phyusformer_data/post_miccai_exps/data/US30k/US30K/ThyroidNodule-TN3K/img/trainval1143.png,tn3k,trainval1143,tn3k_trainval1143,png
/home/user/data/phyusformer_data/post_miccai_exps/data/US30k/US30K/ThyroidNodule-TN3K/img/trainval1144.png,tn3k,trainval1144,tn3k_trainval1144,png
/home/user/data/phyusformer_data/post_miccai_exps/data/US30k/US30K/ThyroidNodule-TN3K/img/trainval1145.png,tn3k,trainval1145,tn3k_trainval1145,png
/home/user/data/phyusformer_data/post_miccai_exps/data/US30k/US30K/ThyroidNodule-TN3K/img/trainval1146.png,tn3k,trainval1146,tn3k_trainval1146,png
/home/user/data/phyusformer_data/post_miccai_exps/data/US30k/US30K/ThyroidNodule-TN3K/img/trainval1147.png,tn3k,trainval1147,tn3k_trainval1147,png
/home/user/data/phyusformer_data/post_miccai_exps/data/US30k/US30K/ThyroidNodule-TN3K/img/trainval1148.png,tn3k,trainval1148,tn3k_trainval1148,png
/home/user/data/phyusformer_data/post_miccai_exps/data/US30k/US30K/ThyroidNodule-TN3K/img/trainval1149.png,tn3k,trainval1149,tn3k_trainval1149,png
/home/user/data/phyusformer_data/post_miccai_exps/data/US30k/US30K/ThyroidNodule-TN3K/img/trainval1150.png,tn3k,trainval1150,tn3k_trainval1150,png
/home/user/data/phyusformer_data/post_miccai_exps/data/US30k/US30K/ThyroidNodule-TN3K/img/trainval1151.png,tn3k,trainval1151,tn3k_trainval1151,png
/home/user/data/phyusformer_data/post_miccai_exps/data/US30k/US30K/ThyroidNodule-TN3K/img/trainval1152.png,tn3k,trainval1152,tn3k_trainval1152,png
/home/user/data/phyusformer_data/post_miccai_exps/data/US30k/US30K/ThyroidNodule-TN3K/img/trainval1153.png,tn3k,trainval1153,tn3k_trainval1153,png
/home/user/data/phyusformer_data/post_miccai_exps/data/US30k/US30K/ThyroidNodule-TN3K/img/trainval1154.png,tn3k,trainval1154,tn3k_trainval1154,png
/home/user/data/phyusformer_data/post_miccai_exps/data/US30k/US30K/ThyroidNodule-TN3K/img/trainval1155.png,tn3k,trainval1155,tn3k_trainval1155,png
/home/user/data/phyusformer_data/post_miccai_exps/data/US30k/US30K/ThyroidNodule-TN3K/img/trainval1156.png,tn3k,trainval1156,tn3k_trainval1156,png
/home/user/data/phyusformer_data/post_miccai_exps/data/US30k/US30K/ThyroidNodule-TN3K/img/trainval1157.png,tn3k,trainval1157,tn3k_trainval1157,png
/home/user/data/phyusformer_data/post_miccai_exps/data/US30k/US30K/ThyroidNodule-TN3K/img/trainval1158.png,tn3k,trainval1158,tn3k_trainval1158,png
/home/user/data/phyusformer_data/post_miccai_exps/data/US30k/US30K/ThyroidNodule-TN3K/img/trainval1159.png,tn3k,trainval1159,tn3k_trainval1159,png
/home/user/data/phyusformer_data/post_miccai_exps/data/US30k/US30K/ThyroidNodule-TN3K/img/trainval1160.png,tn3k,trainval1160,tn3k_trainval1160,png
/home/user/data/phyusformer_data/post_miccai_exps/data/US30k/US30K/ThyroidNodule-TN3K/img/trainval1161.png,tn3k,trainval1161,tn3k_trainval1161,png
/home/user/data/phyusformer_data/post_miccai_exps/data/US30k/US30K/ThyroidNodule-TN3K/img/trainval1162.png,tn3k,trainval1162,tn3k_trainval1162,png
/home/user/data/phyusformer_data/post_miccai_exps/data/US30k/US30K/ThyroidNodule-TN3K/img/trainval1163.png,tn3k,trainval1163,tn3k_trainval1163,png
/home/user/data/phyusformer_data/post_miccai_exps/data/US30k/US30K/ThyroidNodule-TN3K/img/trainval1164.png,tn3k,trainval1164,tn3k_trainval1164,png
/home/user/data/phyusformer_data/post_miccai_exps/data/US30k/US30K/ThyroidNodule-TN3K/img/trainval1165.png,tn3k,trainval1165,tn3k_trainval1165,png
/home/user/data/phyusformer_data/post_miccai_exps/data/US30k/US30K/ThyroidNodule-TN3K/img/trainval1166.png,tn3k,trainval1166,tn3k_trainval1166,png
/home/user/data/phyusformer_data/post_miccai_exps/data/US30k/US30K/ThyroidNodule-TN3K/img/trainval1167.png,tn3k,trainval1167,tn3k_trainval1167,png
/home/user/data/phyusformer_data/post_miccai_exps/data/US30k/US30K/ThyroidNodule-TN3K/img/trainval1168.png,tn3k,trainval1168,tn3k_trainval1168,png
/home/user/data/phyusformer_data/post_miccai_exps/data/US30k/US30K/ThyroidNodule-TN3K/img/trainval1169.png,tn3k,trainval1169,tn3k_trainval1169,png
/home/user/data/phyusformer_data/post_miccai_exps/data/US30k/US30K/ThyroidNodule-TN3K/img/trainval1170.png,tn3k,trainval1170,tn3k_trainval1170,png
/home/user/data/phyusformer_data/post_miccai_exps/data/US30k/US30K/ThyroidNodule-TN3K/img/trainval1171.png,tn3k,trainval1171,tn3k_trainval1171,png
/home/user/data/phyusformer_data/post_miccai_exps/data/US30k/US30K/ThyroidNodule-TN3K/img/trainval1172.png,tn3k,trainval1172,tn3k_trainval1172,png
/home/user/data/phyusformer_data/post_miccai_exps/data/US30k/US30K/ThyroidNodule-TN3K/img/trainval1173.png,tn3k,trainval1173,tn3k_trainval1173,png
/home/user/data/phyusformer_data/post_miccai_exps/data/US30k/US30K/ThyroidNodule-TN3K/img/trainval1174.png,tn3k,trainval1174,tn3k_trainval1174,png
/home/user/data/phyusformer_data/post_miccai_exps/data/US30k/US30K/ThyroidNodule-TN3K/img/trainval1175.png,tn3k,trainval1175,tn3k_trainval1175,png
/home/user/data/phyusformer_data/post_miccai_exps/data/US30k/US30K/ThyroidNodule-TN3K/img/trainval1176.png,tn3k,trainval1176,tn3k_trainval1176,png
/home/user/data/phyusformer_data/post_miccai_exps/data/US30k/US30K/ThyroidNodule-TN3K/img/trainval1177.png,tn3k,trainval1177,tn3k_trainval1177,png
/home/user/data/phyusformer_data/post_miccai_exps/data/US30k/US30K/ThyroidNodule-TN3K/img/trainval1178.png,tn3k,trainval1178,tn3k_trainval1178,png
/home/user/data/phyusformer_data/post_miccai_exps/data/US30k/US30K/ThyroidNodule-TN3K/img/trainval1179.png,tn3k,trainval1179,tn3k_trainval1179,png
/home/user/data/phyusformer_data/post_miccai_exps/data/US30k/US30K/ThyroidNodule-TN3K/img/trainval1180.png,tn3k,trainval1180,tn3k_trainval1180,png
/home/user/data/phyusformer_data/post_miccai_exps/data/US30k/US30K/ThyroidNodule-TN3K/img/trainval1181.png,tn3k,trainval1181,tn3k_trainval1181,png
/home/user/data/phyusformer_data/post_miccai_exps/data/US30k/US30K/ThyroidNodule-TN3K/img/trainval1182.png,tn3k,trainval1182,tn3k_trainval1182,png
/home/user/data/phyusformer_data/post_miccai_exps/data/US30k/US30K/ThyroidNodule-TN3K/img/trainval1183.png,tn3k,trainval1183,tn3k_trainval1183,png
/home/user/data/phyusformer_data/post_miccai_exps/data/US30k/US30K/ThyroidNodule-TN3K/img/trainval1184.png,tn3k,trainval1184,tn3k_trainval1184,png
/home/user/data/phyusformer_data/post_miccai_exps/data/US30k/US30K/ThyroidNodule-TN3K/img/trainval1185.png,tn3k,trainval1185,tn3k_trainval1185,png
/home/user/data/phyusformer_data/post_miccai_exps/data/US30k/US30K/ThyroidNodule-TN3K/img/trainval1186.png,tn3k,trainval1186,tn3k_trainval1186,png
/home/user/data/phyusformer_data/post_miccai_exps/data/US30k/US30K/ThyroidNodule-TN3K/img/trainval1187.png,tn3k,trainval1187,tn3k_trainval1187,png
/home/user/data/phyusformer_data/post_miccai_exps/data/US30k/US30K/ThyroidNodule-TN3K/img/trainval1188.png,tn3k,trainval1188,tn3k_trainval1188,png
/home/user/data/phyusformer_data/post_miccai_exps/data/US30k/US30K/ThyroidNodule-TN3K/img/trainval1189.png,tn3k,trainval1189,tn3k_trainval1189,png
/home/user/data/phyusformer_data/post_miccai_exps/data/US30k/US30K/ThyroidNodule-TN3K/img/trainval1190.png,tn3k,trainval1190,tn3k_trainval1190,png
/home/user/data/phyusformer_data/post_miccai_exps/data/US30k/US30K/ThyroidNodule-TN3K/img/trainval1191.png,tn3k,trainval1191,tn3k_trainval1191,png
/home/user/data/phyusformer_data/post_miccai_exps/data/US30k/US30K/ThyroidNodule-TN3K/img/trainval1192.png,tn3k,trainval1192,tn3k_trainval1192,png
/home/user/data/phyusformer_data/post_miccai_exps/data/US30k/US30K/ThyroidNodule-TN3K/img/trainval1193.png,tn3k,trainval1193,tn3k_trainval1193,png
/home/user/data/phyusformer_data/post_miccai_exps/data/US30k/US30K/ThyroidNodule-TN3K/img/trainval1194.png,tn3k,trainval1194,tn3k_trainval1194,png
/home/user/data/phyusformer_data/post_miccai_exps/data/US30k/US30K/ThyroidNodule-TN3K/img/trainval1195.png,tn3k,trainval1195,tn3k_trainval1195,png
/home/user/data/phyusformer_data/post_miccai_exps/data/US30k/US30K/ThyroidNodule-TN3K/img/trainval1196.png,tn3k,trainval1196,tn3k_trainval1196,png
/home/user/data/phyusformer_data/post_miccai_exps/data/US30k/US30K/ThyroidNodule-TN3K/img/trainval1197.png,tn3k,trainval1197,tn3k_trainval1197,png
/home/user/data/phyusformer_data/post_miccai_exps/data/US30k/US30K/ThyroidNodule-TN3K/img/trainval1198.png,tn3k,trainval1198,tn3k_trainval1198,png
/home/user/data/phyusformer_data/post_miccai_exps/data/US30k/US30K/ThyroidNodule-TN3K/img/trainval1199.png,tn3k,trainval1199,tn3k_trainval1199,png
/home/user/data/phyusformer_data/post_miccai_exps/data/US30k/US30K/ThyroidNodule-TN3K/img/trainval1200.png,tn3k,trainval1200,tn3k_trainval1200,png
/home/user/data/phyusformer_data/post_miccai_exps/data/US30k/US30K/ThyroidNodule-TN3K/img/trainval1201.png,tn3k,trainval1201,tn3k_trainval1201,png
/home/user/data/phyusformer_data/post_miccai_exps/data/US30k/US30K/ThyroidNodule-TN3K/img/trainval1202.png,tn3k,trainval1202,tn3k_trainval1202,png
/home/user/data/phyusformer_data/post_miccai_exps/data/US30k/US30K/ThyroidNodule-TN3K/img/trainval1203.png,tn3k,trainval1203,tn3k_trainval1203,png
/home/user/data/phyusformer_data/post_miccai_exps/data/US30k/US30K/ThyroidNodule-TN3K/img/trainval1204.png,tn3k,trainval1204,tn3k_trainval1204,png
/home/user/data/phyusformer_data/post_miccai_exps/data/US30k/US30K/ThyroidNodule-TN3K/img/trainval1205.png,tn3k,trainval1205,tn3k_trainval1205,png
/home/user/data/phyusformer_data/post_miccai_exps/data/US30k/US30K/ThyroidNodule-TN3K/img/trainval1206.png,tn3k,trainval1206,tn3k_trainval1206,png
/home/user/data/phyusformer_data/post_miccai_exps/data/US30k/US30K/ThyroidNodule-TN3K/img/trainval1207.png,tn3k,trainval1207,tn3k_trainval1207,png
/home/user/data/phyusformer_data/post_miccai_exps/data/US30k/US30K/ThyroidNodule-TN3K/img/trainval1208.png,tn3k,trainval1208,tn3k_trainval1208,png
/home/user/data/phyusformer_data/post_miccai_exps/data/US30k/US30K/ThyroidNodule-TN3K/img/trainval1209.png,tn3k,trainval1209,tn3k_trainval1209,png
/home/user/data/phyusformer_data/post_miccai_exps/data/US30k/US30K/ThyroidNodule-TN3K/img/trainval1210.png,tn3k,trainval1210,tn3k_trainval1210,png
/home/user/data/phyusformer_data/post_miccai_exps/data/US30k/US30K/ThyroidNodule-TN3K/img/trainval1211.png,tn3k,trainval1211,tn3k_trainval1211,png
/home/user/data/phyusformer_data/post_miccai_exps/data/US30k/US30K/ThyroidNodule-TN3K/img/trainval1212.png,tn3k,trainval1212,tn3k_trainval1212,png
/home/user/data/phyusformer_data/post_miccai_exps/data/US30k/US30K/ThyroidNodule-TN3K/img/trainval1213.png,tn3k,trainval1213,tn3k_trainval1213,png
/home/user/data/phyusformer_data/post_miccai_exps/data/US30k/US30K/ThyroidNodule-TN3K/img/trainval1214.png,tn3k,trainval1214,tn3k_trainval1214,png
/home/user/data/phyusformer_data/post_miccai_exps/data/US30k/US30K/ThyroidNodule-TN3K/img/trainval1215.png,tn3k,trainval1215,tn3k_trainval1215,png
/home/user/data/phyusformer_data/post_miccai_exps/data/US30k/US30K/ThyroidNodule-TN3K/img/trainval1216.png,tn3k,trainval1216,tn3k_trainval1216,png
/home/user/data/phyusformer_data/post_miccai_exps/data/US30k/US30K/ThyroidNodule-TN3K/img/trainval1217.png,tn3k,trainval1217,tn3k_trainval1217,png
/home/user/data/phyusformer_data/post_miccai_exps/data/US30k/US30K/ThyroidNodule-TN3K/img/trainval1218.png,tn3k,trainval1218,tn3k_trainval1218,png
/home/user/data/phyusformer_data/post_miccai_exps/data/US30k/US30K/ThyroidNodule-TN3K/img/trainval1219.png,tn3k,trainval1219,tn3k_trainval1219,png
/home/user/data/phyusformer_data/post_miccai_exps/data/US30k/US30K/ThyroidNodule-TN3K/img/trainval1220.png,tn3k,trainval1220,tn3k_trainval1220,png
/home/user/data/phyusformer_data/post_miccai_exps/data/US30k/US30K/ThyroidNodule-TN3K/img/trainval1221.png,tn3k,trainval1221,tn3k_trainval1221,png
/home/user/data/phyusformer_data/post_miccai_exps/data/US30k/US30K/ThyroidNodule-TN3K/img/trainval1222.png,tn3k,trainval1222,tn3k_trainval1222,png
/home/user/data/phyusformer_data/post_miccai_exps/data/US30k/US30K/ThyroidNodule-TN3K/img/trainval1223.png,tn3k,trainval1223,tn3k_trainval1223,png
/home/user/data/phyusformer_data/post_miccai_exps/data/US30k/US30K/ThyroidNodule-TN3K/img/trainval1224.png,tn3k,trainval1224,tn3k_trainval1224,png
/home/user/data/phyusformer_data/post_miccai_exps/data/US30k/US30K/ThyroidNodule-TN3K/img/trainval1225.png,tn3k,trainval1225,tn3k_trainval1225,png
/home/user/data/phyusformer_data/post_miccai_exps/data/US30k/US30K/ThyroidNodule-TN3K/img/trainval1226.png,tn3k,trainval1226,tn3k_trainval1226,png
/home/user/data/phyusformer_data/post_miccai_exps/data/US30k/US30K/ThyroidNodule-TN3K/img/trainval1227.png,tn3k,trainval1227,tn3k_trainval1227,png
/home/user/data/phyusformer_data/post_miccai_exps/data/US30k/US30K/ThyroidNodule-TN3K/img/trainval1228.png,tn3k,trainval1228,tn3k_trainval1228,png
/home/user/data/phyusformer_data/post_miccai_exps/data/US30k/US30K/ThyroidNodule-TN3K/img/trainval1229.png,tn3k,trainval1229,tn3k_trainval1229,png
/home/user/data/phyusformer_data/post_miccai_exps/data/US30k/US30K/ThyroidNodule-TN3K/img/trainval1230.png,tn3k,trainval1230,tn3k_trainval1230,png
/home/user/data/phyusformer_data/post_miccai_exps/data/US30k/US30K/ThyroidNodule-TN3K/img/trainval1231.png,tn3k,trainval1231,tn3k_trainval1231,png
/home/user/data/phyusformer_data/post_miccai_exps/data/US30k/US30K/ThyroidNodule-TN3K/img/trainval1232.png,tn3k,trainval1232,tn3k_trainval1232,png
/home/user/data/phyusformer_data/post_miccai_exps/data/US30k/US30K/ThyroidNodule-TN3K/img/trainval1233.png,tn3k,trainval1233,tn3k_trainval1233,png
/home/user/data/phyusformer_data/post_miccai_exps/data/US30k/US30K/ThyroidNodule-TN3K/img/trainval1234.png,tn3k,trainval1234,tn3k_trainval1234,png
/home/user/data/phyusformer_data/post_miccai_exps/data/US30k/US30K/ThyroidNodule-TN3K/img/trainval1235.png,tn3k,trainval1235,tn3k_trainval1235,png
/home/user/data/phyusformer_data/post_miccai_exps/data/US30k/US30K/ThyroidNodule-TN3K/img/trainval1236.png,tn3k,trainval1236,tn3k_trainval1236,png
/home/user/data/phyusformer_data/post_miccai_exps/data/US30k/US30K/ThyroidNodule-TN3K/img/trainval1237.png,tn3k,trainval1237,tn3k_trainval1237,png
/home/user/data/phyusformer_data/post_miccai_exps/data/US30k/US30K/ThyroidNodule-TN3K/img/trainval1238.png,tn3k,trainval1238,tn3k_trainval1238,png
/home/user/data/phyusformer_data/post_miccai_exps/data/US30k/US30K/ThyroidNodule-TN3K/img/trainval1239.png,tn3k,trainval1239,tn3k_trainval1239,png
/home/user/data/phyusformer_data/post_miccai_exps/data/US30k/US30K/ThyroidNodule-TN3K/img/trainval1240.png,tn3k,trainval1240,tn3k_trainval1240,png
/home/user/data/phyusformer_data/post_miccai_exps/data/US30k/US30K/ThyroidNodule-TN3K/img/trainval1241.png,tn3k,trainval1241,tn3k_trainval1241,png
/home/user/data/phyusformer_data/post_miccai_exps/data/US30k/US30K/ThyroidNodule-TN3K/img/trainval1242.png,tn3k,trainval1242,tn3k_trainval1242,png
/home/user/data/phyusformer_data/post_miccai_exps/data/US30k/US30K/ThyroidNodule-TN3K/img/trainval1243.png,tn3k,trainval1243,tn3k_trainval1243,png
/home/user/data/phyusformer_data/post_miccai_exps/data/US30k/US30K/ThyroidNodule-TN3K/img/trainval1244.png,tn3k,trainval1244,tn3k_trainval1244,png
/home/user/data/phyusformer_data/post_miccai_exps/data/US30k/US30K/ThyroidNodule-TN3K/img/trainval1245.png,tn3k,trainval1245,tn3k_trainval1245,png
/home/user/data/phyusformer_data/post_miccai_exps/data/US30k/US30K/ThyroidNodule-TN3K/img/trainval1246.png,tn3k,trainval1246,tn3k_trainval1246,png
/home/user/data/phyusformer_data/post_miccai_exps/data/US30k/US30K/ThyroidNodule-TN3K/img/trainval1247.png,tn3k,trainval1247,tn3k_trainval1247,png
/home/user/data/phyusformer_data/post_miccai_exps/data/US30k/US30K/ThyroidNodule-TN3K/img/trainval1248.png,tn3k,trainval1248,tn3k_trainval1248,png
/home/user/data/phyusformer_data/post_miccai_exps/data/US30k/US30K/ThyroidNodule-TN3K/img/trainval1249.png,tn3k,trainval1249,tn3k_trainval1249,png
/home/user/data/phyusformer_data/post_miccai_exps/data/US30k/US30K/ThyroidNodule-TN3K/img/trainval1250.png,tn3k,trainval1250,tn3k_trainval1250,png
/home/user/data/phyusformer_data/post_miccai_exps/data/US30k/US30K/ThyroidNodule-TN3K/img/trainval1251.png,tn3k,trainval1251,tn3k_trainval1251,png
/home/user/data/phyusformer_data/post_miccai_exps/data/US30k/US30K/ThyroidNodule-TN3K/img/trainval1252.png,tn3k,trainval1252,tn3k_trainval1252,png
/home/user/data/phyusformer_data/post_miccai_exps/data/US30k/US30K/ThyroidNodule-TN3K/img/trainval1253.png,tn3k,trainval1253,tn3k_trainval1253,png
/home/user/data/phyusformer_data/post_miccai_exps/data/US30k/US30K/ThyroidNodule-TN3K/img/trainval1254.png,tn3k,trainval1254,tn3k_trainval1254,png
/home/user/data/phyusformer_data/post_miccai_exps/data/US30k/US30K/ThyroidNodule-TN3K/img/trainval1255.png,tn3k,trainval1255,tn3k_trainval1255,png
/home/user/data/phyusformer_data/post_miccai_exps/data/US30k/US30K/ThyroidNodule-TN3K/img/trainval1256.png,tn3k,trainval1256,tn3k_trainval1256,png
/home/user/data/phyusformer_data/post_miccai_exps/data/US30k/US30K/ThyroidNodule-TN3K/img/trainval1257.png,tn3k,trainval1257,tn3k_trainval1257,png
/home/user/data/phyusformer_data/post_miccai_exps/data/US30k/US30K/ThyroidNodule-TN3K/img/trainval1258.png,tn3k,trainval1258,tn3k_trainval1258,png
/home/user/data/phyusformer_data/post_miccai_exps/data/US30k/US30K/ThyroidNodule-TN3K/img/trainval1259.png,tn3k,trainval1259,tn3k_trainval1259,png
/home/user/data/phyusformer_data/post_miccai_exps/data/US30k/US30K/ThyroidNodule-TN3K/img/trainval1260.png,tn3k,trainval1260,tn3k_trainval1260,png
/home/user/data/phyusformer_data/post_miccai_exps/data/US30k/US30K/ThyroidNodule-TN3K/img/trainval1261.png,tn3k,trainval1261,tn3k_trainval1261,png
/home/user/data/phyusformer_data/post_miccai_exps/data/US30k/US30K/ThyroidNodule-TN3K/img/trainval1262.png,tn3k,trainval1262,tn3k_trainval1262,png
/home/user/data/phyusformer_data/post_miccai_exps/data/US30k/US30K/ThyroidNodule-TN3K/img/trainval1263.png,tn3k,trainval1263,tn3k_trainval1263,png
/home/user/data/phyusformer_data/post_miccai_exps/data/US30k/US30K/ThyroidNodule-TN3K/img/trainval1264.png,tn3k,trainval1264,tn3k_trainval1264,png
/home/user/data/phyusformer_data/post_miccai_exps/data/US30k/US30K/ThyroidNodule-TN3K/img/trainval1265.png,tn3k,trainval1265,tn3k_trainval1265,png
/home/user/data/phyusformer_data/post_miccai_exps/data/US30k/US30K/ThyroidNodule-TN3K/img/trainval1266.png,tn3k,trainval1266,tn3k_trainval1266,png
/home/user/data/phyusformer_data/post_miccai_exps/data/US30k/US30K/ThyroidNodule-TN3K/img/trainval1267.png,tn3k,trainval1267,tn3k_trainval1267,png
/home/user/data/phyusformer_data/post_miccai_exps/data/US30k/US30K/ThyroidNodule-TN3K/img/trainval1268.png,tn3k,trainval1268,tn3k_trainval1268,png
/home/user/data/phyusformer_data/post_miccai_exps/data/US30k/US30K/ThyroidNodule-TN3K/img/trainval1269.png,tn3k,trainval1269,tn3k_trainval1269,png
/home/user/data/phyusformer_data/post_miccai_exps/data/US30k/US30K/ThyroidNodule-TN3K/img/trainval1270.png,tn3k,trainval1270,tn3k_trainval1270,png
/home/user/data/phyusformer_data/post_miccai_exps/data/US30k/US30K/ThyroidNodule-TN3K/img/trainval1271.png,tn3k,trainval1271,tn3k_trainval1271,png
/home/user/data/phyusformer_data/post_miccai_exps/data/US30k/US30K/ThyroidNodule-TN3K/img/trainval1272.png,tn3k,trainval1272,tn3k_trainval1272,png
/home/user/data/phyusformer_data/post_miccai_exps/data/US30k/US30K/ThyroidNodule-TN3K/img/trainval1273.png,tn3k,trainval1273,tn3k_trainval1273,png
/home/user/data/phyusformer_data/post_miccai_exps/data/US30k/US30K/ThyroidNodule-TN3K/img/trainval1274.png,tn3k,trainval1274,tn3k_trainval1274,png
/home/user/data/phyusformer_data/post_miccai_exps/data/US30k/US30K/ThyroidNodule-TN3K/img/trainval1275.png,tn3k,trainval1275,tn3k_trainval1275,png
/home/user/data/phyusformer_data/post_miccai_exps/data/US30k/US30K/ThyroidNodule-TN3K/img/trainval1276.png,tn3k,trainval1276,tn3k_trainval1276,png
/home/user/data/phyusformer_data/post_miccai_exps/data/US30k/US30K/ThyroidNodule-TN3K/img/trainval1277.png,tn3k,trainval1277,tn3k_trainval1277,png
/home/user/data/phyusformer_data/post_miccai_exps/data/US30k/US30K/ThyroidNodule-TN3K/img/trainval1278.png,tn3k,trainval1278,tn3k_trainval1278,png
/home/user/data/phyusformer_data/post_miccai_exps/data/US30k/US30K/ThyroidNodule-TN3K/img/trainval1279.png,tn3k,trainval1279,tn3k_trainval1279,png
/home/user/data/phyusformer_data/post_miccai_exps/data/US30k/US30K/ThyroidNodule-TN3K/img/trainval1280.png,tn3k,trainval1280,tn3k_trainval1280,png
/home/user/data/phyusformer_data/post_miccai_exps/data/US30k/US30K/ThyroidNodule-TN3K/img/trainval1281.png,tn3k,trainval1281,tn3k_trainval1281,png
/home/user/data/phyusformer_data/post_miccai_exps/data/US30k/US30K/ThyroidNodule-TN3K/img/trainval1282.png,tn3k,trainval1282,tn3k_trainval1282,png
/home/user/data/phyusformer_data/post_miccai_exps/data/US30k/US30K/ThyroidNodule-TN3K/img/trainval1283.png,tn3k,trainval1283,tn3k_trainval1283,png
/home/user/data/phyusformer_data/post_miccai_exps/data/US30k/US30K/ThyroidNodule-TN3K/img/trainval1284.png,tn3k,trainval1284,tn3k_trainval1284,png
/home/user/data/phyusformer_data/post_miccai_exps/data/US30k/US30K/ThyroidNodule-TN3K/img/trainval1285.png,tn3k,trainval1285,tn3k_trainval1285,png
/home/user/data/phyusformer_data/post_miccai_exps/data/US30k/US30K/ThyroidNodule-TN3K/img/trainval1286.png,tn3k,trainval1286,tn3k_trainval1286,png
/home/user/data/phyusformer_data/post_miccai_exps/data/US30k/US30K/ThyroidNodule-TN3K/img/trainval1287.png,tn3k,trainval1287,tn3k_trainval1287,png
/home/user/data/phyusformer_data/post_miccai_exps/data/US30k/US30K/ThyroidNodule-TN3K/img/trainval1288.png,tn3k,trainval1288,tn3k_trainval1288,png
/home/user/data/phyusformer_data/post_miccai_exps/data/US30k/US30K/ThyroidNodule-TN3K/img/trainval1289.png,tn3k,trainval1289,tn3k_trainval1289,png
/home/user/data/phyusformer_data/post_miccai_exps/data/US30k/US30K/ThyroidNodule-TN3K/img/trainval1290.png,tn3k,trainval1290,tn3k_trainval1290,png
/home/user/data/phyusformer_data/post_miccai_exps/data/US30k/US30K/ThyroidNodule-TN3K/img/trainval1291.png,tn3k,trainval1291,tn3k_trainval1291,png
/home/user/data/phyusformer_data/post_miccai_exps/data/US30k/US30K/ThyroidNodule-TN3K/img/trainval1292.png,tn3k,trainval1292,tn3k_trainval1292,png
/home/user/data/phyusformer_data/post_miccai_exps/data/US30k/US30K/ThyroidNodule-TN3K/img/trainval1293.png,tn3k,trainval1293,tn3k_trainval1293,png
/home/user/data/phyusformer_data/post_miccai_exps/data/US30k/US30K/ThyroidNodule-TN3K/img/trainval1294.png,tn3k,trainval1294,tn3k_trainval1294,png
/home/user/data/phyusformer_data/post_miccai_exps/data/US30k/US30K/ThyroidNodule-TN3K/img/trainval1295.png,tn3k,trainval1295,tn3k_trainval1295,png
/home/user/data/phyusformer_data/post_miccai_exps/data/US30k/US30K/ThyroidNodule-TN3K/img/trainval1296.png,tn3k,trainval1296,tn3k_trainval1296,png
/home/user/data/phyusformer_data/post_miccai_exps/data/US30k/US30K/ThyroidNodule-TN3K/img/trainval1297.png,tn3k,trainval1297,tn3k_trainval1297,png
/home/user/data/phyusformer_data/post_miccai_exps/data/US30k/US30K/ThyroidNodule-TN3K/img/trainval1298.png,tn3k,trainval1298,tn3k_trainval1298,png
/home/user/data/phyusformer_data/post_miccai_exps/data/US30k/US30K/ThyroidNodule-TN3K/img/trainval1299.png,tn3k,trainval1299,tn3k_trainval1299,png
/home/user/data/phyusformer_data/post_miccai_exps/data/US30k/US30K/ThyroidNodule-TN3K/img/trainval1300.png,tn3k,trainval1300,tn3k_trainval1300,png
/home/user/data/phyusformer_data/post_miccai_exps/data/US30k/US30K/ThyroidNodule-TN3K/img/trainval1301.png,tn3k,trainval1301,tn3k_trainval1301,png
/home/user/data/phyusformer_data/post_miccai_exps/data/US30k/US30K/ThyroidNodule-TN3K/img/trainval1302.png,tn3k,trainval1302,tn3k_trainval1302,png
/home/user/data/phyusformer_data/post_miccai_exps/data/US30k/US30K/ThyroidNodule-TN3K/img/trainval1303.png,tn3k,trainval1303,tn3k_trainval1303,png
/home/user/data/phyusformer_data/post_miccai_exps/data/US30k/US30K/ThyroidNodule-TN3K/img/trainval1304.png,tn3k,trainval1304,tn3k_trainval1304,png
/home/user/data/phyusformer_data/post_miccai_exps/data/US30k/US30K/ThyroidNodule-TN3K/img/trainval1305.png,tn3k,trainval1305,tn3k_trainval1305,png
/home/user/data/phyusformer_data/post_miccai_exps/data/US30k/US30K/ThyroidNodule-TN3K/img/trainval1306.png,tn3k,trainval1306,tn3k_trainval1306,png
/home/user/data/phyusformer_data/post_miccai_exps/data/US30k/US30K/ThyroidNodule-TN3K/img/trainval1307.png,tn3k,trainval1307,tn3k_trainval1307,png
/home/user/data/phyusformer_data/post_miccai_exps/data/US30k/US30K/ThyroidNodule-TN3K/img/trainval1308.png,tn3k,trainval1308,tn3k_trainval1308,png
/home/user/data/phyusformer_data/post_miccai_exps/data/US30k/US30K/ThyroidNodule-TN3K/img/trainval1309.png,tn3k,trainval1309,tn3k_trainval1309,png
/home/user/data/phyusformer_data/post_miccai_exps/data/US30k/US30K/ThyroidNodule-TN3K/img/trainval1310.png,tn3k,trainval1310,tn3k_trainval1310,png
/home/user/data/phyusformer_data/post_miccai_exps/data/US30k/US30K/ThyroidNodule-TN3K/img/trainval1311.png,tn3k,trainval1311,tn3k_trainval1311,png
/home/user/data/phyusformer_data/post_miccai_exps/data/US30k/US30K/ThyroidNodule-TN3K/img/trainval1312.png,tn3k,trainval1312,tn3k_trainval1312,png
/home/user/data/phyusformer_data/post_miccai_exps/data/US30k/US30K/ThyroidNodule-TN3K/img/trainval1313.png,tn3k,trainval1313,tn3k_trainval1313,png
/home/user/data/phyusformer_data/post_miccai_exps/data/US30k/US30K/ThyroidNodule-TN3K/img/trainval1314.png,tn3k,trainval1314,tn3k_trainval1314,png
/home/user/data/phyusformer_data/post_miccai_exps/data/US30k/US30K/ThyroidNodule-TN3K/img/trainval1315.png,tn3k,trainval1315,tn3k_trainval1315,png
/home/user/data/phyusformer_data/post_miccai_exps/data/US30k/US30K/ThyroidNodule-TN3K/img/trainval1316.png,tn3k,trainval1316,tn3k_trainval1316,png
/home/user/data/phyusformer_data/post_miccai_exps/data/US30k/US30K/ThyroidNodule-TN3K/img/trainval1317.png,tn3k,trainval1317,tn3k_trainval1317,png
/home/user/data/phyusformer_data/post_miccai_exps/data/US30k/US30K/ThyroidNodule-TN3K/img/trainval1318.png,tn3k,trainval1318,tn3k_trainval1318,png
/home/user/data/phyusformer_data/post_miccai_exps/data/US30k/US30K/ThyroidNodule-TN3K/img/trainval1319.png,tn3k,trainval1319,tn3k_trainval1319,png
/home/user/data/phyusformer_data/post_miccai_exps/data/US30k/US30K/ThyroidNodule-TN3K/img/trainval1320.png,tn3k,trainval1320,tn3k_trainval1320,png
/home/user/data/phyusformer_data/post_miccai_exps/data/US30k/US30K/ThyroidNodule-TN3K/img/trainval1321.png,tn3k,trainval1321,tn3k_trainval1321,png
/home/user/data/phyusformer_data/post_miccai_exps/data/US30k/US30K/ThyroidNodule-TN3K/img/trainval1322.png,tn3k,trainval1322,tn3k_trainval1322,png
/home/user/data/phyusformer_data/post_miccai_exps/data/US30k/US30K/ThyroidNodule-TN3K/img/trainval1323.png,tn3k,trainval1323,tn3k_trainval1323,png
/home/user/data/phyusformer_data/post_miccai_exps/data/US30k/US30K/ThyroidNodule-TN3K/img/trainval1324.png,tn3k,trainval1324,tn3k_trainval1324,png
/home/user/data/phyusformer_data/post_miccai_exps/data/US30k/US30K/ThyroidNodule-TN3K/img/trainval1325.png,tn3k,trainval1325,tn3k_trainval1325,png
/home/user/data/phyusformer_data/post_miccai_exps/data/US30k/US30K/ThyroidNodule-TN3K/img/trainval1326.png,tn3k,trainval1326,tn3k_trainval1326,png
/home/user/data/phyusformer_data/post_miccai_exps/data/US30k/US30K/ThyroidNodule-TN3K/img/trainval1327.png,tn3k,trainval1327,tn3k_trainval1327,png
/home/user/data/phyusformer_data/post_miccai_exps/data/US30k/US30K/ThyroidNodule-TN3K/img/trainval1328.png,tn3k,trainval1328,tn3k_trainval1328,png
/home/user/data/phyusformer_data/post_miccai_exps/data/US30k/US30K/ThyroidNodule-TN3K/img/trainval1329.png,tn3k,trainval1329,tn3k_trainval1329,png
/home/user/data/phyusformer_data/post_miccai_exps/data/US30k/US30K/ThyroidNodule-TN3K/img/trainval1330.png,tn3k,trainval1330,tn3k_trainval1330,png
/home/user/data/phyusformer_data/post_miccai_exps/data/US30k/US30K/ThyroidNodule-TN3K/img/trainval1331.png,tn3k,trainval1331,tn3k_trainval1331,png
/home/user/data/phyusformer_data/post_miccai_exps/data/US30k/US30K/ThyroidNodule-TN3K/img/trainval1332.png,tn3k,trainval1332,tn3k_trainval1332,png
/home/user/data/phyusformer_data/post_miccai_exps/data/US30k/US30K/ThyroidNodule-TN3K/img/trainval1333.png,tn3k,trainval1333,tn3k_trainval1333,png
/home/user/data/phyusformer_data/post_miccai_exps/data/US30k/US30K/ThyroidNodule-TN3K/img/trainval1334.png,tn3k,trainval1334,tn3k_trainval1334,png
/home/user/data/phyusformer_data/post_miccai_exps/data/US30k/US30K/ThyroidNodule-TN3K/img/trainval1335.png,tn3k,trainval1335,tn3k_trainval1335,png
/home/user/data/phyusformer_data/post_miccai_exps/data/US30k/US30K/ThyroidNodule-TN3K/img/trainval1336.png,tn3k,trainval1336,tn3k_trainval1336,png
/home/user/data/phyusformer_data/post_miccai_exps/data/US30k/US30K/ThyroidNodule-TN3K/img/trainval1337.png,tn3k,trainval1337,tn3k_trainval1337,png
/home/user/data/phyusformer_data/post_miccai_exps/data/US30k/US30K/ThyroidNodule-TN3K/img/trainval1338.png,tn3k,trainval1338,tn3k_trainval1338,png
/home/user/data/phyusformer_data/post_miccai_exps/data/US30k/US30K/ThyroidNodule-TN3K/img/trainval1339.png,tn3k,trainval1339,tn3k_trainval1339,png
/home/user/data/phyusformer_data/post_miccai_exps/data/US30k/US30K/ThyroidNodule-TN3K/img/trainval1340.png,tn3k,trainval1340,tn3k_trainval1340,png
/home/user/data/phyusformer_data/post_miccai_exps/data/US30k/US30K/ThyroidNodule-TN3K/img/trainval1341.png,tn3k,trainval1341,tn3k_trainval1341,png
/home/user/data/phyusformer_data/post_miccai_exps/data/US30k/US30K/ThyroidNodule-TN3K/img/trainval1342.png,tn3k,trainval1342,tn3k_trainval1342,png
/home/user/data/phyusformer_data/post_miccai_exps/data/US30k/US30K/ThyroidNodule-TN3K/img/trainval1343.png,tn3k,trainval1343,tn3k_trainval1343,png
/home/user/data/phyusformer_data/post_miccai_exps/data/US30k/US30K/ThyroidNodule-TN3K/img/trainval1344.png,tn3k,trainval1344,tn3k_trainval1344,png
/home/user/data/phyusformer_data/post_miccai_exps/data/US30k/US30K/ThyroidNodule-TN3K/img/trainval1345.png,tn3k,trainval1345,tn3k_trainval1345,png
/home/user/data/phyusformer_data/post_miccai_exps/data/US30k/US30K/ThyroidNodule-TN3K/img/trainval1346.png,tn3k,trainval1346,tn3k_trainval1346,png
/home/user/data/phyusformer_data/post_miccai_exps/data/US30k/US30K/ThyroidNodule-TN3K/img/trainval1347.png,tn3k,trainval1347,tn3k_trainval1347,png
/home/user/data/phyusformer_data/post_miccai_exps/data/US30k/US30K/ThyroidNodule-TN3K/img/trainval1348.png,tn3k,trainval1348,tn3k_trainval1348,png
/home/user/data/phyusformer_data/post_miccai_exps/data/US30k/US30K/ThyroidNodule-TN3K/img/trainval1349.png,tn3k,trainval1349,tn3k_trainval1349,png
/home/user/data/phyusformer_data/post_miccai_exps/data/US30k/US30K/ThyroidNodule-TN3K/img/trainval1350.png,tn3k,trainval1350,tn3k_trainval1350,png
/home/user/data/phyusformer_data/post_miccai_exps/data/US30k/US30K/ThyroidNodule-TN3K/img/trainval1351.png,tn3k,trainval1351,tn3k_trainval1351,png
/home/user/data/phyusformer_data/post_miccai_exps/data/US30k/US30K/ThyroidNodule-TN3K/img/trainval1352.png,tn3k,trainval1352,tn3k_trainval1352,png
/home/user/data/phyusformer_data/post_miccai_exps/data/US30k/US30K/ThyroidNodule-TN3K/img/trainval1353.png,tn3k,trainval1353,tn3k_trainval1353,png
/home/user/data/phyusformer_data/post_miccai_exps/data/US30k/US30K/ThyroidNodule-TN3K/img/trainval1354.png,tn3k,trainval1354,tn3k_trainval1354,png
/home/user/data/phyusformer_data/post_miccai_exps/data/US30k/US30K/ThyroidNodule-TN3K/img/trainval1355.png,tn3k,trainval1355,tn3k_trainval1355,png
/home/user/data/phyusformer_data/post_miccai_exps/data/US30k/US30K/ThyroidNodule-TN3K/img/trainval1356.png,tn3k,trainval1356,tn3k_trainval1356,png
/home/user/data/phyusformer_data/post_miccai_exps/data/US30k/US30K/ThyroidNodule-TN3K/img/trainval1357.png,tn3k,trainval1357,tn3k_trainval1357,png
/home/user/data/phyusformer_data/post_miccai_exps/data/US30k/US30K/ThyroidNodule-TN3K/img/trainval1358.png,tn3k,trainval1358,tn3k_trainval1358,png
/home/user/data/phyusformer_data/post_miccai_exps/data/US30k/US30K/ThyroidNodule-TN3K/img/trainval1359.png,tn3k,trainval1359,tn3k_trainval1359,png
/home/user/data/phyusformer_data/post_miccai_exps/data/US30k/US30K/ThyroidNodule-TN3K/img/trainval1360.png,tn3k,trainval1360,tn3k_trainval1360,png
/home/user/data/phyusformer_data/post_miccai_exps/data/US30k/US30K/ThyroidNodule-TN3K/img/trainval1361.png,tn3k,trainval1361,tn3k_trainval1361,png
/home/user/data/phyusformer_data/post_miccai_exps/data/US30k/US30K/ThyroidNodule-TN3K/img/trainval1362.png,tn3k,trainval1362,tn3k_trainval1362,png
/home/user/data/phyusformer_data/post_miccai_exps/data/US30k/US30K/ThyroidNodule-TN3K/img/trainval1363.png,tn3k,trainval1363,tn3k_trainval1363,png
/home/user/data/phyusformer_data/post_miccai_exps/data/US30k/US30K/ThyroidNodule-TN3K/img/trainval1364.png,tn3k,trainval1364,tn3k_trainval1364,png
/home/user/data/phyusformer_data/post_miccai_exps/data/US30k/US30K/ThyroidNodule-TN3K/img/trainval1365.png,tn3k,trainval1365,tn3k_trainval1365,png
/home/user/data/phyusformer_data/post_miccai_exps/data/US30k/US30K/ThyroidNodule-TN3K/img/trainval1366.png,tn3k,trainval1366,tn3k_trainval1366,png
/home/user/data/phyusformer_data/post_miccai_exps/data/US30k/US30K/ThyroidNodule-TN3K/img/trainval1367.png,tn3k,trainval1367,tn3k_trainval1367,png
/home/user/data/phyusformer_data/post_miccai_exps/data/US30k/US30K/ThyroidNodule-TN3K/img/trainval1368.png,tn3k,trainval1368,tn3k_trainval1368,png
/home/user/data/phyusformer_data/post_miccai_exps/data/US30k/US30K/ThyroidNodule-TN3K/img/trainval1369.png,tn3k,trainval1369,tn3k_trainval1369,png
/home/user/data/phyusformer_data/post_miccai_exps/data/US30k/US30K/ThyroidNodule-TN3K/img/trainval1370.png,tn3k,trainval1370,tn3k_trainval1370,png
/home/user/data/phyusformer_data/post_miccai_exps/data/US30k/US30K/ThyroidNodule-TN3K/img/trainval1371.png,tn3k,trainval1371,tn3k_trainval1371,png
/home/user/data/phyusformer_data/post_miccai_exps/data/US30k/US30K/ThyroidNodule-TN3K/img/trainval1372.png,tn3k,trainval1372,tn3k_trainval1372,png
/home/user/data/phyusformer_data/post_miccai_exps/data/US30k/US30K/ThyroidNodule-TN3K/img/trainval1373.png,tn3k,trainval1373,tn3k_trainval1373,png
/home/user/data/phyusformer_data/post_miccai_exps/data/US30k/US30K/ThyroidNodule-TN3K/img/trainval1374.png,tn3k,trainval1374,tn3k_trainval1374,png
/home/user/data/phyusformer_data/post_miccai_exps/data/US30k/US30K/ThyroidNodule-TN3K/img/trainval1375.png,tn3k,trainval1375,tn3k_trainval1375,png
/home/user/data/phyusformer_data/post_miccai_exps/data/US30k/US30K/ThyroidNodule-TN3K/img/trainval1376.png,tn3k,trainval1376,tn3k_trainval1376,png
/home/user/data/phyusformer_data/post_miccai_exps/data/US30k/US30K/ThyroidNodule-TN3K/img/trainval1377.png,tn3k,trainval1377,tn3k_trainval1377,png
/home/user/data/phyusformer_data/post_miccai_exps/data/US30k/US30K/ThyroidNodule-TN3K/img/trainval1378.png,tn3k,trainval1378,tn3k_trainval1378,png
/home/user/data/phyusformer_data/post_miccai_exps/data/US30k/US30K/ThyroidNodule-TN3K/img/trainval1379.png,tn3k,trainval1379,tn3k_trainval1379,png
/home/user/data/phyusformer_data/post_miccai_exps/data/US30k/US30K/ThyroidNodule-TN3K/img/trainval1380.png,tn3k,trainval1380,tn3k_trainval1380,png
/home/user/data/phyusformer_data/post_miccai_exps/data/US30k/US30K/ThyroidNodule-TN3K/img/trainval1381.png,tn3k,trainval1381,tn3k_trainval1381,png
/home/user/data/phyusformer_data/post_miccai_exps/data/US30k/US30K/ThyroidNodule-TN3K/img/trainval1382.png,tn3k,trainval1382,tn3k_trainval1382,png
/home/user/data/phyusformer_data/post_miccai_exps/data/US30k/US30K/ThyroidNodule-TN3K/img/trainval1383.png,tn3k,trainval1383,tn3k_trainval1383,png
/home/user/data/phyusformer_data/post_miccai_exps/data/US30k/US30K/ThyroidNodule-TN3K/img/trainval1384.png,tn3k,trainval1384,tn3k_trainval1384,png
/home/user/data/phyusformer_data/post_miccai_exps/data/US30k/US30K/ThyroidNodule-TN3K/img/trainval1385.png,tn3k,trainval1385,tn3k_trainval1385,png
/home/user/data/phyusformer_data/post_miccai_exps/data/US30k/US30K/ThyroidNodule-TN3K/img/trainval1386.png,tn3k,trainval1386,tn3k_trainval1386,png
/home/user/data/phyusformer_data/post_miccai_exps/data/US30k/US30K/ThyroidNodule-TN3K/img/trainval1387.png,tn3k,trainval1387,tn3k_trainval1387,png
/home/user/data/phyusformer_data/post_miccai_exps/data/US30k/US30K/ThyroidNodule-TN3K/img/trainval1388.png,tn3k,trainval1388,tn3k_trainval1388,png
/home/user/data/phyusformer_data/post_miccai_exps/data/US30k/US30K/ThyroidNodule-TN3K/img/trainval1389.png,tn3k,trainval1389,tn3k_trainval1389,png
/home/user/data/phyusformer_data/post_miccai_exps/data/US30k/US30K/ThyroidNodule-TN3K/img/trainval1390.png,tn3k,trainval1390,tn3k_trainval1390,png
/home/user/data/phyusformer_data/post_miccai_exps/data/US30k/US30K/ThyroidNodule-TN3K/img/trainval1391.png,tn3k,trainval1391,tn3k_trainval1391,png
/home/user/data/phyusformer_data/post_miccai_exps/data/US30k/US30K/ThyroidNodule-TN3K/img/trainval1392.png,tn3k,trainval1392,tn3k_trainval1392,png
/home/user/data/phyusformer_data/post_miccai_exps/data/US30k/US30K/ThyroidNodule-TN3K/img/trainval1393.png,tn3k,trainval1393,tn3k_trainval1393,png
/home/user/data/phyusformer_data/post_miccai_exps/data/US30k/US30K/ThyroidNodule-TN3K/img/trainval1394.png,tn3k,trainval1394,tn3k_trainval1394,png
/home/user/data/phyusformer_data/post_miccai_exps/data/US30k/US30K/ThyroidNodule-TN3K/img/trainval1395.png,tn3k,trainval1395,tn3k_trainval1395,png
/home/user/data/phyusformer_data/post_miccai_exps/data/US30k/US30K/ThyroidNodule-TN3K/img/trainval1396.png,tn3k,trainval1396,tn3k_trainval1396,png
/home/user/data/phyusformer_data/post_miccai_exps/data/US30k/US30K/ThyroidNodule-TN3K/img/trainval1397.png,tn3k,trainval1397,tn3k_trainval1397,png
/home/user/data/phyusformer_data/post_miccai_exps/data/US30k/US30K/ThyroidNodule-TN3K/img/trainval1398.png,tn3k,trainval1398,tn3k_trainval1398,png
/home/user/data/phyusformer_data/post_miccai_exps/data/US30k/US30K/ThyroidNodule-TN3K/img/trainval1399.png,tn3k,trainval1399,tn3k_trainval1399,png
/home/user/data/phyusformer_data/post_miccai_exps/data/US30k/US30K/ThyroidNodule-TN3K/img/trainval1400.png,tn3k,trainval1400,tn3k_trainval1400,png
/home/user/data/phyusformer_data/post_miccai_exps/data/US30k/US30K/ThyroidNodule-TN3K/img/trainval1401.png,tn3k,trainval1401,tn3k_trainval1401,png
/home/user/data/phyusformer_data/post_miccai_exps/data/US30k/US30K/ThyroidNodule-TN3K/img/trainval1402.png,tn3k,trainval1402,tn3k_trainval1402,png
/home/user/data/phyusformer_data/post_miccai_exps/data/US30k/US30K/ThyroidNodule-TN3K/img/trainval1403.png,tn3k,trainval1403,tn3k_trainval1403,png
/home/user/data/phyusformer_data/post_miccai_exps/data/US30k/US30K/ThyroidNodule-TN3K/img/trainval1404.png,tn3k,trainval1404,tn3k_trainval1404,png
/home/user/data/phyusformer_data/post_miccai_exps/data/US30k/US30K/ThyroidNodule-TN3K/img/trainval1405.png,tn3k,trainval1405,tn3k_trainval1405,png
/home/user/data/phyusformer_data/post_miccai_exps/data/US30k/US30K/ThyroidNodule-TN3K/img/trainval1406.png,tn3k,trainval1406,tn3k_trainval1406,png
/home/user/data/phyusformer_data/post_miccai_exps/data/US30k/US30K/ThyroidNodule-TN3K/img/trainval1407.png,tn3k,trainval1407,tn3k_trainval1407,png
/home/user/data/phyusformer_data/post_miccai_exps/data/US30k/US30K/ThyroidNodule-TN3K/img/trainval1408.png,tn3k,trainval1408,tn3k_trainval1408,png
/home/user/data/phyusformer_data/post_miccai_exps/data/US30k/US30K/ThyroidNodule-TN3K/img/trainval1409.png,tn3k,trainval1409,tn3k_trainval1409,png
/home/user/data/phyusformer_data/post_miccai_exps/data/US30k/US30K/ThyroidNodule-TN3K/img/trainval1410.png,tn3k,trainval1410,tn3k_trainval1410,png
/home/user/data/phyusformer_data/post_miccai_exps/data/US30k/US30K/ThyroidNodule-TN3K/img/trainval1411.png,tn3k,trainval1411,tn3k_trainval1411,png
/home/user/data/phyusformer_data/post_miccai_exps/data/US30k/US30K/ThyroidNodule-TN3K/img/trainval1412.png,tn3k,trainval1412,tn3k_trainval1412,png
/home/user/data/phyusformer_data/post_miccai_exps/data/US30k/US30K/ThyroidNodule-TN3K/img/trainval1413.png,tn3k,trainval1413,tn3k_trainval1413,png
/home/user/data/phyusformer_data/post_miccai_exps/data/US30k/US30K/ThyroidNodule-TN3K/img/trainval1414.png,tn3k,trainval1414,tn3k_trainval1414,png
/home/user/data/phyusformer_data/post_miccai_exps/data/US30k/US30K/ThyroidNodule-TN3K/img/trainval1415.png,tn3k,trainval1415,tn3k_trainval1415,png
/home/user/data/phyusformer_data/post_miccai_exps/data/US30k/US30K/ThyroidNodule-TN3K/img/trainval1416.png,tn3k,trainval1416,tn3k_trainval1416,png
/home/user/data/phyusformer_data/post_miccai_exps/data/US30k/US30K/ThyroidNodule-TN3K/img/trainval1417.png,tn3k,trainval1417,tn3k_trainval1417,png
/home/user/data/phyusformer_data/post_miccai_exps/data/US30k/US30K/ThyroidNodule-TN3K/img/trainval1418.png,tn3k,trainval1418,tn3k_trainval1418,png
/home/user/data/phyusformer_data/post_miccai_exps/data/US30k/US30K/ThyroidNodule-TN3K/img/trainval1419.png,tn3k,trainval1419,tn3k_trainval1419,png
/home/user/data/phyusformer_data/post_miccai_exps/data/US30k/US30K/ThyroidNodule-TN3K/img/trainval1420.png,tn3k,trainval1420,tn3k_trainval1420,png
/home/user/data/phyusformer_data/post_miccai_exps/data/US30k/US30K/ThyroidNodule-TN3K/img/trainval1421.png,tn3k,trainval1421,tn3k_trainval1421,png
/home/user/data/phyusformer_data/post_miccai_exps/data/US30k/US30K/ThyroidNodule-TN3K/img/trainval1422.png,tn3k,trainval1422,tn3k_trainval1422,png
/home/user/data/phyusformer_data/post_miccai_exps/data/US30k/US30K/ThyroidNodule-TN3K/img/trainval1423.png,tn3k,trainval1423,tn3k_trainval1423,png
/home/user/data/phyusformer_data/post_miccai_exps/data/US30k/US30K/ThyroidNodule-TN3K/img/trainval1424.png,tn3k,trainval1424,tn3k_trainval1424,png
/home/user/data/phyusformer_data/post_miccai_exps/data/US30k/US30K/ThyroidNodule-TN3K/img/trainval1425.png,tn3k,trainval1425,tn3k_trainval1425,png
/home/user/data/phyusformer_data/post_miccai_exps/data/US30k/US30K/ThyroidNodule-TN3K/img/trainval1426.png,tn3k,trainval1426,tn3k_trainval1426,png
/home/user/data/phyusformer_data/post_miccai_exps/data/US30k/US30K/ThyroidNodule-TN3K/img/trainval1427.png,tn3k,trainval1427,tn3k_trainval1427,png
/home/user/data/phyusformer_data/post_miccai_exps/data/US30k/US30K/ThyroidNodule-TN3K/img/trainval1428.png,tn3k,trainval1428,tn3k_trainval1428,png
/home/user/data/phyusformer_data/post_miccai_exps/data/US30k/US30K/ThyroidNodule-TN3K/img/trainval1429.png,tn3k,trainval1429,tn3k_trainval1429,png
/home/user/data/phyusformer_data/post_miccai_exps/data/US30k/US30K/ThyroidNodule-TN3K/img/trainval1430.png,tn3k,trainval1430,tn3k_trainval1430,png
/home/user/data/phyusformer_data/post_miccai_exps/data/US30k/US30K/ThyroidNodule-TN3K/img/trainval1431.png,tn3k,trainval1431,tn3k_trainval1431,png
/home/user/data/phyusformer_data/post_miccai_exps/data/US30k/US30K/ThyroidNodule-TN3K/img/trainval1432.png,tn3k,trainval1432,tn3k_trainval1432,png
/home/user/data/phyusformer_data/post_miccai_exps/data/US30k/US30K/ThyroidNodule-TN3K/img/trainval1433.png,tn3k,trainval1433,tn3k_trainval1433,png
/home/user/data/phyusformer_data/post_miccai_exps/data/US30k/US30K/ThyroidNodule-TN3K/img/trainval1434.png,tn3k,trainval1434,tn3k_trainval1434,png
/home/user/data/phyusformer_data/post_miccai_exps/data/US30k/US30K/ThyroidNodule-TN3K/img/trainval1435.png,tn3k,trainval1435,tn3k_trainval1435,png
/home/user/data/phyusformer_data/post_miccai_exps/data/US30k/US30K/ThyroidNodule-TN3K/img/trainval1436.png,tn3k,trainval1436,tn3k_trainval1436,png
/home/user/data/phyusformer_data/post_miccai_exps/data/US30k/US30K/ThyroidNodule-TN3K/img/trainval1437.png,tn3k,trainval1437,tn3k_trainval1437,png
/home/user/data/phyusformer_data/post_miccai_exps/data/US30k/US30K/ThyroidNodule-TN3K/img/trainval1438.png,tn3k,trainval1438,tn3k_trainval1438,png
/home/user/data/phyusformer_data/post_miccai_exps/data/US30k/US30K/ThyroidNodule-TN3K/img/trainval1439.png,tn3k,trainval1439,tn3k_trainval1439,png
/home/user/data/phyusformer_data/post_miccai_exps/data/US30k/US30K/ThyroidNodule-TN3K/img/trainval1440.png,tn3k,trainval1440,tn3k_trainval1440,png
/home/user/data/phyusformer_data/post_miccai_exps/data/US30k/US30K/ThyroidNodule-TN3K/img/trainval1441.png,tn3k,trainval1441,tn3k_trainval1441,png
/home/user/data/phyusformer_data/post_miccai_exps/data/US30k/US30K/ThyroidNodule-TN3K/img/trainval1442.png,tn3k,trainval1442,tn3k_trainval1442,png
/home/user/data/phyusformer_data/post_miccai_exps/data/US30k/US30K/ThyroidNodule-TN3K/img/trainval1443.png,tn3k,trainval1443,tn3k_trainval1443,png
/home/user/data/phyusformer_data/post_miccai_exps/data/US30k/US30K/ThyroidNodule-TN3K/img/trainval1444.png,tn3k,trainval1444,tn3k_trainval1444,png
/home/user/data/phyusformer_data/post_miccai_exps/data/US30k/US30K/ThyroidNodule-TN3K/img/trainval1445.png,tn3k,trainval1445,tn3k_trainval1445,png
/home/user/data/phyusformer_data/post_miccai_exps/data/US30k/US30K/ThyroidNodule-TN3K/img/trainval1446.png,tn3k,trainval1446,tn3k_trainval1446,png
/home/user/data/phyusformer_data/post_miccai_exps/data/US30k/US30K/ThyroidNodule-TN3K/img/trainval1447.png,tn3k,trainval1447,tn3k_trainval1447,png
/home/user/data/phyusformer_data/post_miccai_exps/data/US30k/US30K/ThyroidNodule-TN3K/img/trainval1448.png,tn3k,trainval1448,tn3k_trainval1448,png
/home/user/data/phyusformer_data/post_miccai_exps/data/US30k/US30K/ThyroidNodule-TN3K/img/trainval1449.png,tn3k,trainval1449,tn3k_trainval1449,png
/home/user/data/phyusformer_data/post_miccai_exps/data/US30k/US30K/ThyroidNodule-TN3K/img/trainval1450.png,tn3k,trainval1450,tn3k_trainval1450,png
/home/user/data/phyusformer_data/post_miccai_exps/data/US30k/US30K/ThyroidNodule-TN3K/img/trainval1451.png,tn3k,trainval1451,tn3k_trainval1451,png
/home/user/data/phyusformer_data/post_miccai_exps/data/US30k/US30K/ThyroidNodule-TN3K/img/trainval1452.png,tn3k,trainval1452,tn3k_trainval1452,png
/home/user/data/phyusformer_data/post_miccai_exps/data/US30k/US30K/ThyroidNodule-TN3K/img/trainval1453.png,tn3k,trainval1453,tn3k_trainval1453,png
/home/user/data/phyusformer_data/post_miccai_exps/data/US30k/US30K/ThyroidNodule-TN3K/img/trainval1454.png,tn3k,trainval1454,tn3k_trainval1454,png
/home/user/data/phyusformer_data/post_miccai_exps/data/US30k/US30K/ThyroidNodule-TN3K/img/trainval1455.png,tn3k,trainval1455,tn3k_trainval1455,png
/home/user/data/phyusformer_data/post_miccai_exps/data/US30k/US30K/ThyroidNodule-TN3K/img/trainval1456.png,tn3k,trainval1456,tn3k_trainval1456,png
/home/user/data/phyusformer_data/post_miccai_exps/data/US30k/US30K/ThyroidNodule-TN3K/img/trainval1457.png,tn3k,trainval1457,tn3k_trainval1457,png
/home/user/data/phyusformer_data/post_miccai_exps/data/US30k/US30K/ThyroidNodule-TN3K/img/trainval1458.png,tn3k,trainval1458,tn3k_trainval1458,png
/home/user/data/phyusformer_data/post_miccai_exps/data/US30k/US30K/ThyroidNodule-TN3K/img/trainval1459.png,tn3k,trainval1459,tn3k_trainval1459,png
/home/user/data/phyusformer_data/post_miccai_exps/data/US30k/US30K/ThyroidNodule-TN3K/img/trainval1460.png,tn3k,trainval1460,tn3k_trainval1460,png
/home/user/data/phyusformer_data/post_miccai_exps/data/US30k/US30K/ThyroidNodule-TN3K/img/trainval1461.png,tn3k,trainval1461,tn3k_trainval1461,png
/home/user/data/phyusformer_data/post_miccai_exps/data/US30k/US30K/ThyroidNodule-TN3K/img/trainval1462.png,tn3k,trainval1462,tn3k_trainval1462,png
/home/user/data/phyusformer_data/post_miccai_exps/data/US30k/US30K/ThyroidNodule-TN3K/img/trainval1463.png,tn3k,trainval1463,tn3k_trainval1463,png
/home/user/data/phyusformer_data/post_miccai_exps/data/US30k/US30K/ThyroidNodule-TN3K/img/trainval1464.png,tn3k,trainval1464,tn3k_trainval1464,png
/home/user/data/phyusformer_data/post_miccai_exps/data/US30k/US30K/ThyroidNodule-TN3K/img/trainval1465.png,tn3k,trainval1465,tn3k_trainval1465,png
/home/user/data/phyusformer_data/post_miccai_exps/data/US30k/US30K/ThyroidNodule-TN3K/img/trainval1466.png,tn3k,trainval1466,tn3k_trainval1466,png
/home/user/data/phyusformer_data/post_miccai_exps/data/US30k/US30K/ThyroidNodule-TN3K/img/trainval1467.png,tn3k,trainval1467,tn3k_trainval1467,png
/home/user/data/phyusformer_data/post_miccai_exps/data/US30k/US30K/ThyroidNodule-TN3K/img/trainval1468.png,tn3k,trainval1468,tn3k_trainval1468,png
/home/user/data/phyusformer_data/post_miccai_exps/data/US30k/US30K/ThyroidNodule-TN3K/img/trainval1469.png,tn3k,trainval1469,tn3k_trainval1469,png
/home/user/data/phyusformer_data/post_miccai_exps/data/US30k/US30K/ThyroidNodule-TN3K/img/trainval1470.png,tn3k,trainval1470,tn3k_trainval1470,png
/home/user/data/phyusformer_data/post_miccai_exps/data/US30k/US30K/ThyroidNodule-TN3K/img/trainval1471.png,tn3k,trainval1471,tn3k_trainval1471,png
/home/user/data/phyusformer_data/post_miccai_exps/data/US30k/US30K/ThyroidNodule-TN3K/img/trainval1472.png,tn3k,trainval1472,tn3k_trainval1472,png
/home/user/data/phyusformer_data/post_miccai_exps/data/US30k/US30K/ThyroidNodule-TN3K/img/trainval1473.png,tn3k,trainval1473,tn3k_trainval1473,png
/home/user/data/phyusformer_data/post_miccai_exps/data/US30k/US30K/ThyroidNodule-TN3K/img/trainval1474.png,tn3k,trainval1474,tn3k_trainval1474,png
/home/user/data/phyusformer_data/post_miccai_exps/data/US30k/US30K/ThyroidNodule-TN3K/img/trainval1475.png,tn3k,trainval1475,tn3k_trainval1475,png
/home/user/data/phyusformer_data/post_miccai_exps/data/US30k/US30K/ThyroidNodule-TN3K/img/trainval1476.png,tn3k,trainval1476,tn3k_trainval1476,png
/home/user/data/phyusformer_data/post_miccai_exps/data/US30k/US30K/ThyroidNodule-TN3K/img/trainval1477.png,tn3k,trainval1477,tn3k_trainval1477,png
/home/user/data/phyusformer_data/post_miccai_exps/data/US30k/US30K/ThyroidNodule-TN3K/img/trainval1478.png,tn3k,trainval1478,tn3k_trainval1478,png
/home/user/data/phyusformer_data/post_miccai_exps/data/US30k/US30K/ThyroidNodule-TN3K/img/trainval1479.png,tn3k,trainval1479,tn3k_trainval1479,png
/home/user/data/phyusformer_data/post_miccai_exps/data/US30k/US30K/ThyroidNodule-TN3K/img/trainval1480.png,tn3k,trainval1480,tn3k_trainval1480,png
/home/user/data/phyusformer_data/post_miccai_exps/data/US30k/US30K/ThyroidNodule-TN3K/img/trainval1481.png,tn3k,trainval1481,tn3k_trainval1481,png
/home/user/data/phyusformer_data/post_miccai_exps/data/US30k/US30K/ThyroidNodule-TN3K/img/trainval1482.png,tn3k,trainval1482,tn3k_trainval1482,png
/home/user/data/phyusformer_data/post_miccai_exps/data/US30k/US30K/ThyroidNodule-TN3K/img/trainval1483.png,tn3k,trainval1483,tn3k_trainval1483,png
/home/user/data/phyusformer_data/post_miccai_exps/data/US30k/US30K/ThyroidNodule-TN3K/img/trainval1484.png,tn3k,trainval1484,tn3k_trainval1484,png
/home/user/data/phyusformer_data/post_miccai_exps/data/US30k/US30K/ThyroidNodule-TN3K/img/trainval1485.png,tn3k,trainval1485,tn3k_trainval1485,png
/home/user/data/phyusformer_data/post_miccai_exps/data/US30k/US30K/ThyroidNodule-TN3K/img/trainval1486.png,tn3k,trainval1486,tn3k_trainval1486,png
/home/user/data/phyusformer_data/post_miccai_exps/data/US30k/US30K/ThyroidNodule-TN3K/img/trainval1487.png,tn3k,trainval1487,tn3k_trainval1487,png
/home/user/data/phyusformer_data/post_miccai_exps/data/US30k/US30K/ThyroidNodule-TN3K/img/trainval1488.png,tn3k,trainval1488,tn3k_trainval1488,png
/home/user/data/phyusformer_data/post_miccai_exps/data/US30k/US30K/ThyroidNodule-TN3K/img/trainval1489.png,tn3k,trainval1489,tn3k_trainval1489,png
/home/user/data/phyusformer_data/post_miccai_exps/data/US30k/US30K/ThyroidNodule-TN3K/img/trainval1490.png,tn3k,trainval1490,tn3k_trainval1490,png
/home/user/data/phyusformer_data/post_miccai_exps/data/US30k/US30K/ThyroidNodule-TN3K/img/trainval1491.png,tn3k,trainval1491,tn3k_trainval1491,png
/home/user/data/phyusformer_data/post_miccai_exps/data/US30k/US30K/ThyroidNodule-TN3K/img/trainval1492.png,tn3k,trainval1492,tn3k_trainval1492,png
/home/user/data/phyusformer_data/post_miccai_exps/data/US30k/US30K/ThyroidNodule-TN3K/img/trainval1493.png,tn3k,trainval1493,tn3k_trainval1493,png
/home/user/data/phyusformer_data/post_miccai_exps/data/US30k/US30K/ThyroidNodule-TN3K/img/trainval1494.png,tn3k,trainval1494,tn3k_trainval1494,png
/home/user/data/phyusformer_data/post_miccai_exps/data/US30k/US30K/ThyroidNodule-TN3K/img/trainval1495.png,tn3k,trainval1495,tn3k_trainval1495,png
/home/user/data/phyusformer_data/post_miccai_exps/data/US30k/US30K/ThyroidNodule-TN3K/img/trainval1496.png,tn3k,trainval1496,tn3k_trainval1496,png
/home/user/data/phyusformer_data/post_miccai_exps/data/US30k/US30K/ThyroidNodule-TN3K/img/trainval1497.png,tn3k,trainval1497,tn3k_trainval1497,png
/home/user/data/phyusformer_data/post_miccai_exps/data/US30k/US30K/ThyroidNodule-TN3K/img/trainval1498.png,tn3k,trainval1498,tn3k_trainval1498,png
/home/user/data/phyusformer_data/post_miccai_exps/data/US30k/US30K/ThyroidNodule-TN3K/img/trainval1499.png,tn3k,trainval1499,tn3k_trainval1499,png
/home/user/data/phyusformer_data/post_miccai_exps/data/US30k/US30K/ThyroidNodule-TN3K/img/trainval1500.png,tn3k,trainval1500,tn3k_trainval1500,png
/home/user/data/phyusformer_data/post_miccai_exps/data/US30k/US30K/ThyroidNodule-TN3K/img/trainval1501.png,tn3k,trainval1501,tn3k_trainval1501,png
/home/user/data/phyusformer_data/post_miccai_exps/data/US30k/US30K/ThyroidNodule-TN3K/img/trainval1502.png,tn3k,trainval1502,tn3k_trainval1502,png
/home/user/data/phyusformer_data/post_miccai_exps/data/US30k/US30K/ThyroidNodule-TN3K/img/trainval1503.png,tn3k,trainval1503,tn3k_trainval1503,png
/home/user/data/phyusformer_data/post_miccai_exps/data/US30k/US30K/ThyroidNodule-TN3K/img/trainval1504.png,tn3k,trainval1504,tn3k_trainval1504,png
/home/user/data/phyusformer_data/post_miccai_exps/data/US30k/US30K/ThyroidNodule-TN3K/img/trainval1505.png,tn3k,trainval1505,tn3k_trainval1505,png
/home/user/data/phyusformer_data/post_miccai_exps/data/US30k/US30K/ThyroidNodule-TN3K/img/trainval1506.png,tn3k,trainval1506,tn3k_trainval1506,png
/home/user/data/phyusformer_data/post_miccai_exps/data/US30k/US30K/ThyroidNodule-TN3K/img/trainval1507.png,tn3k,trainval1507,tn3k_trainval1507,png
/home/user/data/phyusformer_data/post_miccai_exps/data/US30k/US30K/ThyroidNodule-TN3K/img/trainval1508.png,tn3k,trainval1508,tn3k_trainval1508,png
/home/user/data/phyusformer_data/post_miccai_exps/data/US30k/US30K/ThyroidNodule-TN3K/img/trainval1509.png,tn3k,trainval1509,tn3k_trainval1509,png
/home/user/data/phyusformer_data/post_miccai_exps/data/US30k/US30K/ThyroidNodule-TN3K/img/trainval1510.png,tn3k,trainval1510,tn3k_trainval1510,png
/home/user/data/phyusformer_data/post_miccai_exps/data/US30k/US30K/ThyroidNodule-TN3K/img/trainval1511.png,tn3k,trainval1511,tn3k_trainval1511,png
/home/user/data/phyusformer_data/post_miccai_exps/data/US30k/US30K/ThyroidNodule-TN3K/img/trainval1512.png,tn3k,trainval1512,tn3k_trainval1512,png
/home/user/data/phyusformer_data/post_miccai_exps/data/US30k/US30K/ThyroidNodule-TN3K/img/trainval1513.png,tn3k,trainval1513,tn3k_trainval1513,png
/home/user/data/phyusformer_data/post_miccai_exps/data/US30k/US30K/ThyroidNodule-TN3K/img/trainval1514.png,tn3k,trainval1514,tn3k_trainval1514,png
/home/user/data/phyusformer_data/post_miccai_exps/data/US30k/US30K/ThyroidNodule-TN3K/img/trainval1515.png,tn3k,trainval1515,tn3k_trainval1515,png
/home/user/data/phyusformer_data/post_miccai_exps/data/US30k/US30K/ThyroidNodule-TN3K/img/trainval1516.png,tn3k,trainval1516,tn3k_trainval1516,png
/home/user/data/phyusformer_data/post_miccai_exps/data/US30k/US30K/ThyroidNodule-TN3K/img/trainval1517.png,tn3k,trainval1517,tn3k_trainval1517,png
/home/user/data/phyusformer_data/post_miccai_exps/data/US30k/US30K/ThyroidNodule-TN3K/img/trainval1518.png,tn3k,trainval1518,tn3k_trainval1518,png
/home/user/data/phyusformer_data/post_miccai_exps/data/US30k/US30K/ThyroidNodule-TN3K/img/trainval1519.png,tn3k,trainval1519,tn3k_trainval1519,png
/home/user/data/phyusformer_data/post_miccai_exps/data/US30k/US30K/ThyroidNodule-TN3K/img/trainval1520.png,tn3k,trainval1520,tn3k_trainval1520,png
/home/user/data/phyusformer_data/post_miccai_exps/data/US30k/US30K/ThyroidNodule-TN3K/img/trainval1521.png,tn3k,trainval1521,tn3k_trainval1521,png
/home/user/data/phyusformer_data/post_miccai_exps/data/US30k/US30K/ThyroidNodule-TN3K/img/trainval1522.png,tn3k,trainval1522,tn3k_trainval1522,png
/home/user/data/phyusformer_data/post_miccai_exps/data/US30k/US30K/ThyroidNodule-TN3K/img/trainval1523.png,tn3k,trainval1523,tn3k_trainval1523,png
/home/user/data/phyusformer_data/post_miccai_exps/data/US30k/US30K/ThyroidNodule-TN3K/img/trainval1524.png,tn3k,trainval1524,tn3k_trainval1524,png
/home/user/data/phyusformer_data/post_miccai_exps/data/US30k/US30K/ThyroidNodule-TN3K/img/trainval1525.png,tn3k,trainval1525,tn3k_trainval1525,png
/home/user/data/phyusformer_data/post_miccai_exps/data/US30k/US30K/ThyroidNodule-TN3K/img/trainval1526.png,tn3k,trainval1526,tn3k_trainval1526,png
/home/user/data/phyusformer_data/post_miccai_exps/data/US30k/US30K/ThyroidNodule-TN3K/img/trainval1527.png,tn3k,trainval1527,tn3k_trainval1527,png
/home/user/data/phyusformer_data/post_miccai_exps/data/US30k/US30K/ThyroidNodule-TN3K/img/trainval1528.png,tn3k,trainval1528,tn3k_trainval1528,png
/home/user/data/phyusformer_data/post_miccai_exps/data/US30k/US30K/ThyroidNodule-TN3K/img/trainval1529.png,tn3k,trainval1529,tn3k_trainval1529,png
/home/user/data/phyusformer_data/post_miccai_exps/data/US30k/US30K/ThyroidNodule-TN3K/img/trainval1530.png,tn3k,trainval1530,tn3k_trainval1530,png
/home/user/data/phyusformer_data/post_miccai_exps/data/US30k/US30K/ThyroidNodule-TN3K/img/trainval1531.png,tn3k,trainval1531,tn3k_trainval1531,png
/home/user/data/phyusformer_data/post_miccai_exps/data/US30k/US30K/ThyroidNodule-TN3K/img/trainval1532.png,tn3k,trainval1532,tn3k_trainval1532,png
/home/user/data/phyusformer_data/post_miccai_exps/data/US30k/US30K/ThyroidNodule-TN3K/img/trainval1533.png,tn3k,trainval1533,tn3k_trainval1533,png
/home/user/data/phyusformer_data/post_miccai_exps/data/US30k/US30K/ThyroidNodule-TN3K/img/trainval1534.png,tn3k,trainval1534,tn3k_trainval1534,png
/home/user/data/phyusformer_data/post_miccai_exps/data/US30k/US30K/ThyroidNodule-TN3K/img/trainval1535.png,tn3k,trainval1535,tn3k_trainval1535,png
/home/user/data/phyusformer_data/post_miccai_exps/data/US30k/US30K/ThyroidNodule-TN3K/img/trainval1536.png,tn3k,trainval1536,tn3k_trainval1536,png
/home/user/data/phyusformer_data/post_miccai_exps/data/US30k/US30K/ThyroidNodule-TN3K/img/trainval1537.png,tn3k,trainval1537,tn3k_trainval1537,png
/home/user/data/phyusformer_data/post_miccai_exps/data/US30k/US30K/ThyroidNodule-TN3K/img/trainval1538.png,tn3k,trainval1538,tn3k_trainval1538,png
/home/user/data/phyusformer_data/post_miccai_exps/data/US30k/US30K/ThyroidNodule-TN3K/img/trainval1539.png,tn3k,trainval1539,tn3k_trainval1539,png
/home/user/data/phyusformer_data/post_miccai_exps/data/US30k/US30K/ThyroidNodule-TN3K/img/trainval1540.png,tn3k,trainval1540,tn3k_trainval1540,png
/home/user/data/phyusformer_data/post_miccai_exps/data/US30k/US30K/ThyroidNodule-TN3K/img/trainval1541.png,tn3k,trainval1541,tn3k_trainval1541,png
/home/user/data/phyusformer_data/post_miccai_exps/data/US30k/US30K/ThyroidNodule-TN3K/img/trainval1542.png,tn3k,trainval1542,tn3k_trainval1542,png
/home/user/data/phyusformer_data/post_miccai_exps/data/US30k/US30K/ThyroidNodule-TN3K/img/trainval1543.png,tn3k,trainval1543,tn3k_trainval1543,png
/home/user/data/phyusformer_data/post_miccai_exps/data/US30k/US30K/ThyroidNodule-TN3K/img/trainval1544.png,tn3k,trainval1544,tn3k_trainval1544,png
/home/user/data/phyusformer_data/post_miccai_exps/data/US30k/US30K/ThyroidNodule-TN3K/img/trainval1545.png,tn3k,trainval1545,tn3k_trainval1545,png
/home/user/data/phyusformer_data/post_miccai_exps/data/US30k/US30K/ThyroidNodule-TN3K/img/trainval1546.png,tn3k,trainval1546,tn3k_trainval1546,png
/home/user/data/phyusformer_data/post_miccai_exps/data/US30k/US30K/ThyroidNodule-TN3K/img/trainval1547.png,tn3k,trainval1547,tn3k_trainval1547,png
/home/user/data/phyusformer_data/post_miccai_exps/data/US30k/US30K/ThyroidNodule-TN3K/img/trainval1548.png,tn3k,trainval1548,tn3k_trainval1548,png
/home/user/data/phyusformer_data/post_miccai_exps/data/US30k/US30K/ThyroidNodule-TN3K/img/trainval1549.png,tn3k,trainval1549,tn3k_trainval1549,png
/home/user/data/phyusformer_data/post_miccai_exps/data/US30k/US30K/ThyroidNodule-TN3K/img/trainval1550.png,tn3k,trainval1550,tn3k_trainval1550,png
/home/user/data/phyusformer_data/post_miccai_exps/data/US30k/US30K/ThyroidNodule-TN3K/img/trainval1551.png,tn3k,trainval1551,tn3k_trainval1551,png
/home/user/data/phyusformer_data/post_miccai_exps/data/US30k/US30K/ThyroidNodule-TN3K/img/trainval1552.png,tn3k,trainval1552,tn3k_trainval1552,png
/home/user/data/phyusformer_data/post_miccai_exps/data/US30k/US30K/ThyroidNodule-TN3K/img/trainval1553.png,tn3k,trainval1553,tn3k_trainval1553,png
/home/user/data/phyusformer_data/post_miccai_exps/data/US30k/US30K/ThyroidNodule-TN3K/img/trainval1554.png,tn3k,trainval1554,tn3k_trainval1554,png
/home/user/data/phyusformer_data/post_miccai_exps/data/US30k/US30K/ThyroidNodule-TN3K/img/trainval1555.png,tn3k,trainval1555,tn3k_trainval1555,png
/home/user/data/phyusformer_data/post_miccai_exps/data/US30k/US30K/ThyroidNodule-TN3K/img/trainval1556.png,tn3k,trainval1556,tn3k_trainval1556,png
/home/user/data/phyusformer_data/post_miccai_exps/data/US30k/US30K/ThyroidNodule-TN3K/img/trainval1557.png,tn3k,trainval1557,tn3k_trainval1557,png
/home/user/data/phyusformer_data/post_miccai_exps/data/US30k/US30K/ThyroidNodule-TN3K/img/trainval1558.png,tn3k,trainval1558,tn3k_trainval1558,png
/home/user/data/phyusformer_data/post_miccai_exps/data/US30k/US30K/ThyroidNodule-TN3K/img/trainval1559.png,tn3k,trainval1559,tn3k_trainval1559,png
/home/user/data/phyusformer_data/post_miccai_exps/data/US30k/US30K/ThyroidNodule-TN3K/img/trainval1560.png,tn3k,trainval1560,tn3k_trainval1560,png
/home/user/data/phyusformer_data/post_miccai_exps/data/US30k/US30K/ThyroidNodule-TN3K/img/trainval1561.png,tn3k,trainval1561,tn3k_trainval1561,png
/home/user/data/phyusformer_data/post_miccai_exps/data/US30k/US30K/ThyroidNodule-TN3K/img/trainval1562.png,tn3k,trainval1562,tn3k_trainval1562,png
/home/user/data/phyusformer_data/post_miccai_exps/data/US30k/US30K/ThyroidNodule-TN3K/img/trainval1563.png,tn3k,trainval1563,tn3k_trainval1563,png
/home/user/data/phyusformer_data/post_miccai_exps/data/US30k/US30K/ThyroidNodule-TN3K/img/trainval1564.png,tn3k,trainval1564,tn3k_trainval1564,png
/home/user/data/phyusformer_data/post_miccai_exps/data/US30k/US30K/ThyroidNodule-TN3K/img/trainval1565.png,tn3k,trainval1565,tn3k_trainval1565,png
/home/user/data/phyusformer_data/post_miccai_exps/data/US30k/US30K/ThyroidNodule-TN3K/img/trainval1566.png,tn3k,trainval1566,tn3k_trainval1566,png
/home/user/data/phyusformer_data/post_miccai_exps/data/US30k/US30K/ThyroidNodule-TN3K/img/trainval1567.png,tn3k,trainval1567,tn3k_trainval1567,png
/home/user/data/phyusformer_data/post_miccai_exps/data/US30k/US30K/ThyroidNodule-TN3K/img/trainval1568.png,tn3k,trainval1568,tn3k_trainval1568,png
/home/user/data/phyusformer_data/post_miccai_exps/data/US30k/US30K/ThyroidNodule-TN3K/img/trainval1569.png,tn3k,trainval1569,tn3k_trainval1569,png
/home/user/data/phyusformer_data/post_miccai_exps/data/US30k/US30K/ThyroidNodule-TN3K/img/trainval1570.png,tn3k,trainval1570,tn3k_trainval1570,png
/home/user/data/phyusformer_data/post_miccai_exps/data/US30k/US30K/ThyroidNodule-TN3K/img/trainval1571.png,tn3k,trainval1571,tn3k_trainval1571,png
/home/user/data/phyusformer_data/post_miccai_exps/data/US30k/US30K/ThyroidNodule-TN3K/img/trainval1572.png,tn3k,trainval1572,tn3k_trainval1572,png
/home/user/data/phyusformer_data/post_miccai_exps/data/US30k/US30K/ThyroidNodule-TN3K/img/trainval1573.png,tn3k,trainval1573,tn3k_trainval1573,png
/home/user/data/phyusformer_data/post_miccai_exps/data/US30k/US30K/ThyroidNodule-TN3K/img/trainval1574.png,tn3k,trainval1574,tn3k_trainval1574,png
/home/user/data/phyusformer_data/post_miccai_exps/data/US30k/US30K/ThyroidNodule-TN3K/img/trainval1575.png,tn3k,trainval1575,tn3k_trainval1575,png
/home/user/data/phyusformer_data/post_miccai_exps/data/US30k/US30K/ThyroidNodule-TN3K/img/trainval1576.png,tn3k,trainval1576,tn3k_trainval1576,png
/home/user/data/phyusformer_data/post_miccai_exps/data/US30k/US30K/ThyroidNodule-TN3K/img/trainval1577.png,tn3k,trainval1577,tn3k_trainval1577,png
/home/user/data/phyusformer_data/post_miccai_exps/data/US30k/US30K/ThyroidNodule-TN3K/img/trainval1578.png,tn3k,trainval1578,tn3k_trainval1578,png
/home/user/data/phyusformer_data/post_miccai_exps/data/US30k/US30K/ThyroidNodule-TN3K/img/trainval1579.png,tn3k,trainval1579,tn3k_trainval1579,png
/home/user/data/phyusformer_data/post_miccai_exps/data/US30k/US30K/ThyroidNodule-TN3K/img/trainval1580.png,tn3k,trainval1580,tn3k_trainval1580,png
/home/user/data/phyusformer_data/post_miccai_exps/data/US30k/US30K/ThyroidNodule-TN3K/img/trainval1581.png,tn3k,trainval1581,tn3k_trainval1581,png
/home/user/data/phyusformer_data/post_miccai_exps/data/US30k/US30K/ThyroidNodule-TN3K/img/trainval1582.png,tn3k,trainval1582,tn3k_trainval1582,png
/home/user/data/phyusformer_data/post_miccai_exps/data/US30k/US30K/ThyroidNodule-TN3K/img/trainval1583.png,tn3k,trainval1583,tn3k_trainval1583,png
/home/user/data/phyusformer_data/post_miccai_exps/data/US30k/US30K/ThyroidNodule-TN3K/img/trainval1584.png,tn3k,trainval1584,tn3k_trainval1584,png
/home/user/data/phyusformer_data/post_miccai_exps/data/US30k/US30K/ThyroidNodule-TN3K/img/trainval1585.png,tn3k,trainval1585,tn3k_trainval1585,png
/home/user/data/phyusformer_data/post_miccai_exps/data/US30k/US30K/ThyroidNodule-TN3K/img/trainval1586.png,tn3k,trainval1586,tn3k_trainval1586,png
/home/user/data/phyusformer_data/post_miccai_exps/data/US30k/US30K/ThyroidNodule-TN3K/img/trainval1587.png,tn3k,trainval1587,tn3k_trainval1587,png
/home/user/data/phyusformer_data/post_miccai_exps/data/US30k/US30K/ThyroidNodule-TN3K/img/trainval1588.png,tn3k,trainval1588,tn3k_trainval1588,png
/home/user/data/phyusformer_data/post_miccai_exps/data/US30k/US30K/ThyroidNodule-TN3K/img/trainval1589.png,tn3k,trainval1589,tn3k_trainval1589,png
/home/user/data/phyusformer_data/post_miccai_exps/data/US30k/US30K/ThyroidNodule-TN3K/img/trainval1590.png,tn3k,trainval1590,tn3k_trainval1590,png
/home/user/data/phyusformer_data/post_miccai_exps/data/US30k/US30K/ThyroidNodule-TN3K/img/trainval1591.png,tn3k,trainval1591,tn3k_trainval1591,png
/home/user/data/phyusformer_data/post_miccai_exps/data/US30k/US30K/ThyroidNodule-TN3K/img/trainval1592.png,tn3k,trainval1592,tn3k_trainval1592,png
/home/user/data/phyusformer_data/post_miccai_exps/data/US30k/US30K/ThyroidNodule-TN3K/img/trainval1593.png,tn3k,trainval1593,tn3k_trainval1593,png
/home/user/data/phyusformer_data/post_miccai_exps/data/US30k/US30K/ThyroidNodule-TN3K/img/trainval1594.png,tn3k,trainval1594,tn3k_trainval1594,png
/home/user/data/phyusformer_data/post_miccai_exps/data/US30k/US30K/ThyroidNodule-TN3K/img/trainval1595.png,tn3k,trainval1595,tn3k_trainval1595,png
/home/user/data/phyusformer_data/post_miccai_exps/data/US30k/US30K/ThyroidNodule-TN3K/img/trainval1596.png,tn3k,trainval1596,tn3k_trainval1596,png
/home/user/data/phyusformer_data/post_miccai_exps/data/US30k/US30K/ThyroidNodule-TN3K/img/trainval1597.png,tn3k,trainval1597,tn3k_trainval1597,png
/home/user/data/phyusformer_data/post_miccai_exps/data/US30k/US30K/ThyroidNodule-TN3K/img/trainval1598.png,tn3k,trainval1598,tn3k_trainval1598,png
/home/user/data/phyusformer_data/post_miccai_exps/data/US30k/US30K/ThyroidNodule-TN3K/img/trainval1599.png,tn3k,trainval1599,tn3k_trainval1599,png
/home/user/data/phyusformer_data/post_miccai_exps/data/US30k/US30K/ThyroidNodule-TN3K/img/trainval1600.png,tn3k,trainval1600,tn3k_trainval1600,png
/home/user/data/phyusformer_data/post_miccai_exps/data/US30k/US30K/ThyroidNodule-TN3K/img/trainval1601.png,tn3k,trainval1601,tn3k_trainval1601,png
/home/user/data/phyusformer_data/post_miccai_exps/data/US30k/US30K/ThyroidNodule-TN3K/img/trainval1602.png,tn3k,trainval1602,tn3k_trainval1602,png
/home/user/data/phyusformer_data/post_miccai_exps/data/US30k/US30K/ThyroidNodule-TN3K/img/trainval1603.png,tn3k,trainval1603,tn3k_trainval1603,png
/home/user/data/phyusformer_data/post_miccai_exps/data/US30k/US30K/ThyroidNodule-TN3K/img/trainval1604.png,tn3k,trainval1604,tn3k_trainval1604,png
/home/user/data/phyusformer_data/post_miccai_exps/data/US30k/US30K/ThyroidNodule-TN3K/img/trainval1605.png,tn3k,trainval1605,tn3k_trainval1605,png
/home/user/data/phyusformer_data/post_miccai_exps/data/US30k/US30K/ThyroidNodule-TN3K/img/trainval1606.png,tn3k,trainval1606,tn3k_trainval1606,png
/home/user/data/phyusformer_data/post_miccai_exps/data/US30k/US30K/ThyroidNodule-TN3K/img/trainval1607.png,tn3k,trainval1607,tn3k_trainval1607,png
/home/user/data/phyusformer_data/post_miccai_exps/data/US30k/US30K/ThyroidNodule-TN3K/img/trainval1608.png,tn3k,trainval1608,tn3k_trainval1608,png
/home/user/data/phyusformer_data/post_miccai_exps/data/US30k/US30K/ThyroidNodule-TN3K/img/trainval1609.png,tn3k,trainval1609,tn3k_trainval1609,png
/home/user/data/phyusformer_data/post_miccai_exps/data/US30k/US30K/ThyroidNodule-TN3K/img/trainval1610.png,tn3k,trainval1610,tn3k_trainval1610,png
/home/user/data/phyusformer_data/post_miccai_exps/data/US30k/US30K/ThyroidNodule-TN3K/img/trainval1611.png,tn3k,trainval1611,tn3k_trainval1611,png
/home/user/data/phyusformer_data/post_miccai_exps/data/US30k/US30K/ThyroidNodule-TN3K/img/trainval1612.png,tn3k,trainval1612,tn3k_trainval1612,png
/home/user/data/phyusformer_data/post_miccai_exps/data/US30k/US30K/ThyroidNodule-TN3K/img/trainval1613.png,tn3k,trainval1613,tn3k_trainval1613,png
/home/user/data/phyusformer_data/post_miccai_exps/data/US30k/US30K/ThyroidNodule-TN3K/img/trainval1614.png,tn3k,trainval1614,tn3k_trainval1614,png
/home/user/data/phyusformer_data/post_miccai_exps/data/US30k/US30K/ThyroidNodule-TN3K/img/trainval1615.png,tn3k,trainval1615,tn3k_trainval1615,png
/home/user/data/phyusformer_data/post_miccai_exps/data/US30k/US30K/ThyroidNodule-TN3K/img/trainval1616.png,tn3k,trainval1616,tn3k_trainval1616,png
/home/user/data/phyusformer_data/post_miccai_exps/data/US30k/US30K/ThyroidNodule-TN3K/img/trainval1617.png,tn3k,trainval1617,tn3k_trainval1617,png
/home/user/data/phyusformer_data/post_miccai_exps/data/US30k/US30K/ThyroidNodule-TN3K/img/trainval1618.png,tn3k,trainval1618,tn3k_trainval1618,png
/home/user/data/phyusformer_data/post_miccai_exps/data/US30k/US30K/ThyroidNodule-TN3K/img/trainval1619.png,tn3k,trainval1619,tn3k_trainval1619,png
/home/user/data/phyusformer_data/post_miccai_exps/data/US30k/US30K/ThyroidNodule-TN3K/img/trainval1620.png,tn3k,trainval1620,tn3k_trainval1620,png
/home/user/data/phyusformer_data/post_miccai_exps/data/US30k/US30K/ThyroidNodule-TN3K/img/trainval1621.png,tn3k,trainval1621,tn3k_trainval1621,png
/home/user/data/phyusformer_data/post_miccai_exps/data/US30k/US30K/ThyroidNodule-TN3K/img/trainval1622.png,tn3k,trainval1622,tn3k_trainval1622,png
/home/user/data/phyusformer_data/post_miccai_exps/data/US30k/US30K/ThyroidNodule-TN3K/img/trainval1623.png,tn3k,trainval1623,tn3k_trainval1623,png
/home/user/data/phyusformer_data/post_miccai_exps/data/US30k/US30K/ThyroidNodule-TN3K/img/trainval1624.png,tn3k,trainval1624,tn3k_trainval1624,png
/home/user/data/phyusformer_data/post_miccai_exps/data/US30k/US30K/ThyroidNodule-TN3K/img/trainval1625.png,tn3k,trainval1625,tn3k_trainval1625,png
/home/user/data/phyusformer_data/post_miccai_exps/data/US30k/US30K/ThyroidNodule-TN3K/img/trainval1626.png,tn3k,trainval1626,tn3k_trainval1626,png
/home/user/data/phyusformer_data/post_miccai_exps/data/US30k/US30K/ThyroidNodule-TN3K/img/trainval1627.png,tn3k,trainval1627,tn3k_trainval1627,png
/home/user/data/phyusformer_data/post_miccai_exps/data/US30k/US30K/ThyroidNodule-TN3K/img/trainval1628.png,tn3k,trainval1628,tn3k_trainval1628,png
/home/user/data/phyusformer_data/post_miccai_exps/data/US30k/US30K/ThyroidNodule-TN3K/img/trainval1629.png,tn3k,trainval1629,tn3k_trainval1629,png
/home/user/data/phyusformer_data/post_miccai_exps/data/US30k/US30K/ThyroidNodule-TN3K/img/trainval1630.png,tn3k,trainval1630,tn3k_trainval1630,png
/home/user/data/phyusformer_data/post_miccai_exps/data/US30k/US30K/ThyroidNodule-TN3K/img/trainval1631.png,tn3k,trainval1631,tn3k_trainval1631,png
/home/user/data/phyusformer_data/post_miccai_exps/data/US30k/US30K/ThyroidNodule-TN3K/img/trainval1632.png,tn3k,trainval1632,tn3k_trainval1632,png
/home/user/data/phyusformer_data/post_miccai_exps/data/US30k/US30K/ThyroidNodule-TN3K/img/trainval1633.png,tn3k,trainval1633,tn3k_trainval1633,png
/home/user/data/phyusformer_data/post_miccai_exps/data/US30k/US30K/ThyroidNodule-TN3K/img/trainval1634.png,tn3k,trainval1634,tn3k_trainval1634,png
/home/user/data/phyusformer_data/post_miccai_exps/data/US30k/US30K/ThyroidNodule-TN3K/img/trainval1635.png,tn3k,trainval1635,tn3k_trainval1635,png
/home/user/data/phyusformer_data/post_miccai_exps/data/US30k/US30K/ThyroidNodule-TN3K/img/trainval1636.png,tn3k,trainval1636,tn3k_trainval1636,png
/home/user/data/phyusformer_data/post_miccai_exps/data/US30k/US30K/ThyroidNodule-TN3K/img/trainval1637.png,tn3k,trainval1637,tn3k_trainval1637,png
/home/user/data/phyusformer_data/post_miccai_exps/data/US30k/US30K/ThyroidNodule-TN3K/img/trainval1638.png,tn3k,trainval1638,tn3k_trainval1638,png
/home/user/data/phyusformer_data/post_miccai_exps/data/US30k/US30K/ThyroidNodule-TN3K/img/trainval1639.png,tn3k,trainval1639,tn3k_trainval1639,png
/home/user/data/phyusformer_data/post_miccai_exps/data/US30k/US30K/ThyroidNodule-TN3K/img/trainval1640.png,tn3k,trainval1640,tn3k_trainval1640,png
/home/user/data/phyusformer_data/post_miccai_exps/data/US30k/US30K/ThyroidNodule-TN3K/img/trainval1641.png,tn3k,trainval1641,tn3k_trainval1641,png
/home/user/data/phyusformer_data/post_miccai_exps/data/US30k/US30K/ThyroidNodule-TN3K/img/trainval1642.png,tn3k,trainval1642,tn3k_trainval1642,png
/home/user/data/phyusformer_data/post_miccai_exps/data/US30k/US30K/ThyroidNodule-TN3K/img/trainval1643.png,tn3k,trainval1643,tn3k_trainval1643,png
/home/user/data/phyusformer_data/post_miccai_exps/data/US30k/US30K/ThyroidNodule-TN3K/img/trainval1644.png,tn3k,trainval1644,tn3k_trainval1644,png
/home/user/data/phyusformer_data/post_miccai_exps/data/US30k/US30K/ThyroidNodule-TN3K/img/trainval1645.png,tn3k,trainval1645,tn3k_trainval1645,png
/home/user/data/phyusformer_data/post_miccai_exps/data/US30k/US30K/ThyroidNodule-TN3K/img/trainval1646.png,tn3k,trainval1646,tn3k_trainval1646,png
/home/user/data/phyusformer_data/post_miccai_exps/data/US30k/US30K/ThyroidNodule-TN3K/img/trainval1647.png,tn3k,trainval1647,tn3k_trainval1647,png
/home/user/data/phyusformer_data/post_miccai_exps/data/US30k/US30K/ThyroidNodule-TN3K/img/trainval1648.png,tn3k,trainval1648,tn3k_trainval1648,png
/home/user/data/phyusformer_data/post_miccai_exps/data/US30k/US30K/ThyroidNodule-TN3K/img/trainval1649.png,tn3k,trainval1649,tn3k_trainval1649,png
/home/user/data/phyusformer_data/post_miccai_exps/data/US30k/US30K/ThyroidNodule-TN3K/img/trainval1650.png,tn3k,trainval1650,tn3k_trainval1650,png
/home/user/data/phyusformer_data/post_miccai_exps/data/US30k/US30K/ThyroidNodule-TN3K/img/trainval1651.png,tn3k,trainval1651,tn3k_trainval1651,png
/home/user/data/phyusformer_data/post_miccai_exps/data/US30k/US30K/ThyroidNodule-TN3K/img/trainval1652.png,tn3k,trainval1652,tn3k_trainval1652,png
/home/user/data/phyusformer_data/post_miccai_exps/data/US30k/US30K/ThyroidNodule-TN3K/img/trainval1653.png,tn3k,trainval1653,tn3k_trainval1653,png
/home/user/data/phyusformer_data/post_miccai_exps/data/US30k/US30K/ThyroidNodule-TN3K/img/trainval1654.png,tn3k,trainval1654,tn3k_trainval1654,png
/home/user/data/phyusformer_data/post_miccai_exps/data/US30k/US30K/ThyroidNodule-TN3K/img/trainval1655.png,tn3k,trainval1655,tn3k_trainval1655,png
/home/user/data/phyusformer_data/post_miccai_exps/data/US30k/US30K/ThyroidNodule-TN3K/img/trainval1656.png,tn3k,trainval1656,tn3k_trainval1656,png
/home/user/data/phyusformer_data/post_miccai_exps/data/US30k/US30K/ThyroidNodule-TN3K/img/trainval1657.png,tn3k,trainval1657,tn3k_trainval1657,png
/home/user/data/phyusformer_data/post_miccai_exps/data/US30k/US30K/ThyroidNodule-TN3K/img/trainval1658.png,tn3k,trainval1658,tn3k_trainval1658,png
/home/user/data/phyusformer_data/post_miccai_exps/data/US30k/US30K/ThyroidNodule-TN3K/img/trainval1659.png,tn3k,trainval1659,tn3k_trainval1659,png
/home/user/data/phyusformer_data/post_miccai_exps/data/US30k/US30K/ThyroidNodule-TN3K/img/trainval1660.png,tn3k,trainval1660,tn3k_trainval1660,png
/home/user/data/phyusformer_data/post_miccai_exps/data/US30k/US30K/ThyroidNodule-TN3K/img/trainval1661.png,tn3k,trainval1661,tn3k_trainval1661,png
/home/user/data/phyusformer_data/post_miccai_exps/data/US30k/US30K/ThyroidNodule-TN3K/img/trainval1662.png,tn3k,trainval1662,tn3k_trainval1662,png
/home/user/data/phyusformer_data/post_miccai_exps/data/US30k/US30K/ThyroidNodule-TN3K/img/trainval1663.png,tn3k,trainval1663,tn3k_trainval1663,png
/home/user/data/phyusformer_data/post_miccai_exps/data/US30k/US30K/ThyroidNodule-TN3K/img/trainval1664.png,tn3k,trainval1664,tn3k_trainval1664,png
/home/user/data/phyusformer_data/post_miccai_exps/data/US30k/US30K/ThyroidNodule-TN3K/img/trainval1665.png,tn3k,trainval1665,tn3k_trainval1665,png
/home/user/data/phyusformer_data/post_miccai_exps/data/US30k/US30K/ThyroidNodule-TN3K/img/trainval1666.png,tn3k,trainval1666,tn3k_trainval1666,png
/home/user/data/phyusformer_data/post_miccai_exps/data/US30k/US30K/ThyroidNodule-TN3K/img/trainval1667.png,tn3k,trainval1667,tn3k_trainval1667,png
/home/user/data/phyusformer_data/post_miccai_exps/data/US30k/US30K/ThyroidNodule-TN3K/img/trainval1668.png,tn3k,trainval1668,tn3k_trainval1668,png
/home/user/data/phyusformer_data/post_miccai_exps/data/US30k/US30K/ThyroidNodule-TN3K/img/trainval1669.png,tn3k,trainval1669,tn3k_trainval1669,png
/home/user/data/phyusformer_data/post_miccai_exps/data/US30k/US30K/ThyroidNodule-TN3K/img/trainval1670.png,tn3k,trainval1670,tn3k_trainval1670,png
/home/user/data/phyusformer_data/post_miccai_exps/data/US30k/US30K/ThyroidNodule-TN3K/img/trainval1671.png,tn3k,trainval1671,tn3k_trainval1671,png
/home/user/data/phyusformer_data/post_miccai_exps/data/US30k/US30K/ThyroidNodule-TN3K/img/trainval1672.png,tn3k,trainval1672,tn3k_trainval1672,png
/home/user/data/phyusformer_data/post_miccai_exps/data/US30k/US30K/ThyroidNodule-TN3K/img/trainval1673.png,tn3k,trainval1673,tn3k_trainval1673,png
/home/user/data/phyusformer_data/post_miccai_exps/data/US30k/US30K/ThyroidNodule-TN3K/img/trainval1674.png,tn3k,trainval1674,tn3k_trainval1674,png
/home/user/data/phyusformer_data/post_miccai_exps/data/US30k/US30K/ThyroidNodule-TN3K/img/trainval1675.png,tn3k,trainval1675,tn3k_trainval1675,png
/home/user/data/phyusformer_data/post_miccai_exps/data/US30k/US30K/ThyroidNodule-TN3K/img/trainval1676.png,tn3k,trainval1676,tn3k_trainval1676,png
/home/user/data/phyusformer_data/post_miccai_exps/data/US30k/US30K/ThyroidNodule-TN3K/img/trainval1677.png,tn3k,trainval1677,tn3k_trainval1677,png
/home/user/data/phyusformer_data/post_miccai_exps/data/US30k/US30K/ThyroidNodule-TN3K/img/trainval1678.png,tn3k,trainval1678,tn3k_trainval1678,png
/home/user/data/phyusformer_data/post_miccai_exps/data/US30k/US30K/ThyroidNodule-TN3K/img/trainval1679.png,tn3k,trainval1679,tn3k_trainval1679,png
/home/user/data/phyusformer_data/post_miccai_exps/data/US30k/US30K/ThyroidNodule-TN3K/img/trainval1680.png,tn3k,trainval1680,tn3k_trainval1680,png
/home/user/data/phyusformer_data/post_miccai_exps/data/US30k/US30K/ThyroidNodule-TN3K/img/trainval1681.png,tn3k,trainval1681,tn3k_trainval1681,png
/home/user/data/phyusformer_data/post_miccai_exps/data/US30k/US30K/ThyroidNodule-TN3K/img/trainval1682.png,tn3k,trainval1682,tn3k_trainval1682,png
/home/user/data/phyusformer_data/post_miccai_exps/data/US30k/US30K/ThyroidNodule-TN3K/img/trainval1683.png,tn3k,trainval1683,tn3k_trainval1683,png
/home/user/data/phyusformer_data/post_miccai_exps/data/US30k/US30K/ThyroidNodule-TN3K/img/trainval1684.png,tn3k,trainval1684,tn3k_trainval1684,png
/home/user/data/phyusformer_data/post_miccai_exps/data/US30k/US30K/ThyroidNodule-TN3K/img/trainval1685.png,tn3k,trainval1685,tn3k_trainval1685,png
/home/user/data/phyusformer_data/post_miccai_exps/data/US30k/US30K/ThyroidNodule-TN3K/img/trainval1686.png,tn3k,trainval1686,tn3k_trainval1686,png
/home/user/data/phyusformer_data/post_miccai_exps/data/US30k/US30K/ThyroidNodule-TN3K/img/trainval1687.png,tn3k,trainval1687,tn3k_trainval1687,png
/home/user/data/phyusformer_data/post_miccai_exps/data/US30k/US30K/ThyroidNodule-TN3K/img/trainval1688.png,tn3k,trainval1688,tn3k_trainval1688,png
/home/user/data/phyusformer_data/post_miccai_exps/data/US30k/US30K/ThyroidNodule-TN3K/img/trainval1689.png,tn3k,trainval1689,tn3k_trainval1689,png
/home/user/data/phyusformer_data/post_miccai_exps/data/US30k/US30K/ThyroidNodule-TN3K/img/trainval1690.png,tn3k,trainval1690,tn3k_trainval1690,png
/home/user/data/phyusformer_data/post_miccai_exps/data/US30k/US30K/ThyroidNodule-TN3K/img/trainval1691.png,tn3k,trainval1691,tn3k_trainval1691,png
/home/user/data/phyusformer_data/post_miccai_exps/data/US30k/US30K/ThyroidNodule-TN3K/img/trainval1692.png,tn3k,trainval1692,tn3k_trainval1692,png
/home/user/data/phyusformer_data/post_miccai_exps/data/US30k/US30K/ThyroidNodule-TN3K/img/trainval1693.png,tn3k,trainval1693,tn3k_trainval1693,png
/home/user/data/phyusformer_data/post_miccai_exps/data/US30k/US30K/ThyroidNodule-TN3K/img/trainval1694.png,tn3k,trainval1694,tn3k_trainval1694,png
/home/user/data/phyusformer_data/post_miccai_exps/data/US30k/US30K/ThyroidNodule-TN3K/img/trainval1695.png,tn3k,trainval1695,tn3k_trainval1695,png
/home/user/data/phyusformer_data/post_miccai_exps/data/US30k/US30K/ThyroidNodule-TN3K/img/trainval1696.png,tn3k,trainval1696,tn3k_trainval1696,png
/home/user/data/phyusformer_data/post_miccai_exps/data/US30k/US30K/ThyroidNodule-TN3K/img/trainval1697.png,tn3k,trainval1697,tn3k_trainval1697,png
/home/user/data/phyusformer_data/post_miccai_exps/data/US30k/US30K/ThyroidNodule-TN3K/img/trainval1698.png,tn3k,trainval1698,tn3k_trainval1698,png
/home/user/data/phyusformer_data/post_miccai_exps/data/US30k/US30K/ThyroidNodule-TN3K/img/trainval1699.png,tn3k,trainval1699,tn3k_trainval1699,png
/home/user/data/phyusformer_data/post_miccai_exps/data/US30k/US30K/ThyroidNodule-TN3K/img/trainval1700.png,tn3k,trainval1700,tn3k_trainval1700,png
/home/user/data/phyusformer_data/post_miccai_exps/data/US30k/US30K/ThyroidNodule-TN3K/img/trainval1701.png,tn3k,trainval1701,tn3k_trainval1701,png
/home/user/data/phyusformer_data/post_miccai_exps/data/US30k/US30K/ThyroidNodule-TN3K/img/trainval1702.png,tn3k,trainval1702,tn3k_trainval1702,png
/home/user/data/phyusformer_data/post_miccai_exps/data/US30k/US30K/ThyroidNodule-TN3K/img/trainval1703.png,tn3k,trainval1703,tn3k_trainval1703,png
/home/user/data/phyusformer_data/post_miccai_exps/data/US30k/US30K/ThyroidNodule-TN3K/img/trainval1704.png,tn3k,trainval1704,tn3k_trainval1704,png
/home/user/data/phyusformer_data/post_miccai_exps/data/US30k/US30K/ThyroidNodule-TN3K/img/trainval1705.png,tn3k,trainval1705,tn3k_trainval1705,png
/home/user/data/phyusformer_data/post_miccai_exps/data/US30k/US30K/ThyroidNodule-TN3K/img/trainval1706.png,tn3k,trainval1706,tn3k_trainval1706,png
/home/user/data/phyusformer_data/post_miccai_exps/data/US30k/US30K/ThyroidNodule-TN3K/img/trainval1707.png,tn3k,trainval1707,tn3k_trainval1707,png
/home/user/data/phyusformer_data/post_miccai_exps/data/US30k/US30K/ThyroidNodule-TN3K/img/trainval1708.png,tn3k,trainval1708,tn3k_trainval1708,png
/home/user/data/phyusformer_data/post_miccai_exps/data/US30k/US30K/ThyroidNodule-TN3K/img/trainval1709.png,tn3k,trainval1709,tn3k_trainval1709,png
/home/user/data/phyusformer_data/post_miccai_exps/data/US30k/US30K/ThyroidNodule-TN3K/img/trainval1710.png,tn3k,trainval1710,tn3k_trainval1710,png
/home/user/data/phyusformer_data/post_miccai_exps/data/US30k/US30K/ThyroidNodule-TN3K/img/trainval1711.png,tn3k,trainval1711,tn3k_trainval1711,png
/home/user/data/phyusformer_data/post_miccai_exps/data/US30k/US30K/ThyroidNodule-TN3K/img/trainval1712.png,tn3k,trainval1712,tn3k_trainval1712,png
/home/user/data/phyusformer_data/post_miccai_exps/data/US30k/US30K/ThyroidNodule-TN3K/img/trainval1713.png,tn3k,trainval1713,tn3k_trainval1713,png
/home/user/data/phyusformer_data/post_miccai_exps/data/US30k/US30K/ThyroidNodule-TN3K/img/trainval1714.png,tn3k,trainval1714,tn3k_trainval1714,png
/home/user/data/phyusformer_data/post_miccai_exps/data/US30k/US30K/ThyroidNodule-TN3K/img/trainval1715.png,tn3k,trainval1715,tn3k_trainval1715,png
/home/user/data/phyusformer_data/post_miccai_exps/data/US30k/US30K/ThyroidNodule-TN3K/img/trainval1716.png,tn3k,trainval1716,tn3k_trainval1716,png
/home/user/data/phyusformer_data/post_miccai_exps/data/US30k/US30K/ThyroidNodule-TN3K/img/trainval1717.png,tn3k,trainval1717,tn3k_trainval1717,png
/home/user/data/phyusformer_data/post_miccai_exps/data/US30k/US30K/ThyroidNodule-TN3K/img/trainval1718.png,tn3k,trainval1718,tn3k_trainval1718,png
/home/user/data/phyusformer_data/post_miccai_exps/data/US30k/US30K/ThyroidNodule-TN3K/img/trainval1719.png,tn3k,trainval1719,tn3k_trainval1719,png
/home/user/data/phyusformer_data/post_miccai_exps/data/US30k/US30K/ThyroidNodule-TN3K/img/trainval1720.png,tn3k,trainval1720,tn3k_trainval1720,png
/home/user/data/phyusformer_data/post_miccai_exps/data/US30k/US30K/ThyroidNodule-TN3K/img/trainval1721.png,tn3k,trainval1721,tn3k_trainval1721,png
/home/user/data/phyusformer_data/post_miccai_exps/data/US30k/US30K/ThyroidNodule-TN3K/img/trainval1722.png,tn3k,trainval1722,tn3k_trainval1722,png
/home/user/data/phyusformer_data/post_miccai_exps/data/US30k/US30K/ThyroidNodule-TN3K/img/trainval1723.png,tn3k,trainval1723,tn3k_trainval1723,png
/home/user/data/phyusformer_data/post_miccai_exps/data/US30k/US30K/ThyroidNodule-TN3K/img/trainval1724.png,tn3k,trainval1724,tn3k_trainval1724,png
/home/user/data/phyusformer_data/post_miccai_exps/data/US30k/US30K/ThyroidNodule-TN3K/img/trainval1725.png,tn3k,trainval1725,tn3k_trainval1725,png
/home/user/data/phyusformer_data/post_miccai_exps/data/US30k/US30K/ThyroidNodule-TN3K/img/trainval1726.png,tn3k,trainval1726,tn3k_trainval1726,png
/home/user/data/phyusformer_data/post_miccai_exps/data/US30k/US30K/ThyroidNodule-TN3K/img/trainval1727.png,tn3k,trainval1727,tn3k_trainval1727,png
/home/user/data/phyusformer_data/post_miccai_exps/data/US30k/US30K/ThyroidNodule-TN3K/img/trainval1728.png,tn3k,trainval1728,tn3k_trainval1728,png
/home/user/data/phyusformer_data/post_miccai_exps/data/US30k/US30K/ThyroidNodule-TN3K/img/trainval1729.png,tn3k,trainval1729,tn3k_trainval1729,png
/home/user/data/phyusformer_data/post_miccai_exps/data/US30k/US30K/ThyroidNodule-TN3K/img/trainval1730.png,tn3k,trainval1730,tn3k_trainval1730,png
/home/user/data/phyusformer_data/post_miccai_exps/data/US30k/US30K/ThyroidNodule-TN3K/img/trainval1731.png,tn3k,trainval1731,tn3k_trainval1731,png
/home/user/data/phyusformer_data/post_miccai_exps/data/US30k/US30K/ThyroidNodule-TN3K/img/trainval1732.png,tn3k,trainval1732,tn3k_trainval1732,png
/home/user/data/phyusformer_data/post_miccai_exps/data/US30k/US30K/ThyroidNodule-TN3K/img/trainval1733.png,tn3k,trainval1733,tn3k_trainval1733,png
/home/user/data/phyusformer_data/post_miccai_exps/data/US30k/US30K/ThyroidNodule-TN3K/img/trainval1734.png,tn3k,trainval1734,tn3k_trainval1734,png
/home/user/data/phyusformer_data/post_miccai_exps/data/US30k/US30K/ThyroidNodule-TN3K/img/trainval1735.png,tn3k,trainval1735,tn3k_trainval1735,png
/home/user/data/phyusformer_data/post_miccai_exps/data/US30k/US30K/ThyroidNodule-TN3K/img/trainval1736.png,tn3k,trainval1736,tn3k_trainval1736,png
/home/user/data/phyusformer_data/post_miccai_exps/data/US30k/US30K/ThyroidNodule-TN3K/img/trainval1737.png,tn3k,trainval1737,tn3k_trainval1737,png
/home/user/data/phyusformer_data/post_miccai_exps/data/US30k/US30K/ThyroidNodule-TN3K/img/trainval1738.png,tn3k,trainval1738,tn3k_trainval1738,png
/home/user/data/phyusformer_data/post_miccai_exps/data/US30k/US30K/ThyroidNodule-TN3K/img/trainval1739.png,tn3k,trainval1739,tn3k_trainval1739,png
/home/user/data/phyusformer_data/post_miccai_exps/data/US30k/US30K/ThyroidNodule-TN3K/img/trainval1740.png,tn3k,trainval1740,tn3k_trainval1740,png
/home/user/data/phyusformer_data/post_miccai_exps/data/US30k/US30K/ThyroidNodule-TN3K/img/trainval1741.png,tn3k,trainval1741,tn3k_trainval1741,png
/home/user/data/phyusformer_data/post_miccai_exps/data/US30k/US30K/ThyroidNodule-TN3K/img/trainval1742.png,tn3k,trainval1742,tn3k_trainval1742,png
/home/user/data/phyusformer_data/post_miccai_exps/data/US30k/US30K/ThyroidNodule-TN3K/img/trainval1743.png,tn3k,trainval1743,tn3k_trainval1743,png
/home/user/data/phyusformer_data/post_miccai_exps/data/US30k/US30K/ThyroidNodule-TN3K/img/trainval1744.png,tn3k,trainval1744,tn3k_trainval1744,png
/home/user/data/phyusformer_data/post_miccai_exps/data/US30k/US30K/ThyroidNodule-TN3K/img/trainval1745.png,tn3k,trainval1745,tn3k_trainval1745,png
/home/user/data/phyusformer_data/post_miccai_exps/data/US30k/US30K/ThyroidNodule-TN3K/img/trainval1746.png,tn3k,trainval1746,tn3k_trainval1746,png
/home/user/data/phyusformer_data/post_miccai_exps/data/US30k/US30K/ThyroidNodule-TN3K/img/trainval1747.png,tn3k,trainval1747,tn3k_trainval1747,png
/home/user/data/phyusformer_data/post_miccai_exps/data/US30k/US30K/ThyroidNodule-TN3K/img/trainval1748.png,tn3k,trainval1748,tn3k_trainval1748,png
/home/user/data/phyusformer_data/post_miccai_exps/data/US30k/US30K/ThyroidNodule-TN3K/img/trainval1749.png,tn3k,trainval1749,tn3k_trainval1749,png
/home/user/data/phyusformer_data/post_miccai_exps/data/US30k/US30K/ThyroidNodule-TN3K/img/trainval1750.png,tn3k,trainval1750,tn3k_trainval1750,png
/home/user/data/phyusformer_data/post_miccai_exps/data/US30k/US30K/ThyroidNodule-TN3K/img/trainval1751.png,tn3k,trainval1751,tn3k_trainval1751,png
/home/user/data/phyusformer_data/post_miccai_exps/data/US30k/US30K/ThyroidNodule-TN3K/img/trainval1752.png,tn3k,trainval1752,tn3k_trainval1752,png
/home/user/data/phyusformer_data/post_miccai_exps/data/US30k/US30K/ThyroidNodule-TN3K/img/trainval1753.png,tn3k,trainval1753,tn3k_trainval1753,png
/home/user/data/phyusformer_data/post_miccai_exps/data/US30k/US30K/ThyroidNodule-TN3K/img/trainval1754.png,tn3k,trainval1754,tn3k_trainval1754,png
/home/user/data/phyusformer_data/post_miccai_exps/data/US30k/US30K/ThyroidNodule-TN3K/img/trainval1755.png,tn3k,trainval1755,tn3k_trainval1755,png
/home/user/data/phyusformer_data/post_miccai_exps/data/US30k/US30K/ThyroidNodule-TN3K/img/trainval1756.png,tn3k,trainval1756,tn3k_trainval1756,png
/home/user/data/phyusformer_data/post_miccai_exps/data/US30k/US30K/ThyroidNodule-TN3K/img/trainval1757.png,tn3k,trainval1757,tn3k_trainval1757,png
/home/user/data/phyusformer_data/post_miccai_exps/data/US30k/US30K/ThyroidNodule-TN3K/img/trainval1758.png,tn3k,trainval1758,tn3k_trainval1758,png
/home/user/data/phyusformer_data/post_miccai_exps/data/US30k/US30K/ThyroidNodule-TN3K/img/trainval1759.png,tn3k,trainval1759,tn3k_trainval1759,png
/home/user/data/phyusformer_data/post_miccai_exps/data/US30k/US30K/ThyroidNodule-TN3K/img/trainval1760.png,tn3k,trainval1760,tn3k_trainval1760,png
/home/user/data/phyusformer_data/post_miccai_exps/data/US30k/US30K/ThyroidNodule-TN3K/img/trainval1761.png,tn3k,trainval1761,tn3k_trainval1761,png
/home/user/data/phyusformer_data/post_miccai_exps/data/US30k/US30K/ThyroidNodule-TN3K/img/trainval1762.png,tn3k,trainval1762,tn3k_trainval1762,png
/home/user/data/phyusformer_data/post_miccai_exps/data/US30k/US30K/ThyroidNodule-TN3K/img/trainval1763.png,tn3k,trainval1763,tn3k_trainval1763,png
/home/user/data/phyusformer_data/post_miccai_exps/data/US30k/US30K/ThyroidNodule-TN3K/img/trainval1764.png,tn3k,trainval1764,tn3k_trainval1764,png
/home/user/data/phyusformer_data/post_miccai_exps/data/US30k/US30K/ThyroidNodule-TN3K/img/trainval1765.png,tn3k,trainval1765,tn3k_trainval1765,png
/home/user/data/phyusformer_data/post_miccai_exps/data/US30k/US30K/ThyroidNodule-TN3K/img/trainval1766.png,tn3k,trainval1766,tn3k_trainval1766,png
/home/user/data/phyusformer_data/post_miccai_exps/data/US30k/US30K/ThyroidNodule-TN3K/img/trainval1767.png,tn3k,trainval1767,tn3k_trainval1767,png
/home/user/data/phyusformer_data/post_miccai_exps/data/US30k/US30K/ThyroidNodule-TN3K/img/trainval1768.png,tn3k,trainval1768,tn3k_trainval1768,png
/home/user/data/phyusformer_data/post_miccai_exps/data/US30k/US30K/ThyroidNodule-TN3K/img/trainval1769.png,tn3k,trainval1769,tn3k_trainval1769,png
/home/user/data/phyusformer_data/post_miccai_exps/data/US30k/US30K/ThyroidNodule-TN3K/img/trainval1770.png,tn3k,trainval1770,tn3k_trainval1770,png
/home/user/data/phyusformer_data/post_miccai_exps/data/US30k/US30K/ThyroidNodule-TN3K/img/trainval1771.png,tn3k,trainval1771,tn3k_trainval1771,png
/home/user/data/phyusformer_data/post_miccai_exps/data/US30k/US30K/ThyroidNodule-TN3K/img/trainval1772.png,tn3k,trainval1772,tn3k_trainval1772,png
/home/user/data/phyusformer_data/post_miccai_exps/data/US30k/US30K/ThyroidNodule-TN3K/img/trainval1773.png,tn3k,trainval1773,tn3k_trainval1773,png
/home/user/data/phyusformer_data/post_miccai_exps/data/US30k/US30K/ThyroidNodule-TN3K/img/trainval1774.png,tn3k,trainval1774,tn3k_trainval1774,png
/home/user/data/phyusformer_data/post_miccai_exps/data/US30k/US30K/ThyroidNodule-TN3K/img/trainval1775.png,tn3k,trainval1775,tn3k_trainval1775,png
/home/user/data/phyusformer_data/post_miccai_exps/data/US30k/US30K/ThyroidNodule-TN3K/img/trainval1776.png,tn3k,trainval1776,tn3k_trainval1776,png
/home/user/data/phyusformer_data/post_miccai_exps/data/US30k/US30K/ThyroidNodule-TN3K/img/trainval1777.png,tn3k,trainval1777,tn3k_trainval1777,png
/home/user/data/phyusformer_data/post_miccai_exps/data/US30k/US30K/ThyroidNodule-TN3K/img/trainval1778.png,tn3k,trainval1778,tn3k_trainval1778,png
/home/user/data/phyusformer_data/post_miccai_exps/data/US30k/US30K/ThyroidNodule-TN3K/img/trainval1779.png,tn3k,trainval1779,tn3k_trainval1779,png
/home/user/data/phyusformer_data/post_miccai_exps/data/US30k/US30K/ThyroidNodule-TN3K/img/trainval1780.png,tn3k,trainval1780,tn3k_trainval1780,png
/home/user/data/phyusformer_data/post_miccai_exps/data/US30k/US30K/ThyroidNodule-TN3K/img/trainval1781.png,tn3k,trainval1781,tn3k_trainval1781,png
/home/user/data/phyusformer_data/post_miccai_exps/data/US30k/US30K/ThyroidNodule-TN3K/img/trainval1782.png,tn3k,trainval1782,tn3k_trainval1782,png
/home/user/data/phyusformer_data/post_miccai_exps/data/US30k/US30K/ThyroidNodule-TN3K/img/trainval1783.png,tn3k,trainval1783,tn3k_trainval1783,png
/home/user/data/phyusformer_data/post_miccai_exps/data/US30k/US30K/ThyroidNodule-TN3K/img/trainval1784.png,tn3k,trainval1784,tn3k_trainval1784,png
/home/user/data/phyusformer_data/post_miccai_exps/data/US30k/US30K/ThyroidNodule-TN3K/img/trainval1785.png,tn3k,trainval1785,tn3k_trainval1785,png
/home/user/data/phyusformer_data/post_miccai_exps/data/US30k/US30K/ThyroidNodule-TN3K/img/trainval1786.png,tn3k,trainval1786,tn3k_trainval1786,png
/home/user/data/phyusformer_data/post_miccai_exps/data/US30k/US30K/ThyroidNodule-TN3K/img/trainval1787.png,tn3k,trainval1787,tn3k_trainval1787,png
/home/user/data/phyusformer_data/post_miccai_exps/data/US30k/US30K/ThyroidNodule-TN3K/img/trainval1788.png,tn3k,trainval1788,tn3k_trainval1788,png
/home/user/data/phyusformer_data/post_miccai_exps/data/US30k/US30K/ThyroidNodule-TN3K/img/trainval1789.png,tn3k,trainval1789,tn3k_trainval1789,png
/home/user/data/phyusformer_data/post_miccai_exps/data/US30k/US30K/ThyroidNodule-TN3K/img/trainval1790.png,tn3k,trainval1790,tn3k_trainval1790,png
/home/user/data/phyusformer_data/post_miccai_exps/data/US30k/US30K/ThyroidNodule-TN3K/img/trainval1791.png,tn3k,trainval1791,tn3k_trainval1791,png
/home/user/data/phyusformer_data/post_miccai_exps/data/US30k/US30K/ThyroidNodule-TN3K/img/trainval1792.png,tn3k,trainval1792,tn3k_trainval1792,png
/home/user/data/phyusformer_data/post_miccai_exps/data/US30k/US30K/ThyroidNodule-TN3K/img/trainval1793.png,tn3k,trainval1793,tn3k_trainval1793,png
/home/user/data/phyusformer_data/post_miccai_exps/data/US30k/US30K/ThyroidNodule-TN3K/img/trainval1794.png,tn3k,trainval1794,tn3k_trainval1794,png
/home/user/data/phyusformer_data/post_miccai_exps/data/US30k/US30K/ThyroidNodule-TN3K/img/trainval1795.png,tn3k,trainval1795,tn3k_trainval1795,png
/home/user/data/phyusformer_data/post_miccai_exps/data/US30k/US30K/ThyroidNodule-TN3K/img/trainval1796.png,tn3k,trainval1796,tn3k_trainval1796,png
/home/user/data/phyusformer_data/post_miccai_exps/data/US30k/US30K/ThyroidNodule-TN3K/img/trainval1797.png,tn3k,trainval1797,tn3k_trainval1797,png
/home/user/data/phyusformer_data/post_miccai_exps/data/US30k/US30K/ThyroidNodule-TN3K/img/trainval1798.png,tn3k,trainval1798,tn3k_trainval1798,png
/home/user/data/phyusformer_data/post_miccai_exps/data/US30k/US30K/ThyroidNodule-TN3K/img/trainval1799.png,tn3k,trainval1799,tn3k_trainval1799,png
/home/user/data/phyusformer_data/post_miccai_exps/data/US30k/US30K/ThyroidNodule-TN3K/img/trainval1800.png,tn3k,trainval1800,tn3k_trainval1800,png
/home/user/data/phyusformer_data/post_miccai_exps/data/US30k/US30K/ThyroidNodule-TN3K/img/trainval1801.png,tn3k,trainval1801,tn3k_trainval1801,png
/home/user/data/phyusformer_data/post_miccai_exps/data/US30k/US30K/ThyroidNodule-TN3K/img/trainval1802.png,tn3k,trainval1802,tn3k_trainval1802,png
/home/user/data/phyusformer_data/post_miccai_exps/data/US30k/US30K/ThyroidNodule-TN3K/img/trainval1803.png,tn3k,trainval1803,tn3k_trainval1803,png
/home/user/data/phyusformer_data/post_miccai_exps/data/US30k/US30K/ThyroidNodule-TN3K/img/trainval1804.png,tn3k,trainval1804,tn3k_trainval1804,png
/home/user/data/phyusformer_data/post_miccai_exps/data/US30k/US30K/ThyroidNodule-TN3K/img/trainval1805.png,tn3k,trainval1805,tn3k_trainval1805,png
/home/user/data/phyusformer_data/post_miccai_exps/data/US30k/US30K/ThyroidNodule-TN3K/img/trainval1806.png,tn3k,trainval1806,tn3k_trainval1806,png
/home/user/data/phyusformer_data/post_miccai_exps/data/US30k/US30K/ThyroidNodule-TN3K/img/trainval1807.png,tn3k,trainval1807,tn3k_trainval1807,png
/home/user/data/phyusformer_data/post_miccai_exps/data/US30k/US30K/ThyroidNodule-TN3K/img/trainval1808.png,tn3k,trainval1808,tn3k_trainval1808,png
/home/user/data/phyusformer_data/post_miccai_exps/data/US30k/US30K/ThyroidNodule-TN3K/img/trainval1809.png,tn3k,trainval1809,tn3k_trainval1809,png
/home/user/data/phyusformer_data/post_miccai_exps/data/US30k/US30K/ThyroidNodule-TN3K/img/trainval1810.png,tn3k,trainval1810,tn3k_trainval1810,png
/home/user/data/phyusformer_data/post_miccai_exps/data/US30k/US30K/ThyroidNodule-TN3K/img/trainval1811.png,tn3k,trainval1811,tn3k_trainval1811,png
/home/user/data/phyusformer_data/post_miccai_exps/data/US30k/US30K/ThyroidNodule-TN3K/img/trainval1812.png,tn3k,trainval1812,tn3k_trainval1812,png
/home/user/data/phyusformer_data/post_miccai_exps/data/US30k/US30K/ThyroidNodule-TN3K/img/trainval1813.png,tn3k,trainval1813,tn3k_trainval1813,png
/home/user/data/phyusformer_data/post_miccai_exps/data/US30k/US30K/ThyroidNodule-TN3K/img/trainval1814.png,tn3k,trainval1814,tn3k_trainval1814,png
/home/user/data/phyusformer_data/post_miccai_exps/data/US30k/US30K/ThyroidNodule-TN3K/img/trainval1815.png,tn3k,trainval1815,tn3k_trainval1815,png
/home/user/data/phyusformer_data/post_miccai_exps/data/US30k/US30K/ThyroidNodule-TN3K/img/trainval1816.png,tn3k,trainval1816,tn3k_trainval1816,png
/home/user/data/phyusformer_data/post_miccai_exps/data/US30k/US30K/ThyroidNodule-TN3K/img/trainval1817.png,tn3k,trainval1817,tn3k_trainval1817,png
/home/user/data/phyusformer_data/post_miccai_exps/data/US30k/US30K/ThyroidNodule-TN3K/img/trainval1818.png,tn3k,trainval1818,tn3k_trainval1818,png
/home/user/data/phyusformer_data/post_miccai_exps/data/US30k/US30K/ThyroidNodule-TN3K/img/trainval1819.png,tn3k,trainval1819,tn3k_trainval1819,png
/home/user/data/phyusformer_data/post_miccai_exps/data/US30k/US30K/ThyroidNodule-TN3K/img/trainval1820.png,tn3k,trainval1820,tn3k_trainval1820,png
/home/user/data/phyusformer_data/post_miccai_exps/data/US30k/US30K/ThyroidNodule-TN3K/img/trainval1821.png,tn3k,trainval1821,tn3k_trainval1821,png
/home/user/data/phyusformer_data/post_miccai_exps/data/US30k/US30K/ThyroidNodule-TN3K/img/trainval1822.png,tn3k,trainval1822,tn3k_trainval1822,png
/home/user/data/phyusformer_data/post_miccai_exps/data/US30k/US30K/ThyroidNodule-TN3K/img/trainval1823.png,tn3k,trainval1823,tn3k_trainval1823,png
/home/user/data/phyusformer_data/post_miccai_exps/data/US30k/US30K/ThyroidNodule-TN3K/img/trainval1824.png,tn3k,trainval1824,tn3k_trainval1824,png
/home/user/data/phyusformer_data/post_miccai_exps/data/US30k/US30K/ThyroidNodule-TN3K/img/trainval1825.png,tn3k,trainval1825,tn3k_trainval1825,png
/home/user/data/phyusformer_data/post_miccai_exps/data/US30k/US30K/ThyroidNodule-TN3K/img/trainval1826.png,tn3k,trainval1826,tn3k_trainval1826,png
/home/user/data/phyusformer_data/post_miccai_exps/data/US30k/US30K/ThyroidNodule-TN3K/img/trainval1827.png,tn3k,trainval1827,tn3k_trainval1827,png
/home/user/data/phyusformer_data/post_miccai_exps/data/US30k/US30K/ThyroidNodule-TN3K/img/trainval1828.png,tn3k,trainval1828,tn3k_trainval1828,png
/home/user/data/phyusformer_data/post_miccai_exps/data/US30k/US30K/ThyroidNodule-TN3K/img/trainval1829.png,tn3k,trainval1829,tn3k_trainval1829,png
/home/user/data/phyusformer_data/post_miccai_exps/data/US30k/US30K/ThyroidNodule-TN3K/img/trainval1830.png,tn3k,trainval1830,tn3k_trainval1830,png
/home/user/data/phyusformer_data/post_miccai_exps/data/US30k/US30K/ThyroidNodule-TN3K/img/trainval1831.png,tn3k,trainval1831,tn3k_trainval1831,png
/home/user/data/phyusformer_data/post_miccai_exps/data/US30k/US30K/ThyroidNodule-TN3K/img/trainval1832.png,tn3k,trainval1832,tn3k_trainval1832,png
/home/user/data/phyusformer_data/post_miccai_exps/data/US30k/US30K/ThyroidNodule-TN3K/img/trainval1833.png,tn3k,trainval1833,tn3k_trainval1833,png
/home/user/data/phyusformer_data/post_miccai_exps/data/US30k/US30K/ThyroidNodule-TN3K/img/trainval1834.png,tn3k,trainval1834,tn3k_trainval1834,png
/home/user/data/phyusformer_data/post_miccai_exps/data/US30k/US30K/ThyroidNodule-TN3K/img/trainval1835.png,tn3k,trainval1835,tn3k_trainval1835,png
/home/user/data/phyusformer_data/post_miccai_exps/data/US30k/US30K/ThyroidNodule-TN3K/img/trainval1836.png,tn3k,trainval1836,tn3k_trainval1836,png
/home/user/data/phyusformer_data/post_miccai_exps/data/US30k/US30K/ThyroidNodule-TN3K/img/trainval1837.png,tn3k,trainval1837,tn3k_trainval1837,png
/home/user/data/phyusformer_data/post_miccai_exps/data/US30k/US30K/ThyroidNodule-TN3K/img/trainval1838.png,tn3k,trainval1838,tn3k_trainval1838,png
/home/user/data/phyusformer_data/post_miccai_exps/data/US30k/US30K/ThyroidNodule-TN3K/img/trainval1839.png,tn3k,trainval1839,tn3k_trainval1839,png
/home/user/data/phyusformer_data/post_miccai_exps/data/US30k/US30K/ThyroidNodule-TN3K/img/trainval1840.png,tn3k,trainval1840,tn3k_trainval1840,png
/home/user/data/phyusformer_data/post_miccai_exps/data/US30k/US30K/ThyroidNodule-TN3K/img/trainval1841.png,tn3k,trainval1841,tn3k_trainval1841,png
/home/user/data/phyusformer_data/post_miccai_exps/data/US30k/US30K/ThyroidNodule-TN3K/img/trainval1842.png,tn3k,trainval1842,tn3k_trainval1842,png
/home/user/data/phyusformer_data/post_miccai_exps/data/US30k/US30K/ThyroidNodule-TN3K/img/trainval1843.png,tn3k,trainval1843,tn3k_trainval1843,png
/home/user/data/phyusformer_data/post_miccai_exps/data/US30k/US30K/ThyroidNodule-TN3K/img/trainval1844.png,tn3k,trainval1844,tn3k_trainval1844,png
/home/user/data/phyusformer_data/post_miccai_exps/data/US30k/US30K/ThyroidNodule-TN3K/img/trainval1845.png,tn3k,trainval1845,tn3k_trainval1845,png
/home/user/data/phyusformer_data/post_miccai_exps/data/US30k/US30K/ThyroidNodule-TN3K/img/trainval1846.png,tn3k,trainval1846,tn3k_trainval1846,png
/home/user/data/phyusformer_data/post_miccai_exps/data/US30k/US30K/ThyroidNodule-TN3K/img/trainval1847.png,tn3k,trainval1847,tn3k_trainval1847,png
/home/user/data/phyusformer_data/post_miccai_exps/data/US30k/US30K/ThyroidNodule-TN3K/img/trainval1848.png,tn3k,trainval1848,tn3k_trainval1848,png
/home/user/data/phyusformer_data/post_miccai_exps/data/US30k/US30K/ThyroidNodule-TN3K/img/trainval1849.png,tn3k,trainval1849,tn3k_trainval1849,png
/home/user/data/phyusformer_data/post_miccai_exps/data/US30k/US30K/ThyroidNodule-TN3K/img/trainval1850.png,tn3k,trainval1850,tn3k_trainval1850,png
/home/user/data/phyusformer_data/post_miccai_exps/data/US30k/US30K/ThyroidNodule-TN3K/img/trainval1851.png,tn3k,trainval1851,tn3k_trainval1851,png
/home/user/data/phyusformer_data/post_miccai_exps/data/US30k/US30K/ThyroidNodule-TN3K/img/trainval1852.png,tn3k,trainval1852,tn3k_trainval1852,png
/home/user/data/phyusformer_data/post_miccai_exps/data/US30k/US30K/ThyroidNodule-TN3K/img/trainval1853.png,tn3k,trainval1853,tn3k_trainval1853,png
/home/user/data/phyusformer_data/post_miccai_exps/data/US30k/US30K/ThyroidNodule-TN3K/img/trainval1854.png,tn3k,trainval1854,tn3k_trainval1854,png
/home/user/data/phyusformer_data/post_miccai_exps/data/US30k/US30K/ThyroidNodule-TN3K/img/trainval1855.png,tn3k,trainval1855,tn3k_trainval1855,png
/home/user/data/phyusformer_data/post_miccai_exps/data/US30k/US30K/ThyroidNodule-TN3K/img/trainval1856.png,tn3k,trainval1856,tn3k_trainval1856,png
/home/user/data/phyusformer_data/post_miccai_exps/data/US30k/US30K/ThyroidNodule-TN3K/img/trainval1857.png,tn3k,trainval1857,tn3k_trainval1857,png
/home/user/data/phyusformer_data/post_miccai_exps/data/US30k/US30K/ThyroidNodule-TN3K/img/trainval1858.png,tn3k,trainval1858,tn3k_trainval1858,png
/home/user/data/phyusformer_data/post_miccai_exps/data/US30k/US30K/ThyroidNodule-TN3K/img/trainval1859.png,tn3k,trainval1859,tn3k_trainval1859,png
/home/user/data/phyusformer_data/post_miccai_exps/data/US30k/US30K/ThyroidNodule-TN3K/img/trainval1860.png,tn3k,trainval1860,tn3k_trainval1860,png
/home/user/data/phyusformer_data/post_miccai_exps/data/US30k/US30K/ThyroidNodule-TN3K/img/trainval1861.png,tn3k,trainval1861,tn3k_trainval1861,png
/home/user/data/phyusformer_data/post_miccai_exps/data/US30k/US30K/ThyroidNodule-TN3K/img/trainval1862.png,tn3k,trainval1862,tn3k_trainval1862,png
/home/user/data/phyusformer_data/post_miccai_exps/data/US30k/US30K/ThyroidNodule-TN3K/img/trainval1863.png,tn3k,trainval1863,tn3k_trainval1863,png
/home/user/data/phyusformer_data/post_miccai_exps/data/US30k/US30K/ThyroidNodule-TN3K/img/trainval1864.png,tn3k,trainval1864,tn3k_trainval1864,png
/home/user/data/phyusformer_data/post_miccai_exps/data/US30k/US30K/ThyroidNodule-TN3K/img/trainval1865.png,tn3k,trainval1865,tn3k_trainval1865,png
/home/user/data/phyusformer_data/post_miccai_exps/data/US30k/US30K/ThyroidNodule-TN3K/img/trainval1866.png,tn3k,trainval1866,tn3k_trainval1866,png
/home/user/data/phyusformer_data/post_miccai_exps/data/US30k/US30K/ThyroidNodule-TN3K/img/trainval1867.png,tn3k,trainval1867,tn3k_trainval1867,png
/home/user/data/phyusformer_data/post_miccai_exps/data/US30k/US30K/ThyroidNodule-TN3K/img/trainval1868.png,tn3k,trainval1868,tn3k_trainval1868,png
/home/user/data/phyusformer_data/post_miccai_exps/data/US30k/US30K/ThyroidNodule-TN3K/img/trainval1869.png,tn3k,trainval1869,tn3k_trainval1869,png
/home/user/data/phyusformer_data/post_miccai_exps/data/US30k/US30K/ThyroidNodule-TN3K/img/trainval1870.png,tn3k,trainval1870,tn3k_trainval1870,png
/home/user/data/phyusformer_data/post_miccai_exps/data/US30k/US30K/ThyroidNodule-TN3K/img/trainval1871.png,tn3k,trainval1871,tn3k_trainval1871,png
/home/user/data/phyusformer_data/post_miccai_exps/data/US30k/US30K/ThyroidNodule-TN3K/img/trainval1872.png,tn3k,trainval1872,tn3k_trainval1872,png
/home/user/data/phyusformer_data/post_miccai_exps/data/US30k/US30K/ThyroidNodule-TN3K/img/trainval1873.png,tn3k,trainval1873,tn3k_trainval1873,png
/home/user/data/phyusformer_data/post_miccai_exps/data/US30k/US30K/ThyroidNodule-TN3K/img/trainval1874.png,tn3k,trainval1874,tn3k_trainval1874,png
/home/user/data/phyusformer_data/post_miccai_exps/data/US30k/US30K/ThyroidNodule-TN3K/img/trainval1875.png,tn3k,trainval1875,tn3k_trainval1875,png
/home/user/data/phyusformer_data/post_miccai_exps/data/US30k/US30K/ThyroidNodule-TN3K/img/trainval1876.png,tn3k,trainval1876,tn3k_trainval1876,png
/home/user/data/phyusformer_data/post_miccai_exps/data/US30k/US30K/ThyroidNodule-TN3K/img/trainval1877.png,tn3k,trainval1877,tn3k_trainval1877,png
/home/user/data/phyusformer_data/post_miccai_exps/data/US30k/US30K/ThyroidNodule-TN3K/img/trainval1878.png,tn3k,trainval1878,tn3k_trainval1878,png
/home/user/data/phyusformer_data/post_miccai_exps/data/US30k/US30K/ThyroidNodule-TN3K/img/trainval1879.png,tn3k,trainval1879,tn3k_trainval1879,png
/home/user/data/phyusformer_data/post_miccai_exps/data/US30k/US30K/ThyroidNodule-TN3K/img/trainval1880.png,tn3k,trainval1880,tn3k_trainval1880,png
/home/user/data/phyusformer_data/post_miccai_exps/data/US30k/US30K/ThyroidNodule-TN3K/img/trainval1881.png,tn3k,trainval1881,tn3k_trainval1881,png
/home/user/data/phyusformer_data/post_miccai_exps/data/US30k/US30K/ThyroidNodule-TN3K/img/trainval1882.png,tn3k,trainval1882,tn3k_trainval1882,png
/home/user/data/phyusformer_data/post_miccai_exps/data/US30k/US30K/ThyroidNodule-TN3K/img/trainval1883.png,tn3k,trainval1883,tn3k_trainval1883,png
/home/user/data/phyusformer_data/post_miccai_exps/data/US30k/US30K/ThyroidNodule-TN3K/img/trainval1884.png,tn3k,trainval1884,tn3k_trainval1884,png
/home/user/data/phyusformer_data/post_miccai_exps/data/US30k/US30K/ThyroidNodule-TN3K/img/trainval1885.png,tn3k,trainval1885,tn3k_trainval1885,png
/home/user/data/phyusformer_data/post_miccai_exps/data/US30k/US30K/ThyroidNodule-TN3K/img/trainval1886.png,tn3k,trainval1886,tn3k_trainval1886,png
/home/user/data/phyusformer_data/post_miccai_exps/data/US30k/US30K/ThyroidNodule-TN3K/img/trainval1887.png,tn3k,trainval1887,tn3k_trainval1887,png
/home/user/data/phyusformer_data/post_miccai_exps/data/US30k/US30K/ThyroidNodule-TN3K/img/trainval1888.png,tn3k,trainval1888,tn3k_trainval1888,png
/home/user/data/phyusformer_data/post_miccai_exps/data/US30k/US30K/ThyroidNodule-TN3K/img/trainval1889.png,tn3k,trainval1889,tn3k_trainval1889,png
/home/user/data/phyusformer_data/post_miccai_exps/data/US30k/US30K/ThyroidNodule-TN3K/img/trainval1890.png,tn3k,trainval1890,tn3k_trainval1890,png
/home/user/data/phyusformer_data/post_miccai_exps/data/US30k/US30K/ThyroidNodule-TN3K/img/trainval1891.png,tn3k,trainval1891,tn3k_trainval1891,png
/home/user/data/phyusformer_data/post_miccai_exps/data/US30k/US30K/ThyroidNodule-TN3K/img/trainval1892.png,tn3k,trainval1892,tn3k_trainval1892,png
/home/user/data/phyusformer_data/post_miccai_exps/data/US30k/US30K/ThyroidNodule-TN3K/img/trainval1893.png,tn3k,trainval1893,tn3k_trainval1893,png
/home/user/data/phyusformer_data/post_miccai_exps/data/US30k/US30K/ThyroidNodule-TN3K/img/trainval1894.png,tn3k,trainval1894,tn3k_trainval1894,png
/home/user/data/phyusformer_data/post_miccai_exps/data/US30k/US30K/ThyroidNodule-TN3K/img/trainval1895.png,tn3k,trainval1895,tn3k_trainval1895,png
/home/user/data/phyusformer_data/post_miccai_exps/data/US30k/US30K/ThyroidNodule-TN3K/img/trainval1896.png,tn3k,trainval1896,tn3k_trainval1896,png
/home/user/data/phyusformer_data/post_miccai_exps/data/US30k/US30K/ThyroidNodule-TN3K/img/trainval1897.png,tn3k,trainval1897,tn3k_trainval1897,png
/home/user/data/phyusformer_data/post_miccai_exps/data/US30k/US30K/ThyroidNodule-TN3K/img/trainval1898.png,tn3k,trainval1898,tn3k_trainval1898,png
/home/user/data/phyusformer_data/post_miccai_exps/data/US30k/US30K/ThyroidNodule-TN3K/img/trainval1899.png,tn3k,trainval1899,tn3k_trainval1899,png
/home/user/data/phyusformer_data/post_miccai_exps/data/US30k/US30K/ThyroidNodule-TN3K/img/trainval1900.png,tn3k,trainval1900,tn3k_trainval1900,png
/home/user/data/phyusformer_data/post_miccai_exps/data/US30k/US30K/ThyroidNodule-TN3K/img/trainval1901.png,tn3k,trainval1901,tn3k_trainval1901,png
/home/user/data/phyusformer_data/post_miccai_exps/data/US30k/US30K/ThyroidNodule-TN3K/img/trainval1902.png,tn3k,trainval1902,tn3k_trainval1902,png
/home/user/data/phyusformer_data/post_miccai_exps/data/US30k/US30K/ThyroidNodule-TN3K/img/trainval1903.png,tn3k,trainval1903,tn3k_trainval1903,png
/home/user/data/phyusformer_data/post_miccai_exps/data/US30k/US30K/ThyroidNodule-TN3K/img/trainval1904.png,tn3k,trainval1904,tn3k_trainval1904,png
/home/user/data/phyusformer_data/post_miccai_exps/data/US30k/US30K/ThyroidNodule-TN3K/img/trainval1905.png,tn3k,trainval1905,tn3k_trainval1905,png
/home/user/data/phyusformer_data/post_miccai_exps/data/US30k/US30K/ThyroidNodule-TN3K/img/trainval1906.png,tn3k,trainval1906,tn3k_trainval1906,png
/home/user/data/phyusformer_data/post_miccai_exps/data/US30k/US30K/ThyroidNodule-TN3K/img/trainval1907.png,tn3k,trainval1907,tn3k_trainval1907,png
/home/user/data/phyusformer_data/post_miccai_exps/data/US30k/US30K/ThyroidNodule-TN3K/img/trainval1908.png,tn3k,trainval1908,tn3k_trainval1908,png
/home/user/data/phyusformer_data/post_miccai_exps/data/US30k/US30K/ThyroidNodule-TN3K/img/trainval1909.png,tn3k,trainval1909,tn3k_trainval1909,png
/home/user/data/phyusformer_data/post_miccai_exps/data/US30k/US30K/ThyroidNodule-TN3K/img/trainval1910.png,tn3k,trainval1910,tn3k_trainval1910,png
/home/user/data/phyusformer_data/post_miccai_exps/data/US30k/US30K/ThyroidNodule-TN3K/img/trainval1911.png,tn3k,trainval1911,tn3k_trainval1911,png
/home/user/data/phyusformer_data/post_miccai_exps/data/US30k/US30K/ThyroidNodule-TN3K/img/trainval1912.png,tn3k,trainval1912,tn3k_trainval1912,png
/home/user/data/phyusformer_data/post_miccai_exps/data/US30k/US30K/ThyroidNodule-TN3K/img/trainval1913.png,tn3k,trainval1913,tn3k_trainval1913,png
/home/user/data/phyusformer_data/post_miccai_exps/data/US30k/US30K/ThyroidNodule-TN3K/img/trainval1914.png,tn3k,trainval1914,tn3k_trainval1914,png
/home/user/data/phyusformer_data/post_miccai_exps/data/US30k/US30K/ThyroidNodule-TN3K/img/trainval1915.png,tn3k,trainval1915,tn3k_trainval1915,png
/home/user/data/phyusformer_data/post_miccai_exps/data/US30k/US30K/ThyroidNodule-TN3K/img/trainval1916.png,tn3k,trainval1916,tn3k_trainval1916,png
/home/user/data/phyusformer_data/post_miccai_exps/data/US30k/US30K/ThyroidNodule-TN3K/img/trainval1917.png,tn3k,trainval1917,tn3k_trainval1917,png
/home/user/data/phyusformer_data/post_miccai_exps/data/US30k/US30K/ThyroidNodule-TN3K/img/trainval1918.png,tn3k,trainval1918,tn3k_trainval1918,png
/home/user/data/phyusformer_data/post_miccai_exps/data/US30k/US30K/ThyroidNodule-TN3K/img/trainval1919.png,tn3k,trainval1919,tn3k_trainval1919,png
/home/user/data/phyusformer_data/post_miccai_exps/data/US30k/US30K/ThyroidNodule-TN3K/img/trainval1920.png,tn3k,trainval1920,tn3k_trainval1920,png
/home/user/data/phyusformer_data/post_miccai_exps/data/US30k/US30K/ThyroidNodule-TN3K/img/trainval1921.png,tn3k,trainval1921,tn3k_trainval1921,png
/home/user/data/phyusformer_data/post_miccai_exps/data/US30k/US30K/ThyroidNodule-TN3K/img/trainval1922.png,tn3k,trainval1922,tn3k_trainval1922,png
/home/user/data/phyusformer_data/post_miccai_exps/data/US30k/US30K/ThyroidNodule-TN3K/img/trainval1923.png,tn3k,trainval1923,tn3k_trainval1923,png
/home/user/data/phyusformer_data/post_miccai_exps/data/US30k/US30K/ThyroidNodule-TN3K/img/trainval1924.png,tn3k,trainval1924,tn3k_trainval1924,png
/home/user/data/phyusformer_data/post_miccai_exps/data/US30k/US30K/ThyroidNodule-TN3K/img/trainval1925.png,tn3k,trainval1925,tn3k_trainval1925,png
/home/user/data/phyusformer_data/post_miccai_exps/data/US30k/US30K/ThyroidNodule-TN3K/img/trainval1926.png,tn3k,trainval1926,tn3k_trainval1926,png
/home/user/data/phyusformer_data/post_miccai_exps/data/US30k/US30K/ThyroidNodule-TN3K/img/trainval1927.png,tn3k,trainval1927,tn3k_trainval1927,png
/home/user/data/phyusformer_data/post_miccai_exps/data/US30k/US30K/ThyroidNodule-TN3K/img/trainval1928.png,tn3k,trainval1928,tn3k_trainval1928,png
/home/user/data/phyusformer_data/post_miccai_exps/data/US30k/US30K/ThyroidNodule-TN3K/img/trainval1929.png,tn3k,trainval1929,tn3k_trainval1929,png
/home/user/data/phyusformer_data/post_miccai_exps/data/US30k/US30K/ThyroidNodule-TN3K/img/trainval1930.png,tn3k,trainval1930,tn3k_trainval1930,png
/home/user/data/phyusformer_data/post_miccai_exps/data/US30k/US30K/ThyroidNodule-TN3K/img/trainval1931.png,tn3k,trainval1931,tn3k_trainval1931,png
/home/user/data/phyusformer_data/post_miccai_exps/data/US30k/US30K/ThyroidNodule-TN3K/img/trainval1932.png,tn3k,trainval1932,tn3k_trainval1932,png
/home/user/data/phyusformer_data/post_miccai_exps/data/US30k/US30K/ThyroidNodule-TN3K/img/trainval1933.png,tn3k,trainval1933,tn3k_trainval1933,png
/home/user/data/phyusformer_data/post_miccai_exps/data/US30k/US30K/ThyroidNodule-TN3K/img/trainval1934.png,tn3k,trainval1934,tn3k_trainval1934,png
/home/user/data/phyusformer_data/post_miccai_exps/data/US30k/US30K/ThyroidNodule-TN3K/img/trainval1935.png,tn3k,trainval1935,tn3k_trainval1935,png
/home/user/data/phyusformer_data/post_miccai_exps/data/US30k/US30K/ThyroidNodule-TN3K/img/trainval1936.png,tn3k,trainval1936,tn3k_trainval1936,png
/home/user/data/phyusformer_data/post_miccai_exps/data/US30k/US30K/ThyroidNodule-TN3K/img/trainval1937.png,tn3k,trainval1937,tn3k_trainval1937,png
/home/user/data/phyusformer_data/post_miccai_exps/data/US30k/US30K/ThyroidNodule-TN3K/img/trainval1938.png,tn3k,trainval1938,tn3k_trainval1938,png
/home/user/data/phyusformer_data/post_miccai_exps/data/US30k/US30K/ThyroidNodule-TN3K/img/trainval1939.png,tn3k,trainval1939,tn3k_trainval1939,png
/home/user/data/phyusformer_data/post_miccai_exps/data/US30k/US30K/ThyroidNodule-TN3K/img/trainval1940.png,tn3k,trainval1940,tn3k_trainval1940,png
/home/user/data/phyusformer_data/post_miccai_exps/data/US30k/US30K/ThyroidNodule-TN3K/img/trainval1941.png,tn3k,trainval1941,tn3k_trainval1941,png
/home/user/data/phyusformer_data/post_miccai_exps/data/US30k/US30K/ThyroidNodule-TN3K/img/trainval1942.png,tn3k,trainval1942,tn3k_trainval1942,png
/home/user/data/phyusformer_data/post_miccai_exps/data/US30k/US30K/ThyroidNodule-TN3K/img/trainval1943.png,tn3k,trainval1943,tn3k_trainval1943,png
/home/user/data/phyusformer_data/post_miccai_exps/data/US30k/US30K/ThyroidNodule-TN3K/img/trainval1944.png,tn3k,trainval1944,tn3k_trainval1944,png
/home/user/data/phyusformer_data/post_miccai_exps/data/US30k/US30K/ThyroidNodule-TN3K/img/trainval1945.png,tn3k,trainval1945,tn3k_trainval1945,png
/home/user/data/phyusformer_data/post_miccai_exps/data/US30k/US30K/ThyroidNodule-TN3K/img/trainval1946.png,tn3k,trainval1946,tn3k_trainval1946,png
/home/user/data/phyusformer_data/post_miccai_exps/data/US30k/US30K/ThyroidNodule-TN3K/img/trainval1947.png,tn3k,trainval1947,tn3k_trainval1947,png
/home/user/data/phyusformer_data/post_miccai_exps/data/US30k/US30K/ThyroidNodule-TN3K/img/trainval1948.png,tn3k,trainval1948,tn3k_trainval1948,png
/home/user/data/phyusformer_data/post_miccai_exps/data/US30k/US30K/ThyroidNodule-TN3K/img/trainval1949.png,tn3k,trainval1949,tn3k_trainval1949,png
/home/user/data/phyusformer_data/post_miccai_exps/data/US30k/US30K/ThyroidNodule-TN3K/img/trainval1950.png,tn3k,trainval1950,tn3k_trainval1950,png
/home/user/data/phyusformer_data/post_miccai_exps/data/US30k/US30K/ThyroidNodule-TN3K/img/trainval1951.png,tn3k,trainval1951,tn3k_trainval1951,png
/home/user/data/phyusformer_data/post_miccai_exps/data/US30k/US30K/ThyroidNodule-TN3K/img/trainval1952.png,tn3k,trainval1952,tn3k_trainval1952,png
/home/user/data/phyusformer_data/post_miccai_exps/data/US30k/US30K/ThyroidNodule-TN3K/img/trainval1953.png,tn3k,trainval1953,tn3k_trainval1953,png
/home/user/data/phyusformer_data/post_miccai_exps/data/US30k/US30K/ThyroidNodule-TN3K/img/trainval1954.png,tn3k,trainval1954,tn3k_trainval1954,png
/home/user/data/phyusformer_data/post_miccai_exps/data/US30k/US30K/ThyroidNodule-TN3K/img/trainval1955.png,tn3k,trainval1955,tn3k_trainval1955,png
/home/user/data/phyusformer_data/post_miccai_exps/data/US30k/US30K/ThyroidNodule-TN3K/img/trainval1956.png,tn3k,trainval1956,tn3k_trainval1956,png
/home/user/data/phyusformer_data/post_miccai_exps/data/US30k/US30K/ThyroidNodule-TN3K/img/trainval1957.png,tn3k,trainval1957,tn3k_trainval1957,png
/home/user/data/phyusformer_data/post_miccai_exps/data/US30k/US30K/ThyroidNodule-TN3K/img/trainval1958.png,tn3k,trainval1958,tn3k_trainval1958,png
/home/user/data/phyusformer_data/post_miccai_exps/data/US30k/US30K/ThyroidNodule-TN3K/img/trainval1959.png,tn3k,trainval1959,tn3k_trainval1959,png
/home/user/data/phyusformer_data/post_miccai_exps/data/US30k/US30K/ThyroidNodule-TN3K/img/trainval1960.png,tn3k,trainval1960,tn3k_trainval1960,png
/home/user/data/phyusformer_data/post_miccai_exps/data/US30k/US30K/ThyroidNodule-TN3K/img/trainval1961.png,tn3k,trainval1961,tn3k_trainval1961,png
/home/user/data/phyusformer_data/post_miccai_exps/data/US30k/US30K/ThyroidNodule-TN3K/img/trainval1962.png,tn3k,trainval1962,tn3k_trainval1962,png
/home/user/data/phyusformer_data/post_miccai_exps/data/US30k/US30K/ThyroidNodule-TN3K/img/trainval1963.png,tn3k,trainval1963,tn3k_trainval1963,png
/home/user/data/phyusformer_data/post_miccai_exps/data/US30k/US30K/ThyroidNodule-TN3K/img/trainval1964.png,tn3k,trainval1964,tn3k_trainval1964,png
/home/user/data/phyusformer_data/post_miccai_exps/data/US30k/US30K/ThyroidNodule-TN3K/img/trainval1965.png,tn3k,trainval1965,tn3k_trainval1965,png
/home/user/data/phyusformer_data/post_miccai_exps/data/US30k/US30K/ThyroidNodule-TN3K/img/trainval1966.png,tn3k,trainval1966,tn3k_trainval1966,png
/home/user/data/phyusformer_data/post_miccai_exps/data/US30k/US30K/ThyroidNodule-TN3K/img/trainval1967.png,tn3k,trainval1967,tn3k_trainval1967,png
/home/user/data/phyusformer_data/post_miccai_exps/data/US30k/US30K/ThyroidNodule-TN3K/img/trainval1968.png,tn3k,trainval1968,tn3k_trainval1968,png
/home/user/data/phyusformer_data/post_miccai_exps/data/US30k/US30K/ThyroidNodule-TN3K/img/trainval1969.png,tn3k,trainval1969,tn3k_trainval1969,png
/home/user/data/phyusformer_data/post_miccai_exps/data/US30k/US30K/ThyroidNodule-TN3K/img/trainval1970.png,tn3k,trainval1970,tn3k_trainval1970,png
/home/user/data/phyusformer_data/post_miccai_exps/data/US30k/US30K/ThyroidNodule-TN3K/img/trainval1971.png,tn3k,trainval1971,tn3k_trainval1971,png
/home/user/data/phyusformer_data/post_miccai_exps/data/US30k/US30K/ThyroidNodule-TN3K/img/trainval1972.png,tn3k,trainval1972,tn3k_trainval1972,png
/home/user/data/phyusformer_data/post_miccai_exps/data/US30k/US30K/ThyroidNodule-TN3K/img/trainval1973.png,tn3k,trainval1973,tn3k_trainval1973,png
/home/user/data/phyusformer_data/post_miccai_exps/data/US30k/US30K/ThyroidNodule-TN3K/img/trainval1974.png,tn3k,trainval1974,tn3k_trainval1974,png
/home/user/data/phyusformer_data/post_miccai_exps/data/US30k/US30K/ThyroidNodule-TN3K/img/trainval1975.png,tn3k,trainval1975,tn3k_trainval1975,png
/home/user/data/phyusformer_data/post_miccai_exps/data/US30k/US30K/ThyroidNodule-TN3K/img/trainval1976.png,tn3k,trainval1976,tn3k_trainval1976,png
/home/user/data/phyusformer_data/post_miccai_exps/data/US30k/US30K/ThyroidNodule-TN3K/img/trainval1977.png,tn3k,trainval1977,tn3k_trainval1977,png
/home/user/data/phyusformer_data/post_miccai_exps/data/US30k/US30K/ThyroidNodule-TN3K/img/trainval1978.png,tn3k,trainval1978,tn3k_trainval1978,png
/home/user/data/phyusformer_data/post_miccai_exps/data/US30k/US30K/ThyroidNodule-TN3K/img/trainval1979.png,tn3k,trainval1979,tn3k_trainval1979,png
/home/user/data/phyusformer_data/post_miccai_exps/data/US30k/US30K/ThyroidNodule-TN3K/img/trainval1980.png,tn3k,trainval1980,tn3k_trainval1980,png
/home/user/data/phyusformer_data/post_miccai_exps/data/US30k/US30K/ThyroidNodule-TN3K/img/trainval1981.png,tn3k,trainval1981,tn3k_trainval1981,png
/home/user/data/phyusformer_data/post_miccai_exps/data/US30k/US30K/ThyroidNodule-TN3K/img/trainval1982.png,tn3k,trainval1982,tn3k_trainval1982,png
/home/user/data/phyusformer_data/post_miccai_exps/data/US30k/US30K/ThyroidNodule-TN3K/img/trainval1983.png,tn3k,trainval1983,tn3k_trainval1983,png
/home/user/data/phyusformer_data/post_miccai_exps/data/US30k/US30K/ThyroidNodule-TN3K/img/trainval1984.png,tn3k,trainval1984,tn3k_trainval1984,png
/home/user/data/phyusformer_data/post_miccai_exps/data/US30k/US30K/ThyroidNodule-TN3K/img/trainval1985.png,tn3k,trainval1985,tn3k_trainval1985,png
/home/user/data/phyusformer_data/post_miccai_exps/data/US30k/US30K/ThyroidNodule-TN3K/img/trainval1986.png,tn3k,trainval1986,tn3k_trainval1986,png
/home/user/data/phyusformer_data/post_miccai_exps/data/US30k/US30K/ThyroidNodule-TN3K/img/trainval1987.png,tn3k,trainval1987,tn3k_trainval1987,png
/home/user/data/phyusformer_data/post_miccai_exps/data/US30k/US30K/ThyroidNodule-TN3K/img/trainval1988.png,tn3k,trainval1988,tn3k_trainval1988,png
/home/user/data/phyusformer_data/post_miccai_exps/data/US30k/US30K/ThyroidNodule-TN3K/img/trainval1989.png,tn3k,trainval1989,tn3k_trainval1989,png
/home/user/data/phyusformer_data/post_miccai_exps/data/US30k/US30K/ThyroidNodule-TN3K/img/trainval1990.png,tn3k,trainval1990,tn3k_trainval1990,png
/home/user/data/phyusformer_data/post_miccai_exps/data/US30k/US30K/ThyroidNodule-TN3K/img/trainval1991.png,tn3k,trainval1991,tn3k_trainval1991,png
/home/user/data/phyusformer_data/post_miccai_exps/data/US30k/US30K/ThyroidNodule-TN3K/img/trainval1992.png,tn3k,trainval1992,tn3k_trainval1992,png
/home/user/data/phyusformer_data/post_miccai_exps/data/US30k/US30K/ThyroidNodule-TN3K/img/trainval1993.png,tn3k,trainval1993,tn3k_trainval1993,png
/home/user/data/phyusformer_data/post_miccai_exps/data/US30k/US30K/ThyroidNodule-TN3K/img/trainval1994.png,tn3k,trainval1994,tn3k_trainval1994,png
/home/user/data/phyusformer_data/post_miccai_exps/data/US30k/US30K/ThyroidNodule-TN3K/img/trainval1995.png,tn3k,trainval1995,tn3k_trainval1995,png
/home/user/data/phyusformer_data/post_miccai_exps/data/US30k/US30K/ThyroidNodule-TN3K/img/trainval1996.png,tn3k,trainval1996,tn3k_trainval1996,png
/home/user/data/phyusformer_data/post_miccai_exps/data/US30k/US30K/ThyroidNodule-TN3K/img/trainval1997.png,tn3k,trainval1997,tn3k_trainval1997,png
/home/user/data/phyusformer_data/post_miccai_exps/data/US30k/US30K/ThyroidNodule-TN3K/img/trainval1998.png,tn3k,trainval1998,tn3k_trainval1998,png
/home/user/data/phyusformer_data/post_miccai_exps/data/US30k/US30K/ThyroidNodule-TN3K/img/trainval1999.png,tn3k,trainval1999,tn3k_trainval1999,png
/home/user/data/phyusformer_data/post_miccai_exps/data/US30k/US30K/ThyroidNodule-TN3K/img/trainval2000.png,tn3k,trainval2000,tn3k_trainval2000,png
/home/user/data/phyusformer_data/post_miccai_exps/data/US30k/US30K/ThyroidNodule-TN3K/img/trainval2001.png,tn3k,trainval2001,tn3k_trainval2001,png
/home/user/data/phyusformer_data/post_miccai_exps/data/US30k/US30K/ThyroidNodule-TN3K/img/trainval2002.png,tn3k,trainval2002,tn3k_trainval2002,png
/home/user/data/phyusformer_data/post_miccai_exps/data/US30k/US30K/ThyroidNodule-TN3K/img/trainval2003.png,tn3k,trainval2003,tn3k_trainval2003,png
/home/user/data/phyusformer_data/post_miccai_exps/data/US30k/US30K/ThyroidNodule-TN3K/img/trainval2004.png,tn3k,trainval2004,tn3k_trainval2004,png
/home/user/data/phyusformer_data/post_miccai_exps/data/US30k/US30K/ThyroidNodule-TN3K/img/trainval2005.png,tn3k,trainval2005,tn3k_trainval2005,png
/home/user/data/phyusformer_data/post_miccai_exps/data/US30k/US30K/ThyroidNodule-TN3K/img/trainval2006.png,tn3k,trainval2006,tn3k_trainval2006,png
/home/user/data/phyusformer_data/post_miccai_exps/data/US30k/US30K/ThyroidNodule-TN3K/img/trainval2007.png,tn3k,trainval2007,tn3k_trainval2007,png
/home/user/data/phyusformer_data/post_miccai_exps/data/US30k/US30K/ThyroidNodule-TN3K/img/trainval2008.png,tn3k,trainval2008,tn3k_trainval2008,png
/home/user/data/phyusformer_data/post_miccai_exps/data/US30k/US30K/ThyroidNodule-TN3K/img/trainval2009.png,tn3k,trainval2009,tn3k_trainval2009,png
/home/user/data/phyusformer_data/post_miccai_exps/data/US30k/US30K/ThyroidNodule-TN3K/img/trainval2010.png,tn3k,trainval2010,tn3k_trainval2010,png
/home/user/data/phyusformer_data/post_miccai_exps/data/US30k/US30K/ThyroidNodule-TN3K/img/trainval2011.png,tn3k,trainval2011,tn3k_trainval2011,png
/home/user/data/phyusformer_data/post_miccai_exps/data/US30k/US30K/ThyroidNodule-TN3K/img/trainval2012.png,tn3k,trainval2012,tn3k_trainval2012,png
/home/user/data/phyusformer_data/post_miccai_exps/data/US30k/US30K/ThyroidNodule-TN3K/img/trainval2013.png,tn3k,trainval2013,tn3k_trainval2013,png
/home/user/data/phyusformer_data/post_miccai_exps/data/US30k/US30K/ThyroidNodule-TN3K/img/trainval2014.png,tn3k,trainval2014,tn3k_trainval2014,png
/home/user/data/phyusformer_data/post_miccai_exps/data/US30k/US30K/ThyroidNodule-TN3K/img/trainval2015.png,tn3k,trainval2015,tn3k_trainval2015,png
/home/user/data/phyusformer_data/post_miccai_exps/data/US30k/US30K/ThyroidNodule-TN3K/img/trainval2016.png,tn3k,trainval2016,tn3k_trainval2016,png
/home/user/data/phyusformer_data/post_miccai_exps/data/US30k/US30K/ThyroidNodule-TN3K/img/trainval2017.png,tn3k,trainval2017,tn3k_trainval2017,png
/home/user/data/phyusformer_data/post_miccai_exps/data/US30k/US30K/ThyroidNodule-TN3K/img/trainval2018.png,tn3k,trainval2018,tn3k_trainval2018,png
/home/user/data/phyusformer_data/post_miccai_exps/data/US30k/US30K/ThyroidNodule-TN3K/img/trainval2019.png,tn3k,trainval2019,tn3k_trainval2019,png
/home/user/data/phyusformer_data/post_miccai_exps/data/US30k/US30K/ThyroidNodule-TN3K/img/trainval2020.png,tn3k,trainval2020,tn3k_trainval2020,png
/home/user/data/phyusformer_data/post_miccai_exps/data/US30k/US30K/ThyroidNodule-TN3K/img/trainval2021.png,tn3k,trainval2021,tn3k_trainval2021,png
/home/user/data/phyusformer_data/post_miccai_exps/data/US30k/US30K/ThyroidNodule-TN3K/img/trainval2022.png,tn3k,trainval2022,tn3k_trainval2022,png
/home/user/data/phyusformer_data/post_miccai_exps/data/US30k/US30K/ThyroidNodule-TN3K/img/trainval2023.png,tn3k,trainval2023,tn3k_trainval2023,png
/home/user/data/phyusformer_data/post_miccai_exps/data/US30k/US30K/ThyroidNodule-TN3K/img/trainval2024.png,tn3k,trainval2024,tn3k_trainval2024,png
/home/user/data/phyusformer_data/post_miccai_exps/data/US30k/US30K/ThyroidNodule-TN3K/img/trainval2025.png,tn3k,trainval2025,tn3k_trainval2025,png
/home/user/data/phyusformer_data/post_miccai_exps/data/US30k/US30K/ThyroidNodule-TN3K/img/trainval2026.png,tn3k,trainval2026,tn3k_trainval2026,png
/home/user/data/phyusformer_data/post_miccai_exps/data/US30k/US30K/ThyroidNodule-TN3K/img/trainval2027.png,tn3k,trainval2027,tn3k_trainval2027,png
/home/user/data/phyusformer_data/post_miccai_exps/data/US30k/US30K/ThyroidNodule-TN3K/img/trainval2028.png,tn3k,trainval2028,tn3k_trainval2028,png
/home/user/data/phyusformer_data/post_miccai_exps/data/US30k/US30K/ThyroidNodule-TN3K/img/trainval2029.png,tn3k,trainval2029,tn3k_trainval2029,png
/home/user/data/phyusformer_data/post_miccai_exps/data/US30k/US30K/ThyroidNodule-TN3K/img/trainval2030.png,tn3k,trainval2030,tn3k_trainval2030,png
/home/user/data/phyusformer_data/post_miccai_exps/data/US30k/US30K/ThyroidNodule-TN3K/img/trainval2031.png,tn3k,trainval2031,tn3k_trainval2031,png
/home/user/data/phyusformer_data/post_miccai_exps/data/US30k/US30K/ThyroidNodule-TN3K/img/trainval2032.png,tn3k,trainval2032,tn3k_trainval2032,png
/home/user/data/phyusformer_data/post_miccai_exps/data/US30k/US30K/ThyroidNodule-TN3K/img/trainval2033.png,tn3k,trainval2033,tn3k_trainval2033,png
/home/user/data/phyusformer_data/post_miccai_exps/data/US30k/US30K/ThyroidNodule-TN3K/img/trainval2034.png,tn3k,trainval2034,tn3k_trainval2034,png
/home/user/data/phyusformer_data/post_miccai_exps/data/US30k/US30K/ThyroidNodule-TN3K/img/trainval2035.png,tn3k,trainval2035,tn3k_trainval2035,png
/home/user/data/phyusformer_data/post_miccai_exps/data/US30k/US30K/ThyroidNodule-TN3K/img/trainval2036.png,tn3k,trainval2036,tn3k_trainval2036,png
/home/user/data/phyusformer_data/post_miccai_exps/data/US30k/US30K/ThyroidNodule-TN3K/img/trainval2037.png,tn3k,trainval2037,tn3k_trainval2037,png
/home/user/data/phyusformer_data/post_miccai_exps/data/US30k/US30K/ThyroidNodule-TN3K/img/trainval2038.png,tn3k,trainval2038,tn3k_trainval2038,png
/home/user/data/phyusformer_data/post_miccai_exps/data/US30k/US30K/ThyroidNodule-TN3K/img/trainval2039.png,tn3k,trainval2039,tn3k_trainval2039,png
/home/user/data/phyusformer_data/post_miccai_exps/data/US30k/US30K/ThyroidNodule-TN3K/img/trainval2040.png,tn3k,trainval2040,tn3k_trainval2040,png
/home/user/data/phyusformer_data/post_miccai_exps/data/US30k/US30K/ThyroidNodule-TN3K/img/trainval2041.png,tn3k,trainval2041,tn3k_trainval2041,png
/home/user/data/phyusformer_data/post_miccai_exps/data/US30k/US30K/ThyroidNodule-TN3K/img/trainval2042.png,tn3k,trainval2042,tn3k_trainval2042,png
/home/user/data/phyusformer_data/post_miccai_exps/data/US30k/US30K/ThyroidNodule-TN3K/img/trainval2043.png,tn3k,trainval2043,tn3k_trainval2043,png
/home/user/data/phyusformer_data/post_miccai_exps/data/US30k/US30K/ThyroidNodule-TN3K/img/trainval2044.png,tn3k,trainval2044,tn3k_trainval2044,png
/home/user/data/phyusformer_data/post_miccai_exps/data/US30k/US30K/ThyroidNodule-TN3K/img/trainval2045.png,tn3k,trainval2045,tn3k_trainval2045,png
/home/user/data/phyusformer_data/post_miccai_exps/data/US30k/US30K/ThyroidNodule-TN3K/img/trainval2046.png,tn3k,trainval2046,tn3k_trainval2046,png
/home/user/data/phyusformer_data/post_miccai_exps/data/US30k/US30K/ThyroidNodule-TN3K/img/trainval2047.png,tn3k,trainval2047,tn3k_trainval2047,png
/home/user/data/phyusformer_data/post_miccai_exps/data/US30k/US30K/ThyroidNodule-TN3K/img/trainval2048.png,tn3k,trainval2048,tn3k_trainval2048,png
/home/user/data/phyusformer_data/post_miccai_exps/data/US30k/US30K/ThyroidNodule-TN3K/img/trainval2049.png,tn3k,trainval2049,tn3k_trainval2049,png
/home/user/data/phyusformer_data/post_miccai_exps/data/US30k/US30K/ThyroidNodule-TN3K/img/trainval2050.png,tn3k,trainval2050,tn3k_trainval2050,png
/home/user/data/phyusformer_data/post_miccai_exps/data/US30k/US30K/ThyroidNodule-TN3K/img/trainval2051.png,tn3k,trainval2051,tn3k_trainval2051,png
/home/user/data/phyusformer_data/post_miccai_exps/data/US30k/US30K/ThyroidNodule-TN3K/img/trainval2052.png,tn3k,trainval2052,tn3k_trainval2052,png
/home/user/data/phyusformer_data/post_miccai_exps/data/US30k/US30K/ThyroidNodule-TN3K/img/trainval2053.png,tn3k,trainval2053,tn3k_trainval2053,png
/home/user/data/phyusformer_data/post_miccai_exps/data/US30k/US30K/ThyroidNodule-TN3K/img/trainval2054.png,tn3k,trainval2054,tn3k_trainval2054,png
/home/user/data/phyusformer_data/post_miccai_exps/data/US30k/US30K/ThyroidNodule-TN3K/img/trainval2055.png,tn3k,trainval2055,tn3k_trainval2055,png
/home/user/data/phyusformer_data/post_miccai_exps/data/US30k/US30K/ThyroidNodule-TN3K/img/trainval2056.png,tn3k,trainval2056,tn3k_trainval2056,png
/home/user/data/phyusformer_data/post_miccai_exps/data/US30k/US30K/ThyroidNodule-TN3K/img/trainval2057.png,tn3k,trainval2057,tn3k_trainval2057,png
/home/user/data/phyusformer_data/post_miccai_exps/data/US30k/US30K/ThyroidNodule-TN3K/img/trainval2058.png,tn3k,trainval2058,tn3k_trainval2058,png
/home/user/data/phyusformer_data/post_miccai_exps/data/US30k/US30K/ThyroidNodule-TN3K/img/trainval2059.png,tn3k,trainval2059,tn3k_trainval2059,png
/home/user/data/phyusformer_data/post_miccai_exps/data/US30k/US30K/ThyroidNodule-TN3K/img/trainval2060.png,tn3k,trainval2060,tn3k_trainval2060,png
/home/user/data/phyusformer_data/post_miccai_exps/data/US30k/US30K/ThyroidNodule-TN3K/img/trainval2061.png,tn3k,trainval2061,tn3k_trainval2061,png
/home/user/data/phyusformer_data/post_miccai_exps/data/US30k/US30K/ThyroidNodule-TN3K/img/trainval2062.png,tn3k,trainval2062,tn3k_trainval2062,png
/home/user/data/phyusformer_data/post_miccai_exps/data/US30k/US30K/ThyroidNodule-TN3K/img/trainval2063.png,tn3k,trainval2063,tn3k_trainval2063,png
/home/user/data/phyusformer_data/post_miccai_exps/data/US30k/US30K/ThyroidNodule-TN3K/img/trainval2064.png,tn3k,trainval2064,tn3k_trainval2064,png
/home/user/data/phyusformer_data/post_miccai_exps/data/US30k/US30K/ThyroidNodule-TN3K/img/trainval2065.png,tn3k,trainval2065,tn3k_trainval2065,png
/home/user/data/phyusformer_data/post_miccai_exps/data/US30k/US30K/ThyroidNodule-TN3K/img/trainval2066.png,tn3k,trainval2066,tn3k_trainval2066,png
/home/user/data/phyusformer_data/post_miccai_exps/data/US30k/US30K/ThyroidNodule-TN3K/img/trainval2067.png,tn3k,trainval2067,tn3k_trainval2067,png
/home/user/data/phyusformer_data/post_miccai_exps/data/US30k/US30K/ThyroidNodule-TN3K/img/trainval2068.png,tn3k,trainval2068,tn3k_trainval2068,png
/home/user/data/phyusformer_data/post_miccai_exps/data/US30k/US30K/ThyroidNodule-TN3K/img/trainval2069.png,tn3k,trainval2069,tn3k_trainval2069,png
/home/user/data/phyusformer_data/post_miccai_exps/data/US30k/US30K/ThyroidNodule-TN3K/img/trainval2070.png,tn3k,trainval2070,tn3k_trainval2070,png
/home/user/data/phyusformer_data/post_miccai_exps/data/US30k/US30K/ThyroidNodule-TN3K/img/trainval2071.png,tn3k,trainval2071,tn3k_trainval2071,png
/home/user/data/phyusformer_data/post_miccai_exps/data/US30k/US30K/ThyroidNodule-TN3K/img/trainval2072.png,tn3k,trainval2072,tn3k_trainval2072,png
/home/user/data/phyusformer_data/post_miccai_exps/data/US30k/US30K/ThyroidNodule-TN3K/img/trainval2073.png,tn3k,trainval2073,tn3k_trainval2073,png
/home/user/data/phyusformer_data/post_miccai_exps/data/US30k/US30K/ThyroidNodule-TN3K/img/trainval2074.png,tn3k,trainval2074,tn3k_trainval2074,png
/home/user/data/phyusformer_data/post_miccai_exps/data/US30k/US30K/ThyroidNodule-TN3K/img/trainval2075.png,tn3k,trainval2075,tn3k_trainval2075,png
/home/user/data/phyusformer_data/post_miccai_exps/data/US30k/US30K/ThyroidNodule-TN3K/img/trainval2076.png,tn3k,trainval2076,tn3k_trainval2076,png
/home/user/data/phyusformer_data/post_miccai_exps/data/US30k/US30K/ThyroidNodule-TN3K/img/trainval2077.png,tn3k,trainval2077,tn3k_trainval2077,png
/home/user/data/phyusformer_data/post_miccai_exps/data/US30k/US30K/ThyroidNodule-TN3K/img/trainval2078.png,tn3k,trainval2078,tn3k_trainval2078,png
/home/user/data/phyusformer_data/post_miccai_exps/data/US30k/US30K/ThyroidNodule-TN3K/img/trainval2079.png,tn3k,trainval2079,tn3k_trainval2079,png
/home/user/data/phyusformer_data/post_miccai_exps/data/US30k/US30K/ThyroidNodule-TN3K/img/trainval2080.png,tn3k,trainval2080,tn3k_trainval2080,png
/home/user/data/phyusformer_data/post_miccai_exps/data/US30k/US30K/ThyroidNodule-TN3K/img/trainval2081.png,tn3k,trainval2081,tn3k_trainval2081,png
/home/user/data/phyusformer_data/post_miccai_exps/data/US30k/US30K/ThyroidNodule-TN3K/img/trainval2082.png,tn3k,trainval2082,tn3k_trainval2082,png
/home/user/data/phyusformer_data/post_miccai_exps/data/US30k/US30K/ThyroidNodule-TN3K/img/trainval2083.png,tn3k,trainval2083,tn3k_trainval2083,png
/home/user/data/phyusformer_data/post_miccai_exps/data/US30k/US30K/ThyroidNodule-TN3K/img/trainval2084.png,tn3k,trainval2084,tn3k_trainval2084,png
/home/user/data/phyusformer_data/post_miccai_exps/data/US30k/US30K/ThyroidNodule-TN3K/img/trainval2085.png,tn3k,trainval2085,tn3k_trainval2085,png
/home/user/data/phyusformer_data/post_miccai_exps/data/US30k/US30K/ThyroidNodule-TN3K/img/trainval2086.png,tn3k,trainval2086,tn3k_trainval2086,png
/home/user/data/phyusformer_data/post_miccai_exps/data/US30k/US30K/ThyroidNodule-TN3K/img/trainval2087.png,tn3k,trainval2087,tn3k_trainval2087,png
/home/user/data/phyusformer_data/post_miccai_exps/data/US30k/US30K/ThyroidNodule-TN3K/img/trainval2088.png,tn3k,trainval2088,tn3k_trainval2088,png
/home/user/data/phyusformer_data/post_miccai_exps/data/US30k/US30K/ThyroidNodule-TN3K/img/trainval2089.png,tn3k,trainval2089,tn3k_trainval2089,png
/home/user/data/phyusformer_data/post_miccai_exps/data/US30k/US30K/ThyroidNodule-TN3K/img/trainval2090.png,tn3k,trainval2090,tn3k_trainval2090,png
/home/user/data/phyusformer_data/post_miccai_exps/data/US30k/US30K/ThyroidNodule-TN3K/img/trainval2091.png,tn3k,trainval2091,tn3k_trainval2091,png
/home/user/data/phyusformer_data/post_miccai_exps/data/US30k/US30K/ThyroidNodule-TN3K/img/trainval2092.png,tn3k,trainval2092,tn3k_trainval2092,png
/home/user/data/phyusformer_data/post_miccai_exps/data/US30k/US30K/ThyroidNodule-TN3K/img/trainval2093.png,tn3k,trainval2093,tn3k_trainval2093,png
/home/user/data/phyusformer_data/post_miccai_exps/data/US30k/US30K/ThyroidNodule-TN3K/img/trainval2094.png,tn3k,trainval2094,tn3k_trainval2094,png
/home/user/data/phyusformer_data/post_miccai_exps/data/US30k/US30K/ThyroidNodule-TN3K/img/trainval2095.png,tn3k,trainval2095,tn3k_trainval2095,png
/home/user/data/phyusformer_data/post_miccai_exps/data/US30k/US30K/ThyroidNodule-TN3K/img/trainval2096.png,tn3k,trainval2096,tn3k_trainval2096,png
/home/user/data/phyusformer_data/post_miccai_exps/data/US30k/US30K/ThyroidNodule-TN3K/img/trainval2097.png,tn3k,trainval2097,tn3k_trainval2097,png
/home/user/data/phyusformer_data/post_miccai_exps/data/US30k/US30K/ThyroidNodule-TN3K/img/trainval2098.png,tn3k,trainval2098,tn3k_trainval2098,png
/home/user/data/phyusformer_data/post_miccai_exps/data/US30k/US30K/ThyroidNodule-TN3K/img/trainval2099.png,tn3k,trainval2099,tn3k_trainval2099,png
/home/user/data/phyusformer_data/post_miccai_exps/data/US30k/US30K/ThyroidNodule-TN3K/img/trainval2100.png,tn3k,trainval2100,tn3k_trainval2100,png
/home/user/data/phyusformer_data/post_miccai_exps/data/US30k/US30K/ThyroidNodule-TN3K/img/trainval2101.png,tn3k,trainval2101,tn3k_trainval2101,png
/home/user/data/phyusformer_data/post_miccai_exps/data/US30k/US30K/ThyroidNodule-TN3K/img/trainval2102.png,tn3k,trainval2102,tn3k_trainval2102,png
/home/user/data/phyusformer_data/post_miccai_exps/data/US30k/US30K/ThyroidNodule-TN3K/img/trainval2103.png,tn3k,trainval2103,tn3k_trainval2103,png
/home/user/data/phyusformer_data/post_miccai_exps/data/US30k/US30K/ThyroidNodule-TN3K/img/trainval2104.png,tn3k,trainval2104,tn3k_trainval2104,png
/home/user/data/phyusformer_data/post_miccai_exps/data/US30k/US30K/ThyroidNodule-TN3K/img/trainval2105.png,tn3k,trainval2105,tn3k_trainval2105,png
/home/user/data/phyusformer_data/post_miccai_exps/data/US30k/US30K/ThyroidNodule-TN3K/img/trainval2106.png,tn3k,trainval2106,tn3k_trainval2106,png
/home/user/data/phyusformer_data/post_miccai_exps/data/US30k/US30K/ThyroidNodule-TN3K/img/trainval2107.png,tn3k,trainval2107,tn3k_trainval2107,png
/home/user/data/phyusformer_data/post_miccai_exps/data/US30k/US30K/ThyroidNodule-TN3K/img/trainval2108.png,tn3k,trainval2108,tn3k_trainval2108,png
/home/user/data/phyusformer_data/post_miccai_exps/data/US30k/US30K/ThyroidNodule-TN3K/img/trainval2109.png,tn3k,trainval2109,tn3k_trainval2109,png
/home/user/data/phyusformer_data/post_miccai_exps/data/US30k/US30K/ThyroidNodule-TN3K/img/trainval2110.png,tn3k,trainval2110,tn3k_trainval2110,png
/home/user/data/phyusformer_data/post_miccai_exps/data/US30k/US30K/ThyroidNodule-TN3K/img/trainval2111.png,tn3k,trainval2111,tn3k_trainval2111,png
/home/user/data/phyusformer_data/post_miccai_exps/data/US30k/US30K/ThyroidNodule-TN3K/img/trainval2112.png,tn3k,trainval2112,tn3k_trainval2112,png
/home/user/data/phyusformer_data/post_miccai_exps/data/US30k/US30K/ThyroidNodule-TN3K/img/trainval2113.png,tn3k,trainval2113,tn3k_trainval2113,png
/home/user/data/phyusformer_data/post_miccai_exps/data/US30k/US30K/ThyroidNodule-TN3K/img/trainval2114.png,tn3k,trainval2114,tn3k_trainval2114,png
/home/user/data/phyusformer_data/post_miccai_exps/data/US30k/US30K/ThyroidNodule-TN3K/img/trainval2115.png,tn3k,trainval2115,tn3k_trainval2115,png
/home/user/data/phyusformer_data/post_miccai_exps/data/US30k/US30K/ThyroidNodule-TN3K/img/trainval2116.png,tn3k,trainval2116,tn3k_trainval2116,png
/home/user/data/phyusformer_data/post_miccai_exps/data/US30k/US30K/ThyroidNodule-TN3K/img/trainval2117.png,tn3k,trainval2117,tn3k_trainval2117,png
/home/user/data/phyusformer_data/post_miccai_exps/data/US30k/US30K/ThyroidNodule-TN3K/img/trainval2118.png,tn3k,trainval2118,tn3k_trainval2118,png
/home/user/data/phyusformer_data/post_miccai_exps/data/US30k/US30K/ThyroidNodule-TN3K/img/trainval2119.png,tn3k,trainval2119,tn3k_trainval2119,png
/home/user/data/phyusformer_data/post_miccai_exps/data/US30k/US30K/ThyroidNodule-TN3K/img/trainval2120.png,tn3k,trainval2120,tn3k_trainval2120,png
/home/user/data/phyusformer_data/post_miccai_exps/data/US30k/US30K/ThyroidNodule-TN3K/img/trainval2121.png,tn3k,trainval2121,tn3k_trainval2121,png
/home/user/data/phyusformer_data/post_miccai_exps/data/US30k/US30K/ThyroidNodule-TN3K/img/trainval2122.png,tn3k,trainval2122,tn3k_trainval2122,png
/home/user/data/phyusformer_data/post_miccai_exps/data/US30k/US30K/ThyroidNodule-TN3K/img/trainval2123.png,tn3k,trainval2123,tn3k_trainval2123,png
/home/user/data/phyusformer_data/post_miccai_exps/data/US30k/US30K/ThyroidNodule-TN3K/img/trainval2124.png,tn3k,trainval2124,tn3k_trainval2124,png
/home/user/data/phyusformer_data/post_miccai_exps/data/US30k/US30K/ThyroidNodule-TN3K/img/trainval2125.png,tn3k,trainval2125,tn3k_trainval2125,png
/home/user/data/phyusformer_data/post_miccai_exps/data/US30k/US30K/ThyroidNodule-TN3K/img/trainval2126.png,tn3k,trainval2126,tn3k_trainval2126,png
/home/user/data/phyusformer_data/post_miccai_exps/data/US30k/US30K/ThyroidNodule-TN3K/img/trainval2127.png,tn3k,trainval2127,tn3k_trainval2127,png
/home/user/data/phyusformer_data/post_miccai_exps/data/US30k/US30K/ThyroidNodule-TN3K/img/trainval2128.png,tn3k,trainval2128,tn3k_trainval2128,png
/home/user/data/phyusformer_data/post_miccai_exps/data/US30k/US30K/ThyroidNodule-TN3K/img/trainval2129.png,tn3k,trainval2129,tn3k_trainval2129,png
/home/user/data/phyusformer_data/post_miccai_exps/data/US30k/US30K/ThyroidNodule-TN3K/img/trainval2130.png,tn3k,trainval2130,tn3k_trainval2130,png
/home/user/data/phyusformer_data/post_miccai_exps/data/US30k/US30K/ThyroidNodule-TN3K/img/trainval2131.png,tn3k,trainval2131,tn3k_trainval2131,png
/home/user/data/phyusformer_data/post_miccai_exps/data/US30k/US30K/ThyroidNodule-TN3K/img/trainval2132.png,tn3k,trainval2132,tn3k_trainval2132,png
/home/user/data/phyusformer_data/post_miccai_exps/data/US30k/US30K/ThyroidNodule-TN3K/img/trainval2133.png,tn3k,trainval2133,tn3k_trainval2133,png
/home/user/data/phyusformer_data/post_miccai_exps/data/US30k/US30K/ThyroidNodule-TN3K/img/trainval2134.png,tn3k,trainval2134,tn3k_trainval2134,png
/home/user/data/phyusformer_data/post_miccai_exps/data/US30k/US30K/ThyroidNodule-TN3K/img/trainval2135.png,tn3k,trainval2135,tn3k_trainval2135,png
/home/user/data/phyusformer_data/post_miccai_exps/data/US30k/US30K/ThyroidNodule-TN3K/img/trainval2136.png,tn3k,trainval2136,tn3k_trainval2136,png
/home/user/data/phyusformer_data/post_miccai_exps/data/US30k/US30K/ThyroidNodule-TN3K/img/trainval2137.png,tn3k,trainval2137,tn3k_trainval2137,png
/home/user/data/phyusformer_data/post_miccai_exps/data/US30k/US30K/ThyroidNodule-TN3K/img/trainval2138.png,tn3k,trainval2138,tn3k_trainval2138,png
/home/user/data/phyusformer_data/post_miccai_exps/data/US30k/US30K/ThyroidNodule-TN3K/img/trainval2139.png,tn3k,trainval2139,tn3k_trainval2139,png
/home/user/data/phyusformer_data/post_miccai_exps/data/US30k/US30K/ThyroidNodule-TN3K/img/trainval2140.png,tn3k,trainval2140,tn3k_trainval2140,png
/home/user/data/phyusformer_data/post_miccai_exps/data/US30k/US30K/ThyroidNodule-TN3K/img/trainval2141.png,tn3k,trainval2141,tn3k_trainval2141,png
/home/user/data/phyusformer_data/post_miccai_exps/data/US30k/US30K/ThyroidNodule-TN3K/img/trainval2142.png,tn3k,trainval2142,tn3k_trainval2142,png
/home/user/data/phyusformer_data/post_miccai_exps/data/US30k/US30K/ThyroidNodule-TN3K/img/trainval2143.png,tn3k,trainval2143,tn3k_trainval2143,png
/home/user/data/phyusformer_data/post_miccai_exps/data/US30k/US30K/ThyroidNodule-TN3K/img/trainval2144.png,tn3k,trainval2144,tn3k_trainval2144,png
/home/user/data/phyusformer_data/post_miccai_exps/data/US30k/US30K/ThyroidNodule-TN3K/img/trainval2145.png,tn3k,trainval2145,tn3k_trainval2145,png
/home/user/data/phyusformer_data/post_miccai_exps/data/US30k/US30K/ThyroidNodule-TN3K/img/trainval2146.png,tn3k,trainval2146,tn3k_trainval2146,png
/home/user/data/phyusformer_data/post_miccai_exps/data/US30k/US30K/ThyroidNodule-TN3K/img/trainval2147.png,tn3k,trainval2147,tn3k_trainval2147,png
/home/user/data/phyusformer_data/post_miccai_exps/data/US30k/US30K/ThyroidNodule-TN3K/img/trainval2148.png,tn3k,trainval2148,tn3k_trainval2148,png
/home/user/data/phyusformer_data/post_miccai_exps/data/US30k/US30K/ThyroidNodule-TN3K/img/trainval2149.png,tn3k,trainval2149,tn3k_trainval2149,png
/home/user/data/phyusformer_data/post_miccai_exps/data/US30k/US30K/ThyroidNodule-TN3K/img/trainval2150.png,tn3k,trainval2150,tn3k_trainval2150,png
/home/user/data/phyusformer_data/post_miccai_exps/data/US30k/US30K/ThyroidNodule-TN3K/img/trainval2151.png,tn3k,trainval2151,tn3k_trainval2151,png
/home/user/data/phyusformer_data/post_miccai_exps/data/US30k/US30K/ThyroidNodule-TN3K/img/trainval2152.png,tn3k,trainval2152,tn3k_trainval2152,png
/home/user/data/phyusformer_data/post_miccai_exps/data/US30k/US30K/ThyroidNodule-TN3K/img/trainval2153.png,tn3k,trainval2153,tn3k_trainval2153,png
/home/user/data/phyusformer_data/post_miccai_exps/data/US30k/US30K/ThyroidNodule-TN3K/img/trainval2154.png,tn3k,trainval2154,tn3k_trainval2154,png
/home/user/data/phyusformer_data/post_miccai_exps/data/US30k/US30K/ThyroidNodule-TN3K/img/trainval2155.png,tn3k,trainval2155,tn3k_trainval2155,png
/home/user/data/phyusformer_data/post_miccai_exps/data/US30k/US30K/ThyroidNodule-TN3K/img/trainval2156.png,tn3k,trainval2156,tn3k_trainval2156,png
/home/user/data/phyusformer_data/post_miccai_exps/data/US30k/US30K/ThyroidNodule-TN3K/img/trainval2157.png,tn3k,trainval2157,tn3k_trainval2157,png
/home/user/data/phyusformer_data/post_miccai_exps/data/US30k/US30K/ThyroidNodule-TN3K/img/trainval2158.png,tn3k,trainval2158,tn3k_trainval2158,png
/home/user/data/phyusformer_data/post_miccai_exps/data/US30k/US30K/ThyroidNodule-TN3K/img/trainval2159.png,tn3k,trainval2159,tn3k_trainval2159,png
/home/user/data/phyusformer_data/post_miccai_exps/data/US30k/US30K/ThyroidNodule-TN3K/img/trainval2160.png,tn3k,trainval2160,tn3k_trainval2160,png
/home/user/data/phyusformer_data/post_miccai_exps/data/US30k/US30K/ThyroidNodule-TN3K/img/trainval2161.png,tn3k,trainval2161,tn3k_trainval2161,png
/home/user/data/phyusformer_data/post_miccai_exps/data/US30k/US30K/ThyroidNodule-TN3K/img/trainval2162.png,tn3k,trainval2162,tn3k_trainval2162,png
/home/user/data/phyusformer_data/post_miccai_exps/data/US30k/US30K/ThyroidNodule-TN3K/img/trainval2163.png,tn3k,trainval2163,tn3k_trainval2163,png
/home/user/data/phyusformer_data/post_miccai_exps/data/US30k/US30K/ThyroidNodule-TN3K/img/trainval2164.png,tn3k,trainval2164,tn3k_trainval2164,png
/home/user/data/phyusformer_data/post_miccai_exps/data/US30k/US30K/ThyroidNodule-TN3K/img/trainval2165.png,tn3k,trainval2165,tn3k_trainval2165,png
/home/user/data/phyusformer_data/post_miccai_exps/data/US30k/US30K/ThyroidNodule-TN3K/img/trainval2166.png,tn3k,trainval2166,tn3k_trainval2166,png
/home/user/data/phyusformer_data/post_miccai_exps/data/US30k/US30K/ThyroidNodule-TN3K/img/trainval2167.png,tn3k,trainval2167,tn3k_trainval2167,png
/home/user/data/phyusformer_data/post_miccai_exps/data/US30k/US30K/ThyroidNodule-TN3K/img/trainval2168.png,tn3k,trainval2168,tn3k_trainval2168,png
/home/user/data/phyusformer_data/post_miccai_exps/data/US30k/US30K/ThyroidNodule-TN3K/img/trainval2169.png,tn3k,trainval2169,tn3k_trainval2169,png
/home/user/data/phyusformer_data/post_miccai_exps/data/US30k/US30K/ThyroidNodule-TN3K/img/trainval2170.png,tn3k,trainval2170,tn3k_trainval2170,png
/home/user/data/phyusformer_data/post_miccai_exps/data/US30k/US30K/ThyroidNodule-TN3K/img/trainval2171.png,tn3k,trainval2171,tn3k_trainval2171,png
/home/user/data/phyusformer_data/post_miccai_exps/data/US30k/US30K/ThyroidNodule-TN3K/img/trainval2172.png,tn3k,trainval2172,tn3k_trainval2172,png
/home/user/data/phyusformer_data/post_miccai_exps/data/US30k/US30K/ThyroidNodule-TN3K/img/trainval2173.png,tn3k,trainval2173,tn3k_trainval2173,png
/home/user/data/phyusformer_data/post_miccai_exps/data/US30k/US30K/ThyroidNodule-TN3K/img/trainval2174.png,tn3k,trainval2174,tn3k_trainval2174,png
/home/user/data/phyusformer_data/post_miccai_exps/data/US30k/US30K/ThyroidNodule-TN3K/img/trainval2175.png,tn3k,trainval2175,tn3k_trainval2175,png
/home/user/data/phyusformer_data/post_miccai_exps/data/US30k/US30K/ThyroidNodule-TN3K/img/trainval2176.png,tn3k,trainval2176,tn3k_trainval2176,png
/home/user/data/phyusformer_data/post_miccai_exps/data/US30k/US30K/ThyroidNodule-TN3K/img/trainval2177.png,tn3k,trainval2177,tn3k_trainval2177,png
/home/user/data/phyusformer_data/post_miccai_exps/data/US30k/US30K/ThyroidNodule-TN3K/img/trainval2178.png,tn3k,trainval2178,tn3k_trainval2178,png
/home/user/data/phyusformer_data/post_miccai_exps/data/US30k/US30K/ThyroidNodule-TN3K/img/trainval2179.png,tn3k,trainval2179,tn3k_trainval2179,png
/home/user/data/phyusformer_data/post_miccai_exps/data/US30k/US30K/ThyroidNodule-TN3K/img/trainval2180.png,tn3k,trainval2180,tn3k_trainval2180,png
/home/user/data/phyusformer_data/post_miccai_exps/data/US30k/US30K/ThyroidNodule-TN3K/img/trainval2181.png,tn3k,trainval2181,tn3k_trainval2181,png
/home/user/data/phyusformer_data/post_miccai_exps/data/US30k/US30K/ThyroidNodule-TN3K/img/trainval2182.png,tn3k,trainval2182,tn3k_trainval2182,png
/home/user/data/phyusformer_data/post_miccai_exps/data/US30k/US30K/ThyroidNodule-TN3K/img/trainval2183.png,tn3k,trainval2183,tn3k_trainval2183,png
/home/user/data/phyusformer_data/post_miccai_exps/data/US30k/US30K/ThyroidNodule-TN3K/img/trainval2184.png,tn3k,trainval2184,tn3k_trainval2184,png
/home/user/data/phyusformer_data/post_miccai_exps/data/US30k/US30K/ThyroidNodule-TN3K/img/trainval2185.png,tn3k,trainval2185,tn3k_trainval2185,png
/home/user/data/phyusformer_data/post_miccai_exps/data/US30k/US30K/ThyroidNodule-TN3K/img/trainval2186.png,tn3k,trainval2186,tn3k_trainval2186,png
/home/user/data/phyusformer_data/post_miccai_exps/data/US30k/US30K/ThyroidNodule-TN3K/img/trainval2187.png,tn3k,trainval2187,tn3k_trainval2187,png
/home/user/data/phyusformer_data/post_miccai_exps/data/US30k/US30K/ThyroidNodule-TN3K/img/trainval2188.png,tn3k,trainval2188,tn3k_trainval2188,png
/home/user/data/phyusformer_data/post_miccai_exps/data/US30k/US30K/ThyroidNodule-TN3K/img/trainval2189.png,tn3k,trainval2189,tn3k_trainval2189,png
/home/user/data/phyusformer_data/post_miccai_exps/data/US30k/US30K/ThyroidNodule-TN3K/img/trainval2190.png,tn3k,trainval2190,tn3k_trainval2190,png
/home/user/data/phyusformer_data/post_miccai_exps/data/US30k/US30K/ThyroidNodule-TN3K/img/trainval2191.png,tn3k,trainval2191,tn3k_trainval2191,png
/home/user/data/phyusformer_data/post_miccai_exps/data/US30k/US30K/ThyroidNodule-TN3K/img/trainval2192.png,tn3k,trainval2192,tn3k_trainval2192,png
/home/user/data/phyusformer_data/post_miccai_exps/data/US30k/US30K/ThyroidNodule-TN3K/img/trainval2193.png,tn3k,trainval2193,tn3k_trainval2193,png
/home/user/data/phyusformer_data/post_miccai_exps/data/US30k/US30K/ThyroidNodule-TN3K/img/trainval2194.png,tn3k,trainval2194,tn3k_trainval2194,png
/home/user/data/phyusformer_data/post_miccai_exps/data/US30k/US30K/ThyroidNodule-TN3K/img/trainval2195.png,tn3k,trainval2195,tn3k_trainval2195,png
/home/user/data/phyusformer_data/post_miccai_exps/data/US30k/US30K/ThyroidNodule-TN3K/img/trainval2196.png,tn3k,trainval2196,tn3k_trainval2196,png
/home/user/data/phyusformer_data/post_miccai_exps/data/US30k/US30K/ThyroidNodule-TN3K/img/trainval2197.png,tn3k,trainval2197,tn3k_trainval2197,png
/home/user/data/phyusformer_data/post_miccai_exps/data/US30k/US30K/ThyroidNodule-TN3K/img/trainval2198.png,tn3k,trainval2198,tn3k_trainval2198,png
/home/user/data/phyusformer_data/post_miccai_exps/data/US30k/US30K/ThyroidNodule-TN3K/img/trainval2199.png,tn3k,trainval2199,tn3k_trainval2199,png
/home/user/data/phyusformer_data/post_miccai_exps/data/US30k/US30K/ThyroidNodule-TN3K/img/trainval2200.png,tn3k,trainval2200,tn3k_trainval2200,png
/home/user/data/phyusformer_data/post_miccai_exps/data/US30k/US30K/ThyroidNodule-TN3K/img/trainval2201.png,tn3k,trainval2201,tn3k_trainval2201,png
/home/user/data/phyusformer_data/post_miccai_exps/data/US30k/US30K/ThyroidNodule-TN3K/img/trainval2202.png,tn3k,trainval2202,tn3k_trainval2202,png
/home/user/data/phyusformer_data/post_miccai_exps/data/US30k/US30K/ThyroidNodule-TN3K/img/trainval2203.png,tn3k,trainval2203,tn3k_trainval2203,png
/home/user/data/phyusformer_data/post_miccai_exps/data/US30k/US30K/ThyroidNodule-TN3K/img/trainval2204.png,tn3k,trainval2204,tn3k_trainval2204,png
/home/user/data/phyusformer_data/post_miccai_exps/data/US30k/US30K/ThyroidNodule-TN3K/img/trainval2205.png,tn3k,trainval2205,tn3k_trainval2205,png
/home/user/data/phyusformer_data/post_miccai_exps/data/US30k/US30K/ThyroidNodule-TN3K/img/trainval2206.png,tn3k,trainval2206,tn3k_trainval2206,png
/home/user/data/phyusformer_data/post_miccai_exps/data/US30k/US30K/ThyroidNodule-TN3K/img/trainval2207.png,tn3k,trainval2207,tn3k_trainval2207,png
/home/user/data/phyusformer_data/post_miccai_exps/data/US30k/US30K/ThyroidNodule-TN3K/img/trainval2208.png,tn3k,trainval2208,tn3k_trainval2208,png
/home/user/data/phyusformer_data/post_miccai_exps/data/US30k/US30K/ThyroidNodule-TN3K/img/trainval2209.png,tn3k,trainval2209,tn3k_trainval2209,png
/home/user/data/phyusformer_data/post_miccai_exps/data/US30k/US30K/ThyroidNodule-TN3K/img/trainval2210.png,tn3k,trainval2210,tn3k_trainval2210,png
/home/user/data/phyusformer_data/post_miccai_exps/data/US30k/US30K/ThyroidNodule-TN3K/img/trainval2211.png,tn3k,trainval2211,tn3k_trainval2211,png
/home/user/data/phyusformer_data/post_miccai_exps/data/US30k/US30K/ThyroidNodule-TN3K/img/trainval2212.png,tn3k,trainval2212,tn3k_trainval2212,png
/home/user/data/phyusformer_data/post_miccai_exps/data/US30k/US30K/ThyroidNodule-TN3K/img/trainval2213.png,tn3k,trainval2213,tn3k_trainval2213,png
/home/user/data/phyusformer_data/post_miccai_exps/data/US30k/US30K/ThyroidNodule-TN3K/img/trainval2214.png,tn3k,trainval2214,tn3k_trainval2214,png
/home/user/data/phyusformer_data/post_miccai_exps/data/US30k/US30K/ThyroidNodule-TN3K/img/trainval2215.png,tn3k,trainval2215,tn3k_trainval2215,png
/home/user/data/phyusformer_data/post_miccai_exps/data/US30k/US30K/ThyroidNodule-TN3K/img/trainval2216.png,tn3k,trainval2216,tn3k_trainval2216,png
/home/user/data/phyusformer_data/post_miccai_exps/data/US30k/US30K/ThyroidNodule-TN3K/img/trainval2217.png,tn3k,trainval2217,tn3k_trainval2217,png
/home/user/data/phyusformer_data/post_miccai_exps/data/US30k/US30K/ThyroidNodule-TN3K/img/trainval2218.png,tn3k,trainval2218,tn3k_trainval2218,png
/home/user/data/phyusformer_data/post_miccai_exps/data/US30k/US30K/ThyroidNodule-TN3K/img/trainval2219.png,tn3k,trainval2219,tn3k_trainval2219,png
/home/user/data/phyusformer_data/post_miccai_exps/data/US30k/US30K/ThyroidNodule-TN3K/img/trainval2220.png,tn3k,trainval2220,tn3k_trainval2220,png
/home/user/data/phyusformer_data/post_miccai_exps/data/US30k/US30K/ThyroidNodule-TN3K/img/trainval2221.png,tn3k,trainval2221,tn3k_trainval2221,png
/home/user/data/phyusformer_data/post_miccai_exps/data/US30k/US30K/ThyroidNodule-TN3K/img/trainval2222.png,tn3k,trainval2222,tn3k_trainval2222,png
/home/user/data/phyusformer_data/post_miccai_exps/data/US30k/US30K/ThyroidNodule-TN3K/img/trainval2223.png,tn3k,trainval2223,tn3k_trainval2223,png
/home/user/data/phyusformer_data/post_miccai_exps/data/US30k/US30K/ThyroidNodule-TN3K/img/trainval2224.png,tn3k,trainval2224,tn3k_trainval2224,png
/home/user/data/phyusformer_data/post_miccai_exps/data/US30k/US30K/ThyroidNodule-TN3K/img/trainval2225.png,tn3k,trainval2225,tn3k_trainval2225,png
/home/user/data/phyusformer_data/post_miccai_exps/data/US30k/US30K/ThyroidNodule-TN3K/img/trainval2226.png,tn3k,trainval2226,tn3k_trainval2226,png
/home/user/data/phyusformer_data/post_miccai_exps/data/US30k/US30K/ThyroidNodule-TN3K/img/trainval2227.png,tn3k,trainval2227,tn3k_trainval2227,png
/home/user/data/phyusformer_data/post_miccai_exps/data/US30k/US30K/ThyroidNodule-TN3K/img/trainval2228.png,tn3k,trainval2228,tn3k_trainval2228,png
/home/user/data/phyusformer_data/post_miccai_exps/data/US30k/US30K/ThyroidNodule-TN3K/img/trainval2229.png,tn3k,trainval2229,tn3k_trainval2229,png
/home/user/data/phyusformer_data/post_miccai_exps/data/US30k/US30K/ThyroidNodule-TN3K/img/trainval2230.png,tn3k,trainval2230,tn3k_trainval2230,png
/home/user/data/phyusformer_data/post_miccai_exps/data/US30k/US30K/ThyroidNodule-TN3K/img/trainval2231.png,tn3k,trainval2231,tn3k_trainval2231,png
/home/user/data/phyusformer_data/post_miccai_exps/data/US30k/US30K/ThyroidNodule-TN3K/img/trainval2232.png,tn3k,trainval2232,tn3k_trainval2232,png
/home/user/data/phyusformer_data/post_miccai_exps/data/US30k/US30K/ThyroidNodule-TN3K/img/trainval2233.png,tn3k,trainval2233,tn3k_trainval2233,png
/home/user/data/phyusformer_data/post_miccai_exps/data/US30k/US30K/ThyroidNodule-TN3K/img/trainval2234.png,tn3k,trainval2234,tn3k_trainval2234,png
/home/user/data/phyusformer_data/post_miccai_exps/data/US30k/US30K/ThyroidNodule-TN3K/img/trainval2235.png,tn3k,trainval2235,tn3k_trainval2235,png
/home/user/data/phyusformer_data/post_miccai_exps/data/US30k/US30K/ThyroidNodule-TN3K/img/trainval2236.png,tn3k,trainval2236,tn3k_trainval2236,png
/home/user/data/phyusformer_data/post_miccai_exps/data/US30k/US30K/ThyroidNodule-TN3K/img/trainval2237.png,tn3k,trainval2237,tn3k_trainval2237,png
/home/user/data/phyusformer_data/post_miccai_exps/data/US30k/US30K/ThyroidNodule-TN3K/img/trainval2238.png,tn3k,trainval2238,tn3k_trainval2238,png
/home/user/data/phyusformer_data/post_miccai_exps/data/US30k/US30K/ThyroidNodule-TN3K/img/trainval2239.png,tn3k,trainval2239,tn3k_trainval2239,png
/home/user/data/phyusformer_data/post_miccai_exps/data/US30k/US30K/ThyroidNodule-TN3K/img/trainval2240.png,tn3k,trainval2240,tn3k_trainval2240,png
/home/user/data/phyusformer_data/post_miccai_exps/data/US30k/US30K/ThyroidNodule-TN3K/img/trainval2241.png,tn3k,trainval2241,tn3k_trainval2241,png
/home/user/data/phyusformer_data/post_miccai_exps/data/US30k/US30K/ThyroidNodule-TN3K/img/trainval2242.png,tn3k,trainval2242,tn3k_trainval2242,png
/home/user/data/phyusformer_data/post_miccai_exps/data/US30k/US30K/ThyroidNodule-TN3K/img/trainval2243.png,tn3k,trainval2243,tn3k_trainval2243,png
/home/user/data/phyusformer_data/post_miccai_exps/data/US30k/US30K/ThyroidNodule-TN3K/img/trainval2244.png,tn3k,trainval2244,tn3k_trainval2244,png
/home/user/data/phyusformer_data/post_miccai_exps/data/US30k/US30K/ThyroidNodule-TN3K/img/trainval2245.png,tn3k,trainval2245,tn3k_trainval2245,png
/home/user/data/phyusformer_data/post_miccai_exps/data/US30k/US30K/ThyroidNodule-TN3K/img/trainval2246.png,tn3k,trainval2246,tn3k_trainval2246,png
/home/user/data/phyusformer_data/post_miccai_exps/data/US30k/US30K/ThyroidNodule-TN3K/img/trainval2247.png,tn3k,trainval2247,tn3k_trainval2247,png
/home/user/data/phyusformer_data/post_miccai_exps/data/US30k/US30K/ThyroidNodule-TN3K/img/trainval2248.png,tn3k,trainval2248,tn3k_trainval2248,png
/home/user/data/phyusformer_data/post_miccai_exps/data/US30k/US30K/ThyroidNodule-TN3K/img/trainval2249.png,tn3k,trainval2249,tn3k_trainval2249,png
/home/user/data/phyusformer_data/post_miccai_exps/data/US30k/US30K/ThyroidNodule-TN3K/img/trainval2250.png,tn3k,trainval2250,tn3k_trainval2250,png
/home/user/data/phyusformer_data/post_miccai_exps/data/US30k/US30K/ThyroidNodule-TN3K/img/trainval2251.png,tn3k,trainval2251,tn3k_trainval2251,png
/home/user/data/phyusformer_data/post_miccai_exps/data/US30k/US30K/ThyroidNodule-TN3K/img/trainval2252.png,tn3k,trainval2252,tn3k_trainval2252,png
/home/user/data/phyusformer_data/post_miccai_exps/data/US30k/US30K/ThyroidNodule-TN3K/img/trainval2253.png,tn3k,trainval2253,tn3k_trainval2253,png
/home/user/data/phyusformer_data/post_miccai_exps/data/US30k/US30K/ThyroidNodule-TN3K/img/trainval2254.png,tn3k,trainval2254,tn3k_trainval2254,png
/home/user/data/phyusformer_data/post_miccai_exps/data/US30k/US30K/ThyroidNodule-TN3K/img/trainval2255.png,tn3k,trainval2255,tn3k_trainval2255,png
/home/user/data/phyusformer_data/post_miccai_exps/data/US30k/US30K/ThyroidNodule-TN3K/img/trainval2256.png,tn3k,trainval2256,tn3k_trainval2256,png
/home/user/data/phyusformer_data/post_miccai_exps/data/US30k/US30K/ThyroidNodule-TN3K/img/trainval2257.png,tn3k,trainval2257,tn3k_trainval2257,png
/home/user/data/phyusformer_data/post_miccai_exps/data/US30k/US30K/ThyroidNodule-TN3K/img/trainval2258.png,tn3k,trainval2258,tn3k_trainval2258,png
/home/user/data/phyusformer_data/post_miccai_exps/data/US30k/US30K/ThyroidNodule-TN3K/img/trainval2259.png,tn3k,trainval2259,tn3k_trainval2259,png
/home/user/data/phyusformer_data/post_miccai_exps/data/US30k/US30K/ThyroidNodule-TN3K/img/trainval2260.png,tn3k,trainval2260,tn3k_trainval2260,png
/home/user/data/phyusformer_data/post_miccai_exps/data/US30k/US30K/ThyroidNodule-TN3K/img/trainval2261.png,tn3k,trainval2261,tn3k_trainval2261,png
/home/user/data/phyusformer_data/post_miccai_exps/data/US30k/US30K/ThyroidNodule-TN3K/img/trainval2262.png,tn3k,trainval2262,tn3k_trainval2262,png
/home/user/data/phyusformer_data/post_miccai_exps/data/US30k/US30K/ThyroidNodule-TN3K/img/trainval2263.png,tn3k,trainval2263,tn3k_trainval2263,png
/home/user/data/phyusformer_data/post_miccai_exps/data/US30k/US30K/ThyroidNodule-TN3K/img/trainval2264.png,tn3k,trainval2264,tn3k_trainval2264,png
/home/user/data/phyusformer_data/post_miccai_exps/data/US30k/US30K/ThyroidNodule-TN3K/img/trainval2265.png,tn3k,trainval2265,tn3k_trainval2265,png
/home/user/data/phyusformer_data/post_miccai_exps/data/US30k/US30K/ThyroidNodule-TN3K/img/trainval2266.png,tn3k,trainval2266,tn3k_trainval2266,png
/home/user/data/phyusformer_data/post_miccai_exps/data/US30k/US30K/ThyroidNodule-TN3K/img/trainval2267.png,tn3k,trainval2267,tn3k_trainval2267,png
/home/user/data/phyusformer_data/post_miccai_exps/data/US30k/US30K/ThyroidNodule-TN3K/img/trainval2268.png,tn3k,trainval2268,tn3k_trainval2268,png
/home/user/data/phyusformer_data/post_miccai_exps/data/US30k/US30K/ThyroidNodule-TN3K/img/trainval2269.png,tn3k,trainval2269,tn3k_trainval2269,png
/home/user/data/phyusformer_data/post_miccai_exps/data/US30k/US30K/ThyroidNodule-TN3K/img/trainval2270.png,tn3k,trainval2270,tn3k_trainval2270,png
/home/user/data/phyusformer_data/post_miccai_exps/data/US30k/US30K/ThyroidNodule-TN3K/img/trainval2271.png,tn3k,trainval2271,tn3k_trainval2271,png
/home/user/data/phyusformer_data/post_miccai_exps/data/US30k/US30K/ThyroidNodule-TN3K/img/trainval2272.png,tn3k,trainval2272,tn3k_trainval2272,png
/home/user/data/phyusformer_data/post_miccai_exps/data/US30k/US30K/ThyroidNodule-TN3K/img/trainval2273.png,tn3k,trainval2273,tn3k_trainval2273,png
/home/user/data/phyusformer_data/post_miccai_exps/data/US30k/US30K/ThyroidNodule-TN3K/img/trainval2274.png,tn3k,trainval2274,tn3k_trainval2274,png
/home/user/data/phyusformer_data/post_miccai_exps/data/US30k/US30K/ThyroidNodule-TN3K/img/trainval2275.png,tn3k,trainval2275,tn3k_trainval2275,png
/home/user/data/phyusformer_data/post_miccai_exps/data/US30k/US30K/ThyroidNodule-TN3K/img/trainval2276.png,tn3k,trainval2276,tn3k_trainval2276,png
/home/user/data/phyusformer_data/post_miccai_exps/data/US30k/US30K/ThyroidNodule-TN3K/img/trainval2277.png,tn3k,trainval2277,tn3k_trainval2277,png
/home/user/data/phyusformer_data/post_miccai_exps/data/US30k/US30K/ThyroidNodule-TN3K/img/trainval2278.png,tn3k,trainval2278,tn3k_trainval2278,png
/home/user/data/phyusformer_data/post_miccai_exps/data/US30k/US30K/ThyroidNodule-TN3K/img/trainval2279.png,tn3k,trainval2279,tn3k_trainval2279,png
/home/user/data/phyusformer_data/post_miccai_exps/data/US30k/US30K/ThyroidNodule-TN3K/img/trainval2280.png,tn3k,trainval2280,tn3k_trainval2280,png
/home/user/data/phyusformer_data/post_miccai_exps/data/US30k/US30K/ThyroidNodule-TN3K/img/trainval2281.png,tn3k,trainval2281,tn3k_trainval2281,png
/home/user/data/phyusformer_data/post_miccai_exps/data/US30k/US30K/ThyroidNodule-TN3K/img/trainval2282.png,tn3k,trainval2282,tn3k_trainval2282,png
/home/user/data/phyusformer_data/post_miccai_exps/data/US30k/US30K/ThyroidNodule-TN3K/img/trainval2283.png,tn3k,trainval2283,tn3k_trainval2283,png
/home/user/data/phyusformer_data/post_miccai_exps/data/US30k/US30K/ThyroidNodule-TN3K/img/trainval2284.png,tn3k,trainval2284,tn3k_trainval2284,png
/home/user/data/phyusformer_data/post_miccai_exps/data/US30k/US30K/ThyroidNodule-TN3K/img/trainval2285.png,tn3k,trainval2285,tn3k_trainval2285,png
/home/user/data/phyusformer_data/post_miccai_exps/data/US30k/US30K/ThyroidNodule-TN3K/img/trainval2286.png,tn3k,trainval2286,tn3k_trainval2286,png
/home/user/data/phyusformer_data/post_miccai_exps/data/US30k/US30K/ThyroidNodule-TN3K/img/trainval2287.png,tn3k,trainval2287,tn3k_trainval2287,png
/home/user/data/phyusformer_data/post_miccai_exps/data/US30k/US30K/ThyroidNodule-TN3K/img/trainval2288.png,tn3k,trainval2288,tn3k_trainval2288,png
/home/user/data/phyusformer_data/post_miccai_exps/data/US30k/US30K/ThyroidNodule-TN3K/img/trainval2289.png,tn3k,trainval2289,tn3k_trainval2289,png
/home/user/data/phyusformer_data/post_miccai_exps/data/US30k/US30K/ThyroidNodule-TN3K/img/trainval2290.png,tn3k,trainval2290,tn3k_trainval2290,png
/home/user/data/phyusformer_data/post_miccai_exps/data/US30k/US30K/ThyroidNodule-TN3K/img/trainval2291.png,tn3k,trainval2291,tn3k_trainval2291,png
/home/user/data/phyusformer_data/post_miccai_exps/data/US30k/US30K/ThyroidNodule-TN3K/img/trainval2292.png,tn3k,trainval2292,tn3k_trainval2292,png
/home/user/data/phyusformer_data/post_miccai_exps/data/US30k/US30K/ThyroidNodule-TN3K/img/trainval2293.png,tn3k,trainval2293,tn3k_trainval2293,png
/home/user/data/phyusformer_data/post_miccai_exps/data/US30k/US30K/ThyroidNodule-TN3K/img/trainval2294.png,tn3k,trainval2294,tn3k_trainval2294,png
/home/user/data/phyusformer_data/post_miccai_exps/data/US30k/US30K/ThyroidNodule-TN3K/img/trainval2295.png,tn3k,trainval2295,tn3k_trainval2295,png
/home/user/data/phyusformer_data/post_miccai_exps/data/US30k/US30K/ThyroidNodule-TN3K/img/trainval2296.png,tn3k,trainval2296,tn3k_trainval2296,png
/home/user/data/phyusformer_data/post_miccai_exps/data/US30k/US30K/ThyroidNodule-TN3K/img/trainval2297.png,tn3k,trainval2297,tn3k_trainval2297,png
/home/user/data/phyusformer_data/post_miccai_exps/data/US30k/US30K/ThyroidNodule-TN3K/img/trainval2298.png,tn3k,trainval2298,tn3k_trainval2298,png
/home/user/data/phyusformer_data/post_miccai_exps/data/US30k/US30K/ThyroidNodule-TN3K/img/trainval2299.png,tn3k,trainval2299,tn3k_trainval2299,png
/home/user/data/phyusformer_data/post_miccai_exps/data/US30k/US30K/ThyroidNodule-TN3K/img/trainval2300.png,tn3k,trainval2300,tn3k_trainval2300,png
/home/user/data/phyusformer_data/post_miccai_exps/data/US30k/US30K/ThyroidNodule-TN3K/img/trainval2301.png,tn3k,trainval2301,tn3k_trainval2301,png
/home/user/data/phyusformer_data/post_miccai_exps/data/US30k/US30K/ThyroidNodule-TN3K/img/trainval2302.png,tn3k,trainval2302,tn3k_trainval2302,png
/home/user/data/phyusformer_data/post_miccai_exps/data/US30k/US30K/ThyroidNodule-TN3K/img/trainval2303.png,tn3k,trainval2303,tn3k_trainval2303,png
/home/user/data/phyusformer_data/post_miccai_exps/data/US30k/US30K/ThyroidNodule-TN3K/img/trainval2304.png,tn3k,trainval2304,tn3k_trainval2304,png
/home/user/data/phyusformer_data/post_miccai_exps/data/US30k/US30K/ThyroidNodule-TN3K/img/trainval2305.png,tn3k,trainval2305,tn3k_trainval2305,png
/home/user/data/phyusformer_data/post_miccai_exps/data/US30k/US30K/ThyroidNodule-TN3K/img/trainval2306.png,tn3k,trainval2306,tn3k_trainval2306,png
/home/user/data/phyusformer_data/post_miccai_exps/data/US30k/US30K/ThyroidNodule-TN3K/img/trainval2307.png,tn3k,trainval2307,tn3k_trainval2307,png
/home/user/data/phyusformer_data/post_miccai_exps/data/US30k/US30K/ThyroidNodule-TN3K/img/trainval2308.png,tn3k,trainval2308,tn3k_trainval2308,png
/home/user/data/phyusformer_data/post_miccai_exps/data/US30k/US30K/ThyroidNodule-TN3K/img/trainval2309.png,tn3k,trainval2309,tn3k_trainval2309,png
/home/user/data/phyusformer_data/post_miccai_exps/data/US30k/US30K/ThyroidNodule-TN3K/img/trainval2310.png,tn3k,trainval2310,tn3k_trainval2310,png
/home/user/data/phyusformer_data/post_miccai_exps/data/US30k/US30K/ThyroidNodule-TN3K/img/trainval2311.png,tn3k,trainval2311,tn3k_trainval2311,png
/home/user/data/phyusformer_data/post_miccai_exps/data/US30k/US30K/ThyroidNodule-TN3K/img/trainval2312.png,tn3k,trainval2312,tn3k_trainval2312,png
/home/user/data/phyusformer_data/post_miccai_exps/data/US30k/US30K/ThyroidNodule-TN3K/img/trainval2313.png,tn3k,trainval2313,tn3k_trainval2313,png
/home/user/data/phyusformer_data/post_miccai_exps/data/US30k/US30K/ThyroidNodule-TN3K/img/trainval2314.png,tn3k,trainval2314,tn3k_trainval2314,png
/home/user/data/phyusformer_data/post_miccai_exps/data/US30k/US30K/ThyroidNodule-TN3K/img/trainval2315.png,tn3k,trainval2315,tn3k_trainval2315,png
/home/user/data/phyusformer_data/post_miccai_exps/data/US30k/US30K/ThyroidNodule-TN3K/img/trainval2316.png,tn3k,trainval2316,tn3k_trainval2316,png
/home/user/data/phyusformer_data/post_miccai_exps/data/US30k/US30K/ThyroidNodule-TN3K/img/trainval2317.png,tn3k,trainval2317,tn3k_trainval2317,png
/home/user/data/phyusformer_data/post_miccai_exps/data/US30k/US30K/ThyroidNodule-TN3K/img/trainval2318.png,tn3k,trainval2318,tn3k_trainval2318,png
/home/user/data/phyusformer_data/post_miccai_exps/data/US30k/US30K/ThyroidNodule-TN3K/img/trainval2319.png,tn3k,trainval2319,tn3k_trainval2319,png
/home/user/data/phyusformer_data/post_miccai_exps/data/US30k/US30K/ThyroidNodule-TN3K/img/trainval2320.png,tn3k,trainval2320,tn3k_trainval2320,png
/home/user/data/phyusformer_data/post_miccai_exps/data/US30k/US30K/ThyroidNodule-TN3K/img/trainval2321.png,tn3k,trainval2321,tn3k_trainval2321,png
/home/user/data/phyusformer_data/post_miccai_exps/data/US30k/US30K/ThyroidNodule-TN3K/img/trainval2322.png,tn3k,trainval2322,tn3k_trainval2322,png
/home/user/data/phyusformer_data/post_miccai_exps/data/US30k/US30K/ThyroidNodule-TN3K/img/trainval2323.png,tn3k,trainval2323,tn3k_trainval2323,png
/home/user/data/phyusformer_data/post_miccai_exps/data/US30k/US30K/ThyroidNodule-TN3K/img/trainval2324.png,tn3k,trainval2324,tn3k_trainval2324,png
/home/user/data/phyusformer_data/post_miccai_exps/data/US30k/US30K/ThyroidNodule-TN3K/img/trainval2325.png,tn3k,trainval2325,tn3k_trainval2325,png
/home/user/data/phyusformer_data/post_miccai_exps/data/US30k/US30K/ThyroidNodule-TN3K/img/trainval2326.png,tn3k,trainval2326,tn3k_trainval2326,png
/home/user/data/phyusformer_data/post_miccai_exps/data/US30k/US30K/ThyroidNodule-TN3K/img/trainval2327.png,tn3k,trainval2327,tn3k_trainval2327,png
/home/user/data/phyusformer_data/post_miccai_exps/data/US30k/US30K/ThyroidNodule-TN3K/img/trainval2328.png,tn3k,trainval2328,tn3k_trainval2328,png
/home/user/data/phyusformer_data/post_miccai_exps/data/US30k/US30K/ThyroidNodule-TN3K/img/trainval2329.png,tn3k,trainval2329,tn3k_trainval2329,png
/home/user/data/phyusformer_data/post_miccai_exps/data/US30k/US30K/ThyroidNodule-TN3K/img/trainval2330.png,tn3k,trainval2330,tn3k_trainval2330,png
/home/user/data/phyusformer_data/post_miccai_exps/data/US30k/US30K/ThyroidNodule-TN3K/img/trainval2331.png,tn3k,trainval2331,tn3k_trainval2331,png
/home/user/data/phyusformer_data/post_miccai_exps/data/US30k/US30K/ThyroidNodule-TN3K/img/trainval2332.png,tn3k,trainval2332,tn3k_trainval2332,png
/home/user/data/phyusformer_data/post_miccai_exps/data/US30k/US30K/ThyroidNodule-TN3K/img/trainval2333.png,tn3k,trainval2333,tn3k_trainval2333,png
/home/user/data/phyusformer_data/post_miccai_exps/data/US30k/US30K/ThyroidNodule-TN3K/img/trainval2334.png,tn3k,trainval2334,tn3k_trainval2334,png
/home/user/data/phyusformer_data/post_miccai_exps/data/US30k/US30K/ThyroidNodule-TN3K/img/trainval2335.png,tn3k,trainval2335,tn3k_trainval2335,png
/home/user/data/phyusformer_data/post_miccai_exps/data/US30k/US30K/ThyroidNodule-TN3K/img/trainval2336.png,tn3k,trainval2336,tn3k_trainval2336,png
/home/user/data/phyusformer_data/post_miccai_exps/data/US30k/US30K/ThyroidNodule-TN3K/img/trainval2337.png,tn3k,trainval2337,tn3k_trainval2337,png
/home/user/data/phyusformer_data/post_miccai_exps/data/US30k/US30K/ThyroidNodule-TN3K/img/trainval2338.png,tn3k,trainval2338,tn3k_trainval2338,png
/home/user/data/phyusformer_data/post_miccai_exps/data/US30k/US30K/ThyroidNodule-TN3K/img/trainval2339.png,tn3k,trainval2339,tn3k_trainval2339,png
/home/user/data/phyusformer_data/post_miccai_exps/data/US30k/US30K/ThyroidNodule-TN3K/img/trainval2340.png,tn3k,trainval2340,tn3k_trainval2340,png
/home/user/data/phyusformer_data/post_miccai_exps/data/US30k/US30K/ThyroidNodule-TN3K/img/trainval2341.png,tn3k,trainval2341,tn3k_trainval2341,png
/home/user/data/phyusformer_data/post_miccai_exps/data/US30k/US30K/ThyroidNodule-TN3K/img/trainval2342.png,tn3k,trainval2342,tn3k_trainval2342,png
/home/user/data/phyusformer_data/post_miccai_exps/data/US30k/US30K/ThyroidNodule-TN3K/img/trainval2343.png,tn3k,trainval2343,tn3k_trainval2343,png
/home/user/data/phyusformer_data/post_miccai_exps/data/US30k/US30K/ThyroidNodule-TN3K/img/trainval2344.png,tn3k,trainval2344,tn3k_trainval2344,png
/home/user/data/phyusformer_data/post_miccai_exps/data/US30k/US30K/ThyroidNodule-TN3K/img/trainval2345.png,tn3k,trainval2345,tn3k_trainval2345,png
/home/user/data/phyusformer_data/post_miccai_exps/data/US30k/US30K/ThyroidNodule-TN3K/img/trainval2346.png,tn3k,trainval2346,tn3k_trainval2346,png
/home/user/data/phyusformer_data/post_miccai_exps/data/US30k/US30K/ThyroidNodule-TN3K/img/trainval2347.png,tn3k,trainval2347,tn3k_trainval2347,png
/home/user/data/phyusformer_data/post_miccai_exps/data/US30k/US30K/ThyroidNodule-TN3K/img/trainval2348.png,tn3k,trainval2348,tn3k_trainval2348,png
/home/user/data/phyusformer_data/post_miccai_exps/data/US30k/US30K/ThyroidNodule-TN3K/img/trainval2349.png,tn3k,trainval2349,tn3k_trainval2349,png
/home/user/data/phyusformer_data/post_miccai_exps/data/US30k/US30K/ThyroidNodule-TN3K/img/trainval2350.png,tn3k,trainval2350,tn3k_trainval2350,png
/home/user/data/phyusformer_data/post_miccai_exps/data/US30k/US30K/ThyroidNodule-TN3K/img/trainval2351.png,tn3k,trainval2351,tn3k_trainval2351,png
/home/user/data/phyusformer_data/post_miccai_exps/data/US30k/US30K/ThyroidNodule-TN3K/img/trainval2352.png,tn3k,trainval2352,tn3k_trainval2352,png
/home/user/data/phyusformer_data/post_miccai_exps/data/US30k/US30K/ThyroidNodule-TN3K/img/trainval2353.png,tn3k,trainval2353,tn3k_trainval2353,png
/home/user/data/phyusformer_data/post_miccai_exps/data/US30k/US30K/ThyroidNodule-TN3K/img/trainval2354.png,tn3k,trainval2354,tn3k_trainval2354,png
/home/user/data/phyusformer_data/post_miccai_exps/data/US30k/US30K/ThyroidNodule-TN3K/img/trainval2355.png,tn3k,trainval2355,tn3k_trainval2355,png
/home/user/data/phyusformer_data/post_miccai_exps/data/US30k/US30K/ThyroidNodule-TN3K/img/trainval2356.png,tn3k,trainval2356,tn3k_trainval2356,png
/home/user/data/phyusformer_data/post_miccai_exps/data/US30k/US30K/ThyroidNodule-TN3K/img/trainval2357.png,tn3k,trainval2357,tn3k_trainval2357,png
/home/user/data/phyusformer_data/post_miccai_exps/data/US30k/US30K/ThyroidNodule-TN3K/img/trainval2358.png,tn3k,trainval2358,tn3k_trainval2358,png
/home/user/data/phyusformer_data/post_miccai_exps/data/US30k/US30K/ThyroidNodule-TN3K/img/trainval2359.png,tn3k,trainval2359,tn3k_trainval2359,png
/home/user/data/phyusformer_data/post_miccai_exps/data/US30k/US30K/ThyroidNodule-TN3K/img/trainval2360.png,tn3k,trainval2360,tn3k_trainval2360,png
/home/user/data/phyusformer_data/post_miccai_exps/data/US30k/US30K/ThyroidNodule-TN3K/img/trainval2361.png,tn3k,trainval2361,tn3k_trainval2361,png
/home/user/data/phyusformer_data/post_miccai_exps/data/US30k/US30K/ThyroidNodule-TN3K/img/trainval2362.png,tn3k,trainval2362,tn3k_trainval2362,png
/home/user/data/phyusformer_data/post_miccai_exps/data/US30k/US30K/ThyroidNodule-TN3K/img/trainval2363.png,tn3k,trainval2363,tn3k_trainval2363,png
/home/user/data/phyusformer_data/post_miccai_exps/data/US30k/US30K/ThyroidNodule-TN3K/img/trainval2364.png,tn3k,trainval2364,tn3k_trainval2364,png
/home/user/data/phyusformer_data/post_miccai_exps/data/US30k/US30K/ThyroidNodule-TN3K/img/trainval2365.png,tn3k,trainval2365,tn3k_trainval2365,png
/home/user/data/phyusformer_data/post_miccai_exps/data/US30k/US30K/ThyroidNodule-TN3K/img/trainval2366.png,tn3k,trainval2366,tn3k_trainval2366,png
/home/user/data/phyusformer_data/post_miccai_exps/data/US30k/US30K/ThyroidNodule-TN3K/img/trainval2367.png,tn3k,trainval2367,tn3k_trainval2367,png
/home/user/data/phyusformer_data/post_miccai_exps/data/US30k/US30K/ThyroidNodule-TN3K/img/trainval2368.png,tn3k,trainval2368,tn3k_trainval2368,png
/home/user/data/phyusformer_data/post_miccai_exps/data/US30k/US30K/ThyroidNodule-TN3K/img/trainval2369.png,tn3k,trainval2369,tn3k_trainval2369,png
/home/user/data/phyusformer_data/post_miccai_exps/data/US30k/US30K/ThyroidNodule-TN3K/img/trainval2370.png,tn3k,trainval2370,tn3k_trainval2370,png
/home/user/data/phyusformer_data/post_miccai_exps/data/US30k/US30K/ThyroidNodule-TN3K/img/trainval2371.png,tn3k,trainval2371,tn3k_trainval2371,png
/home/user/data/phyusformer_data/post_miccai_exps/data/US30k/US30K/ThyroidNodule-TN3K/img/trainval2372.png,tn3k,trainval2372,tn3k_trainval2372,png
/home/user/data/phyusformer_data/post_miccai_exps/data/US30k/US30K/ThyroidNodule-TN3K/img/trainval2373.png,tn3k,trainval2373,tn3k_trainval2373,png
/home/user/data/phyusformer_data/post_miccai_exps/data/US30k/US30K/ThyroidNodule-TN3K/img/trainval2374.png,tn3k,trainval2374,tn3k_trainval2374,png
/home/user/data/phyusformer_data/post_miccai_exps/data/US30k/US30K/ThyroidNodule-TN3K/img/trainval2375.png,tn3k,trainval2375,tn3k_trainval2375,png
/home/user/data/phyusformer_data/post_miccai_exps/data/US30k/US30K/ThyroidNodule-TN3K/img/trainval2376.png,tn3k,trainval2376,tn3k_trainval2376,png
/home/user/data/phyusformer_data/post_miccai_exps/data/US30k/US30K/ThyroidNodule-TN3K/img/trainval2377.png,tn3k,trainval2377,tn3k_trainval2377,png
/home/user/data/phyusformer_data/post_miccai_exps/data/US30k/US30K/ThyroidNodule-TN3K/img/trainval2378.png,tn3k,trainval2378,tn3k_trainval2378,png
/home/user/data/phyusformer_data/post_miccai_exps/data/US30k/US30K/ThyroidNodule-TN3K/img/trainval2379.png,tn3k,trainval2379,tn3k_trainval2379,png
/home/user/data/phyusformer_data/post_miccai_exps/data/US30k/US30K/ThyroidNodule-TN3K/img/trainval2380.png,tn3k,trainval2380,tn3k_trainval2380,png
/home/user/data/phyusformer_data/post_miccai_exps/data/US30k/US30K/ThyroidNodule-TN3K/img/trainval2381.png,tn3k,trainval2381,tn3k_trainval2381,png
/home/user/data/phyusformer_data/post_miccai_exps/data/US30k/US30K/ThyroidNodule-TN3K/img/trainval2382.png,tn3k,trainval2382,tn3k_trainval2382,png
/home/user/data/phyusformer_data/post_miccai_exps/data/US30k/US30K/ThyroidNodule-TN3K/img/trainval2383.png,tn3k,trainval2383,tn3k_trainval2383,png
/home/user/data/phyusformer_data/post_miccai_exps/data/US30k/US30K/ThyroidNodule-TN3K/img/trainval2384.png,tn3k,trainval2384,tn3k_trainval2384,png
/home/user/data/phyusformer_data/post_miccai_exps/data/US30k/US30K/ThyroidNodule-TN3K/img/trainval2385.png,tn3k,trainval2385,tn3k_trainval2385,png
/home/user/data/phyusformer_data/post_miccai_exps/data/US30k/US30K/ThyroidNodule-TN3K/img/trainval2386.png,tn3k,trainval2386,tn3k_trainval2386,png
/home/user/data/phyusformer_data/post_miccai_exps/data/US30k/US30K/ThyroidNodule-TN3K/img/trainval2387.png,tn3k,trainval2387,tn3k_trainval2387,png
/home/user/data/phyusformer_data/post_miccai_exps/data/US30k/US30K/ThyroidNodule-TN3K/img/trainval2388.png,tn3k,trainval2388,tn3k_trainval2388,png
/home/user/data/phyusformer_data/post_miccai_exps/data/US30k/US30K/ThyroidNodule-TN3K/img/trainval2389.png,tn3k,trainval2389,tn3k_trainval2389,png
/home/user/data/phyusformer_data/post_miccai_exps/data/US30k/US30K/ThyroidNodule-TN3K/img/trainval2390.png,tn3k,trainval2390,tn3k_trainval2390,png
/home/user/data/phyusformer_data/post_miccai_exps/data/US30k/US30K/ThyroidNodule-TN3K/img/trainval2391.png,tn3k,trainval2391,tn3k_trainval2391,png
/home/user/data/phyusformer_data/post_miccai_exps/data/US30k/US30K/ThyroidNodule-TN3K/img/trainval2392.png,tn3k,trainval2392,tn3k_trainval2392,png
/home/user/data/phyusformer_data/post_miccai_exps/data/US30k/US30K/ThyroidNodule-TN3K/img/trainval2393.png,tn3k,trainval2393,tn3k_trainval2393,png
/home/user/data/phyusformer_data/post_miccai_exps/data/US30k/US30K/ThyroidNodule-TN3K/img/trainval2394.png,tn3k,trainval2394,tn3k_trainval2394,png
/home/user/data/phyusformer_data/post_miccai_exps/data/US30k/US30K/ThyroidNodule-TN3K/img/trainval2395.png,tn3k,trainval2395,tn3k_trainval2395,png
/home/user/data/phyusformer_data/post_miccai_exps/data/US30k/US30K/ThyroidNodule-TN3K/img/trainval2396.png,tn3k,trainval2396,tn3k_trainval2396,png
/home/user/data/phyusformer_data/post_miccai_exps/data/US30k/US30K/ThyroidNodule-TN3K/img/trainval2397.png,tn3k,trainval2397,tn3k_trainval2397,png
/home/user/data/phyusformer_data/post_miccai_exps/data/US30k/US30K/ThyroidNodule-TN3K/img/trainval2398.png,tn3k,trainval2398,tn3k_trainval2398,png
/home/user/data/phyusformer_data/post_miccai_exps/data/US30k/US30K/ThyroidNodule-TN3K/img/trainval2399.png,tn3k,trainval2399,tn3k_trainval2399,png
/home/user/data/phyusformer_data/post_miccai_exps/data/US30k/US30K/ThyroidNodule-TN3K/img/trainval2400.png,tn3k,trainval2400,tn3k_trainval2400,png
/home/user/data/phyusformer_data/post_miccai_exps/data/US30k/US30K/ThyroidNodule-TN3K/img/trainval2401.png,tn3k,trainval2401,tn3k_trainval2401,png
/home/user/data/phyusformer_data/post_miccai_exps/data/US30k/US30K/ThyroidNodule-TN3K/img/trainval2402.png,tn3k,trainval2402,tn3k_trainval2402,png
/home/user/data/phyusformer_data/post_miccai_exps/data/US30k/US30K/ThyroidNodule-TN3K/img/trainval2403.png,tn3k,trainval2403,tn3k_trainval2403,png
/home/user/data/phyusformer_data/post_miccai_exps/data/US30k/US30K/ThyroidNodule-TN3K/img/trainval2404.png,tn3k,trainval2404,tn3k_trainval2404,png
/home/user/data/phyusformer_data/post_miccai_exps/data/US30k/US30K/ThyroidNodule-TN3K/img/trainval2405.png,tn3k,trainval2405,tn3k_trainval2405,png
/home/user/data/phyusformer_data/post_miccai_exps/data/US30k/US30K/ThyroidNodule-TN3K/img/trainval2406.png,tn3k,trainval2406,tn3k_trainval2406,png
/home/user/data/phyusformer_data/post_miccai_exps/data/US30k/US30K/ThyroidNodule-TN3K/img/trainval2407.png,tn3k,trainval2407,tn3k_trainval2407,png
/home/user/data/phyusformer_data/post_miccai_exps/data/US30k/US30K/ThyroidNodule-TN3K/img/trainval2408.png,tn3k,trainval2408,tn3k_trainval2408,png
/home/user/data/phyusformer_data/post_miccai_exps/data/US30k/US30K/ThyroidNodule-TN3K/img/trainval2409.png,tn3k,trainval2409,tn3k_trainval2409,png
/home/user/data/phyusformer_data/post_miccai_exps/data/US30k/US30K/ThyroidNodule-TN3K/img/trainval2410.png,tn3k,trainval2410,tn3k_trainval2410,png
/home/user/data/phyusformer_data/post_miccai_exps/data/US30k/US30K/ThyroidNodule-TN3K/img/trainval2411.png,tn3k,trainval2411,tn3k_trainval2411,png
/home/user/data/phyusformer_data/post_miccai_exps/data/US30k/US30K/ThyroidNodule-TN3K/img/trainval2412.png,tn3k,trainval2412,tn3k_trainval2412,png
/home/user/data/phyusformer_data/post_miccai_exps/data/US30k/US30K/ThyroidNodule-TN3K/img/trainval2413.png,tn3k,trainval2413,tn3k_trainval2413,png
/home/user/data/phyusformer_data/post_miccai_exps/data/US30k/US30K/ThyroidNodule-TN3K/img/trainval2414.png,tn3k,trainval2414,tn3k_trainval2414,png
/home/user/data/phyusformer_data/post_miccai_exps/data/US30k/US30K/ThyroidNodule-TN3K/img/trainval2415.png,tn3k,trainval2415,tn3k_trainval2415,png
/home/user/data/phyusformer_data/post_miccai_exps/data/US30k/US30K/ThyroidNodule-TN3K/img/trainval2416.png,tn3k,trainval2416,tn3k_trainval2416,png
/home/user/data/phyusformer_data/post_miccai_exps/data/US30k/US30K/ThyroidNodule-TN3K/img/trainval2417.png,tn3k,trainval2417,tn3k_trainval2417,png
/home/user/data/phyusformer_data/post_miccai_exps/data/US30k/US30K/ThyroidNodule-TN3K/img/trainval2418.png,tn3k,trainval2418,tn3k_trainval2418,png
/home/user/data/phyusformer_data/post_miccai_exps/data/US30k/US30K/ThyroidNodule-TN3K/img/trainval2419.png,tn3k,trainval2419,tn3k_trainval2419,png
/home/user/data/phyusformer_data/post_miccai_exps/data/US30k/US30K/ThyroidNodule-TN3K/img/trainval2420.png,tn3k,trainval2420,tn3k_trainval2420,png
/home/user/data/phyusformer_data/post_miccai_exps/data/US30k/US30K/ThyroidNodule-TN3K/img/trainval2421.png,tn3k,trainval2421,tn3k_trainval2421,png
/home/user/data/phyusformer_data/post_miccai_exps/data/US30k/US30K/ThyroidNodule-TN3K/img/trainval2422.png,tn3k,trainval2422,tn3k_trainval2422,png
/home/user/data/phyusformer_data/post_miccai_exps/data/US30k/US30K/ThyroidNodule-TN3K/img/trainval2423.png,tn3k,trainval2423,tn3k_trainval2423,png
/home/user/data/phyusformer_data/post_miccai_exps/data/US30k/US30K/ThyroidNodule-TN3K/img/trainval2424.png,tn3k,trainval2424,tn3k_trainval2424,png
/home/user/data/phyusformer_data/post_miccai_exps/data/US30k/US30K/ThyroidNodule-TN3K/img/trainval2425.png,tn3k,trainval2425,tn3k_trainval2425,png
/home/user/data/phyusformer_data/post_miccai_exps/data/US30k/US30K/ThyroidNodule-TN3K/img/trainval2426.png,tn3k,trainval2426,tn3k_trainval2426,png
/home/user/data/phyusformer_data/post_miccai_exps/data/US30k/US30K/ThyroidNodule-TN3K/img/trainval2427.png,tn3k,trainval2427,tn3k_trainval2427,png
/home/user/data/phyusformer_data/post_miccai_exps/data/US30k/US30K/ThyroidNodule-TN3K/img/trainval2428.png,tn3k,trainval2428,tn3k_trainval2428,png
/home/user/data/phyusformer_data/post_miccai_exps/data/US30k/US30K/ThyroidNodule-TN3K/img/trainval2429.png,tn3k,trainval2429,tn3k_trainval2429,png
/home/user/data/phyusformer_data/post_miccai_exps/data/US30k/US30K/ThyroidNodule-TN3K/img/trainval2430.png,tn3k,trainval2430,tn3k_trainval2430,png
/home/user/data/phyusformer_data/post_miccai_exps/data/US30k/US30K/ThyroidNodule-TN3K/img/trainval2431.png,tn3k,trainval2431,tn3k_trainval2431,png
/home/user/data/phyusformer_data/post_miccai_exps/data/US30k/US30K/ThyroidNodule-TN3K/img/trainval2432.png,tn3k,trainval2432,tn3k_trainval2432,png
/home/user/data/phyusformer_data/post_miccai_exps/data/US30k/US30K/ThyroidNodule-TN3K/img/trainval2433.png,tn3k,trainval2433,tn3k_trainval2433,png
/home/user/data/phyusformer_data/post_miccai_exps/data/US30k/US30K/ThyroidNodule-TN3K/img/trainval2434.png,tn3k,trainval2434,tn3k_trainval2434,png
/home/user/data/phyusformer_data/post_miccai_exps/data/US30k/US30K/ThyroidNodule-TN3K/img/trainval2435.png,tn3k,trainval2435,tn3k_trainval2435,png
/home/user/data/phyusformer_data/post_miccai_exps/data/US30k/US30K/ThyroidNodule-TN3K/img/trainval2436.png,tn3k,trainval2436,tn3k_trainval2436,png
/home/user/data/phyusformer_data/post_miccai_exps/data/US30k/US30K/ThyroidNodule-TN3K/img/trainval2437.png,tn3k,trainval2437,tn3k_trainval2437,png
/home/user/data/phyusformer_data/post_miccai_exps/data/US30k/US30K/ThyroidNodule-TN3K/img/trainval2438.png,tn3k,trainval2438,tn3k_trainval2438,png
/home/user/data/phyusformer_data/post_miccai_exps/data/US30k/US30K/ThyroidNodule-TN3K/img/trainval2439.png,tn3k,trainval2439,tn3k_trainval2439,png
/home/user/data/phyusformer_data/post_miccai_exps/data/US30k/US30K/ThyroidNodule-TN3K/img/trainval2440.png,tn3k,trainval2440,tn3k_trainval2440,png
/home/user/data/phyusformer_data/post_miccai_exps/data/US30k/US30K/ThyroidNodule-TN3K/img/trainval2441.png,tn3k,trainval2441,tn3k_trainval2441,png
/home/user/data/phyusformer_data/post_miccai_exps/data/US30k/US30K/ThyroidNodule-TN3K/img/trainval2442.png,tn3k,trainval2442,tn3k_trainval2442,png
/home/user/data/phyusformer_data/post_miccai_exps/data/US30k/US30K/ThyroidNodule-TN3K/img/trainval2443.png,tn3k,trainval2443,tn3k_trainval2443,png
/home/user/data/phyusformer_data/post_miccai_exps/data/US30k/US30K/ThyroidNodule-TN3K/img/trainval2444.png,tn3k,trainval2444,tn3k_trainval2444,png
/home/user/data/phyusformer_data/post_miccai_exps/data/US30k/US30K/ThyroidNodule-TN3K/img/trainval2445.png,tn3k,trainval2445,tn3k_trainval2445,png
/home/user/data/phyusformer_data/post_miccai_exps/data/US30k/US30K/ThyroidNodule-TN3K/img/trainval2446.png,tn3k,trainval2446,tn3k_trainval2446,png
/home/user/data/phyusformer_data/post_miccai_exps/data/US30k/US30K/ThyroidNodule-TN3K/img/trainval2447.png,tn3k,trainval2447,tn3k_trainval2447,png
/home/user/data/phyusformer_data/post_miccai_exps/data/US30k/US30K/ThyroidNodule-TN3K/img/trainval2448.png,tn3k,trainval2448,tn3k_trainval2448,png
/home/user/data/phyusformer_data/post_miccai_exps/data/US30k/US30K/ThyroidNodule-TN3K/img/trainval2449.png,tn3k,trainval2449,tn3k_trainval2449,png
/home/user/data/phyusformer_data/post_miccai_exps/data/US30k/US30K/ThyroidNodule-TN3K/img/trainval2450.png,tn3k,trainval2450,tn3k_trainval2450,png
/home/user/data/phyusformer_data/post_miccai_exps/data/US30k/US30K/ThyroidNodule-TN3K/img/trainval2451.png,tn3k,trainval2451,tn3k_trainval2451,png
/home/user/data/phyusformer_data/post_miccai_exps/data/US30k/US30K/ThyroidNodule-TN3K/img/trainval2452.png,tn3k,trainval2452,tn3k_trainval2452,png
/home/user/data/phyusformer_data/post_miccai_exps/data/US30k/US30K/ThyroidNodule-TN3K/img/trainval2453.png,tn3k,trainval2453,tn3k_trainval2453,png
/home/user/data/phyusformer_data/post_miccai_exps/data/US30k/US30K/ThyroidNodule-TN3K/img/trainval2454.png,tn3k,trainval2454,tn3k_trainval2454,png
/home/user/data/phyusformer_data/post_miccai_exps/data/US30k/US30K/ThyroidNodule-TN3K/img/trainval2455.png,tn3k,trainval2455,tn3k_trainval2455,png
/home/user/data/phyusformer_data/post_miccai_exps/data/US30k/US30K/ThyroidNodule-TN3K/img/trainval2456.png,tn3k,trainval2456,tn3k_trainval2456,png
/home/user/data/phyusformer_data/post_miccai_exps/data/US30k/US30K/ThyroidNodule-TN3K/img/trainval2457.png,tn3k,trainval2457,tn3k_trainval2457,png
/home/user/data/phyusformer_data/post_miccai_exps/data/US30k/US30K/ThyroidNodule-TN3K/img/trainval2458.png,tn3k,trainval2458,tn3k_trainval2458,png
/home/user/data/phyusformer_data/post_miccai_exps/data/US30k/US30K/ThyroidNodule-TN3K/img/trainval2459.png,tn3k,trainval2459,tn3k_trainval2459,png
/home/user/data/phyusformer_data/post_miccai_exps/data/US30k/US30K/ThyroidNodule-TN3K/img/trainval2460.png,tn3k,trainval2460,tn3k_trainval2460,png
/home/user/data/phyusformer_data/post_miccai_exps/data/US30k/US30K/ThyroidNodule-TN3K/img/trainval2461.png,tn3k,trainval2461,tn3k_trainval2461,png
/home/user/data/phyusformer_data/post_miccai_exps/data/US30k/US30K/ThyroidNodule-TN3K/img/trainval2462.png,tn3k,trainval2462,tn3k_trainval2462,png
/home/user/data/phyusformer_data/post_miccai_exps/data/US30k/US30K/ThyroidNodule-TN3K/img/trainval2463.png,tn3k,trainval2463,tn3k_trainval2463,png
/home/user/data/phyusformer_data/post_miccai_exps/data/US30k/US30K/ThyroidNodule-TN3K/img/trainval2464.png,tn3k,trainval2464,tn3k_trainval2464,png
/home/user/data/phyusformer_data/post_miccai_exps/data/US30k/US30K/ThyroidNodule-TN3K/img/trainval2465.png,tn3k,trainval2465,tn3k_trainval2465,png
/home/user/data/phyusformer_data/post_miccai_exps/data/US30k/US30K/ThyroidNodule-TN3K/img/trainval2466.png,tn3k,trainval2466,tn3k_trainval2466,png
/home/user/data/phyusformer_data/post_miccai_exps/data/US30k/US30K/ThyroidNodule-TN3K/img/trainval2467.png,tn3k,trainval2467,tn3k_trainval2467,png
/home/user/data/phyusformer_data/post_miccai_exps/data/US30k/US30K/ThyroidNodule-TN3K/img/trainval2468.png,tn3k,trainval2468,tn3k_trainval2468,png
/home/user/data/phyusformer_data/post_miccai_exps/data/US30k/US30K/ThyroidNodule-TN3K/img/trainval2469.png,tn3k,trainval2469,tn3k_trainval2469,png
/home/user/data/phyusformer_data/post_miccai_exps/data/US30k/US30K/ThyroidNodule-TN3K/img/trainval2470.png,tn3k,trainval2470,tn3k_trainval2470,png
/home/user/data/phyusformer_data/post_miccai_exps/data/US30k/US30K/ThyroidNodule-TN3K/img/trainval2471.png,tn3k,trainval2471,tn3k_trainval2471,png
/home/user/data/phyusformer_data/post_miccai_exps/data/US30k/US30K/ThyroidNodule-TN3K/img/trainval2472.png,tn3k,trainval2472,tn3k_trainval2472,png
/home/user/data/phyusformer_data/post_miccai_exps/data/US30k/US30K/ThyroidNodule-TN3K/img/trainval2473.png,tn3k,trainval2473,tn3k_trainval2473,png
/home/user/data/phyusformer_data/post_miccai_exps/data/US30k/US30K/ThyroidNodule-TN3K/img/trainval2474.png,tn3k,trainval2474,tn3k_trainval2474,png
/home/user/data/phyusformer_data/post_miccai_exps/data/US30k/US30K/ThyroidNodule-TN3K/img/trainval2475.png,tn3k,trainval2475,tn3k_trainval2475,png
/home/user/data/phyusformer_data/post_miccai_exps/data/US30k/US30K/ThyroidNodule-TN3K/img/trainval2476.png,tn3k,trainval2476,tn3k_trainval2476,png
/home/user/data/phyusformer_data/post_miccai_exps/data/US30k/US30K/ThyroidNodule-TN3K/img/trainval2477.png,tn3k,trainval2477,tn3k_trainval2477,png
/home/user/data/phyusformer_data/post_miccai_exps/data/US30k/US30K/ThyroidNodule-TN3K/img/trainval2478.png,tn3k,trainval2478,tn3k_trainval2478,png
/home/user/data/phyusformer_data/post_miccai_exps/data/US30k/US30K/ThyroidNodule-TN3K/img/trainval2479.png,tn3k,trainval2479,tn3k_trainval2479,png
/home/user/data/phyusformer_data/post_miccai_exps/data/US30k/US30K/ThyroidNodule-TN3K/img/trainval2480.png,tn3k,trainval2480,tn3k_trainval2480,png
/home/user/data/phyusformer_data/post_miccai_exps/data/US30k/US30K/ThyroidNodule-TN3K/img/trainval2481.png,tn3k,trainval2481,tn3k_trainval2481,png
/home/user/data/phyusformer_data/post_miccai_exps/data/US30k/US30K/ThyroidNodule-TN3K/img/trainval2482.png,tn3k,trainval2482,tn3k_trainval2482,png
/home/user/data/phyusformer_data/post_miccai_exps/data/US30k/US30K/ThyroidNodule-TN3K/img/trainval2483.png,tn3k,trainval2483,tn3k_trainval2483,png
/home/user/data/phyusformer_data/post_miccai_exps/data/US30k/US30K/ThyroidNodule-TN3K/img/trainval2484.png,tn3k,trainval2484,tn3k_trainval2484,png
/home/user/data/phyusformer_data/post_miccai_exps/data/US30k/US30K/ThyroidNodule-TN3K/img/trainval2485.png,tn3k,trainval2485,tn3k_trainval2485,png
/home/user/data/phyusformer_data/post_miccai_exps/data/US30k/US30K/ThyroidNodule-TN3K/img/trainval2486.png,tn3k,trainval2486,tn3k_trainval2486,png
/home/user/data/phyusformer_data/post_miccai_exps/data/US30k/US30K/ThyroidNodule-TN3K/img/trainval2487.png,tn3k,trainval2487,tn3k_trainval2487,png
/home/user/data/phyusformer_data/post_miccai_exps/data/US30k/US30K/ThyroidNodule-TN3K/img/trainval2488.png,tn3k,trainval2488,tn3k_trainval2488,png
/home/user/data/phyusformer_data/post_miccai_exps/data/US30k/US30K/ThyroidNodule-TN3K/img/trainval2489.png,tn3k,trainval2489,tn3k_trainval2489,png
/home/user/data/phyusformer_data/post_miccai_exps/data/US30k/US30K/ThyroidNodule-TN3K/img/trainval2490.png,tn3k,trainval2490,tn3k_trainval2490,png
/home/user/data/phyusformer_data/post_miccai_exps/data/US30k/US30K/ThyroidNodule-TN3K/img/trainval2491.png,tn3k,trainval2491,tn3k_trainval2491,png
/home/user/data/phyusformer_data/post_miccai_exps/data/US30k/US30K/ThyroidNodule-TN3K/img/trainval2492.png,tn3k,trainval2492,tn3k_trainval2492,png
/home/user/data/phyusformer_data/post_miccai_exps/data/US30k/US30K/ThyroidNodule-TN3K/img/trainval2493.png,tn3k,trainval2493,tn3k_trainval2493,png
/home/user/data/phyusformer_data/post_miccai_exps/data/US30k/US30K/ThyroidNodule-TN3K/img/trainval2494.png,tn3k,trainval2494,tn3k_trainval2494,png
/home/user/data/phyusformer_data/post_miccai_exps/data/US30k/US30K/ThyroidNodule-TN3K/img/trainval2495.png,tn3k,trainval2495,tn3k_trainval2495,png
/home/user/data/phyusformer_data/post_miccai_exps/data/US30k/US30K/ThyroidNodule-TN3K/img/trainval2496.png,tn3k,trainval2496,tn3k_trainval2496,png
/home/user/data/phyusformer_data/post_miccai_exps/data/US30k/US30K/ThyroidNodule-TN3K/img/trainval2497.png,tn3k,trainval2497,tn3k_trainval2497,png
/home/user/data/phyusformer_data/post_miccai_exps/data/US30k/US30K/ThyroidNodule-TN3K/img/trainval2498.png,tn3k,trainval2498,tn3k_trainval2498,png
/home/user/data/phyusformer_data/post_miccai_exps/data/US30k/US30K/ThyroidNodule-TN3K/img/trainval2499.png,tn3k,trainval2499,tn3k_trainval2499,png
/home/user/data/phyusformer_data/post_miccai_exps/data/US30k/US30K/ThyroidNodule-TN3K/img/trainval2500.png,tn3k,trainval2500,tn3k_trainval2500,png
/home/user/data/phyusformer_data/post_miccai_exps/data/US30k/US30K/ThyroidNodule-TN3K/img/trainval2501.png,tn3k,trainval2501,tn3k_trainval2501,png
/home/user/data/phyusformer_data/post_miccai_exps/data/US30k/US30K/ThyroidNodule-TN3K/img/trainval2502.png,tn3k,trainval2502,tn3k_trainval2502,png
/home/user/data/phyusformer_data/post_miccai_exps/data/US30k/US30K/ThyroidNodule-TN3K/img/trainval2503.png,tn3k,trainval2503,tn3k_trainval2503,png
/home/user/data/phyusformer_data/post_miccai_exps/data/US30k/US30K/ThyroidNodule-TN3K/img/trainval2504.png,tn3k,trainval2504,tn3k_trainval2504,png
/home/user/data/phyusformer_data/post_miccai_exps/data/US30k/US30K/ThyroidNodule-TN3K/img/trainval2505.png,tn3k,trainval2505,tn3k_trainval2505,png
/home/user/data/phyusformer_data/post_miccai_exps/data/US30k/US30K/ThyroidNodule-TN3K/img/trainval2506.png,tn3k,trainval2506,tn3k_trainval2506,png
/home/user/data/phyusformer_data/post_miccai_exps/data/US30k/US30K/ThyroidNodule-TN3K/img/trainval2507.png,tn3k,trainval2507,tn3k_trainval2507,png
/home/user/data/phyusformer_data/post_miccai_exps/data/US30k/US30K/ThyroidNodule-TN3K/img/trainval2508.png,tn3k,trainval2508,tn3k_trainval2508,png
/home/user/data/phyusformer_data/post_miccai_exps/data/US30k/US30K/ThyroidNodule-TN3K/img/trainval2509.png,tn3k,trainval2509,tn3k_trainval2509,png
/home/user/data/phyusformer_data/post_miccai_exps/data/US30k/US30K/ThyroidNodule-TN3K/img/trainval2510.png,tn3k,trainval2510,tn3k_trainval2510,png
/home/user/data/phyusformer_data/post_miccai_exps/data/US30k/US30K/ThyroidNodule-TN3K/img/trainval2511.png,tn3k,trainval2511,tn3k_trainval2511,png
/home/user/data/phyusformer_data/post_miccai_exps/data/US30k/US30K/ThyroidNodule-TN3K/img/trainval2512.png,tn3k,trainval2512,tn3k_trainval2512,png
/home/user/data/phyusformer_data/post_miccai_exps/data/US30k/US30K/ThyroidNodule-TN3K/img/trainval2513.png,tn3k,trainval2513,tn3k_trainval2513,png
/home/user/data/phyusformer_data/post_miccai_exps/data/US30k/US30K/ThyroidNodule-TN3K/img/trainval2514.png,tn3k,trainval2514,tn3k_trainval2514,png
/home/user/data/phyusformer_data/post_miccai_exps/data/US30k/US30K/ThyroidNodule-TN3K/img/trainval2515.png,tn3k,trainval2515,tn3k_trainval2515,png
/home/user/data/phyusformer_data/post_miccai_exps/data/US30k/US30K/ThyroidNodule-TN3K/img/trainval2516.png,tn3k,trainval2516,tn3k_trainval2516,png
/home/user/data/phyusformer_data/post_miccai_exps/data/US30k/US30K/ThyroidNodule-TN3K/img/trainval2517.png,tn3k,trainval2517,tn3k_trainval2517,png
/home/user/data/phyusformer_data/post_miccai_exps/data/US30k/US30K/ThyroidNodule-TN3K/img/trainval2518.png,tn3k,trainval2518,tn3k_trainval2518,png
/home/user/data/phyusformer_data/post_miccai_exps/data/US30k/US30K/ThyroidNodule-TN3K/img/trainval2519.png,tn3k,trainval2519,tn3k_trainval2519,png
/home/user/data/phyusformer_data/post_miccai_exps/data/US30k/US30K/ThyroidNodule-TN3K/img/trainval2520.png,tn3k,trainval2520,tn3k_trainval2520,png
/home/user/data/phyusformer_data/post_miccai_exps/data/US30k/US30K/ThyroidNodule-TN3K/img/trainval2521.png,tn3k,trainval2521,tn3k_trainval2521,png
/home/user/data/phyusformer_data/post_miccai_exps/data/US30k/US30K/ThyroidNodule-TN3K/img/trainval2522.png,tn3k,trainval2522,tn3k_trainval2522,png
/home/user/data/phyusformer_data/post_miccai_exps/data/US30k/US30K/ThyroidNodule-TN3K/img/trainval2523.png,tn3k,trainval2523,tn3k_trainval2523,png
/home/user/data/phyusformer_data/post_miccai_exps/data/US30k/US30K/ThyroidNodule-TN3K/img/trainval2524.png,tn3k,trainval2524,tn3k_trainval2524,png
/home/user/data/phyusformer_data/post_miccai_exps/data/US30k/US30K/ThyroidNodule-TN3K/img/trainval2525.png,tn3k,trainval2525,tn3k_trainval2525,png
/home/user/data/phyusformer_data/post_miccai_exps/data/US30k/US30K/ThyroidNodule-TN3K/img/trainval2526.png,tn3k,trainval2526,tn3k_trainval2526,png
/home/user/data/phyusformer_data/post_miccai_exps/data/US30k/US30K/ThyroidNodule-TN3K/img/trainval2527.png,tn3k,trainval2527,tn3k_trainval2527,png
/home/user/data/phyusformer_data/post_miccai_exps/data/US30k/US30K/ThyroidNodule-TN3K/img/trainval2528.png,tn3k,trainval2528,tn3k_trainval2528,png
/home/user/data/phyusformer_data/post_miccai_exps/data/US30k/US30K/ThyroidNodule-TN3K/img/trainval2529.png,tn3k,trainval2529,tn3k_trainval2529,png
/home/user/data/phyusformer_data/post_miccai_exps/data/US30k/US30K/ThyroidNodule-TN3K/img/trainval2530.png,tn3k,trainval2530,tn3k_trainval2530,png
/home/user/data/phyusformer_data/post_miccai_exps/data/US30k/US30K/ThyroidNodule-TN3K/img/trainval2531.png,tn3k,trainval2531,tn3k_trainval2531,png
/home/user/data/phyusformer_data/post_miccai_exps/data/US30k/US30K/ThyroidNodule-TN3K/img/trainval2532.png,tn3k,trainval2532,tn3k_trainval2532,png
/home/user/data/phyusformer_data/post_miccai_exps/data/US30k/US30K/ThyroidNodule-TN3K/img/trainval2533.png,tn3k,trainval2533,tn3k_trainval2533,png
/home/user/data/phyusformer_data/post_miccai_exps/data/US30k/US30K/ThyroidNodule-TN3K/img/trainval2534.png,tn3k,trainval2534,tn3k_trainval2534,png
/home/user/data/phyusformer_data/post_miccai_exps/data/US30k/US30K/ThyroidNodule-TN3K/img/trainval2535.png,tn3k,trainval2535,tn3k_trainval2535,png
/home/user/data/phyusformer_data/post_miccai_exps/data/US30k/US30K/ThyroidNodule-TN3K/img/trainval2536.png,tn3k,trainval2536,tn3k_trainval2536,png
/home/user/data/phyusformer_data/post_miccai_exps/data/US30k/US30K/ThyroidNodule-TN3K/img/trainval2537.png,tn3k,trainval2537,tn3k_trainval2537,png
/home/user/data/phyusformer_data/post_miccai_exps/data/US30k/US30K/ThyroidNodule-TN3K/img/trainval2538.png,tn3k,trainval2538,tn3k_trainval2538,png
/home/user/data/phyusformer_data/post_miccai_exps/data/US30k/US30K/ThyroidNodule-TN3K/img/trainval2539.png,tn3k,trainval2539,tn3k_trainval2539,png
/home/user/data/phyusformer_data/post_miccai_exps/data/US30k/US30K/ThyroidNodule-TN3K/img/trainval2540.png,tn3k,trainval2540,tn3k_trainval2540,png
/home/user/data/phyusformer_data/post_miccai_exps/data/US30k/US30K/ThyroidNodule-TN3K/img/trainval2541.png,tn3k,trainval2541,tn3k_trainval2541,png
/home/user/data/phyusformer_data/post_miccai_exps/data/US30k/US30K/ThyroidNodule-TN3K/img/trainval2542.png,tn3k,trainval2542,tn3k_trainval2542,png
/home/user/data/phyusformer_data/post_miccai_exps/data/US30k/US30K/ThyroidNodule-TN3K/img/trainval2543.png,tn3k,trainval2543,tn3k_trainval2543,png
/home/user/data/phyusformer_data/post_miccai_exps/data/US30k/US30K/ThyroidNodule-TN3K/img/trainval2544.png,tn3k,trainval2544,tn3k_trainval2544,png
/home/user/data/phyusformer_data/post_miccai_exps/data/US30k/US30K/ThyroidNodule-TN3K/img/trainval2545.png,tn3k,trainval2545,tn3k_trainval2545,png
/home/user/data/phyusformer_data/post_miccai_exps/data/US30k/US30K/ThyroidNodule-TN3K/img/trainval2546.png,tn3k,trainval2546,tn3k_trainval2546,png
/home/user/data/phyusformer_data/post_miccai_exps/data/US30k/US30K/ThyroidNodule-TN3K/img/trainval2547.png,tn3k,trainval2547,tn3k_trainval2547,png
/home/user/data/phyusformer_data/post_miccai_exps/data/US30k/US30K/ThyroidNodule-TN3K/img/trainval2548.png,tn3k,trainval2548,tn3k_trainval2548,png
/home/user/data/phyusformer_data/post_miccai_exps/data/US30k/US30K/ThyroidNodule-TN3K/img/trainval2549.png,tn3k,trainval2549,tn3k_trainval2549,png
/home/user/data/phyusformer_data/post_miccai_exps/data/US30k/US30K/ThyroidNodule-TN3K/img/trainval2550.png,tn3k,trainval2550,tn3k_trainval2550,png
/home/user/data/phyusformer_data/post_miccai_exps/data/US30k/US30K/ThyroidNodule-TN3K/img/trainval2551.png,tn3k,trainval2551,tn3k_trainval2551,png
/home/user/data/phyusformer_data/post_miccai_exps/data/US30k/US30K/ThyroidNodule-TN3K/img/trainval2552.png,tn3k,trainval2552,tn3k_trainval2552,png
/home/user/data/phyusformer_data/post_miccai_exps/data/US30k/US30K/ThyroidNodule-TN3K/img/trainval2553.png,tn3k,trainval2553,tn3k_trainval2553,png
/home/user/data/phyusformer_data/post_miccai_exps/data/US30k/US30K/ThyroidNodule-TN3K/img/trainval2554.png,tn3k,trainval2554,tn3k_trainval2554,png
/home/user/data/phyusformer_data/post_miccai_exps/data/US30k/US30K/ThyroidNodule-TN3K/img/trainval2555.png,tn3k,trainval2555,tn3k_trainval2555,png
/home/user/data/phyusformer_data/post_miccai_exps/data/US30k/US30K/ThyroidNodule-TN3K/img/trainval2556.png,tn3k,trainval2556,tn3k_trainval2556,png
/home/user/data/phyusformer_data/post_miccai_exps/data/US30k/US30K/ThyroidNodule-TN3K/img/trainval2557.png,tn3k,trainval2557,tn3k_trainval2557,png
/home/user/data/phyusformer_data/post_miccai_exps/data/US30k/US30K/ThyroidNodule-TN3K/img/trainval2558.png,tn3k,trainval2558,tn3k_trainval2558,png
/home/user/data/phyusformer_data/post_miccai_exps/data/US30k/US30K/ThyroidNodule-TN3K/img/trainval2559.png,tn3k,trainval2559,tn3k_trainval2559,png
/home/user/data/phyusformer_data/post_miccai_exps/data/US30k/US30K/ThyroidNodule-TN3K/img/trainval2560.png,tn3k,trainval2560,tn3k_trainval2560,png
/home/user/data/phyusformer_data/post_miccai_exps/data/US30k/US30K/ThyroidNodule-TN3K/img/trainval2561.png,tn3k,trainval2561,tn3k_trainval2561,png
/home/user/data/phyusformer_data/post_miccai_exps/data/US30k/US30K/ThyroidNodule-TN3K/img/trainval2562.png,tn3k,trainval2562,tn3k_trainval2562,png
/home/user/data/phyusformer_data/post_miccai_exps/data/US30k/US30K/ThyroidNodule-TN3K/img/trainval2563.png,tn3k,trainval2563,tn3k_trainval2563,png
/home/user/data/phyusformer_data/post_miccai_exps/data/US30k/US30K/ThyroidNodule-TN3K/img/trainval2564.png,tn3k,trainval2564,tn3k_trainval2564,png
/home/user/data/phyusformer_data/post_miccai_exps/data/US30k/US30K/ThyroidNodule-TN3K/img/trainval2565.png,tn3k,trainval2565,tn3k_trainval2565,png
/home/user/data/phyusformer_data/post_miccai_exps/data/US30k/US30K/ThyroidNodule-TN3K/img/trainval2566.png,tn3k,trainval2566,tn3k_trainval2566,png
/home/user/data/phyusformer_data/post_miccai_exps/data/US30k/US30K/ThyroidNodule-TN3K/img/trainval2567.png,tn3k,trainval2567,tn3k_trainval2567,png
/home/user/data/phyusformer_data/post_miccai_exps/data/US30k/US30K/ThyroidNodule-TN3K/img/trainval2568.png,tn3k,trainval2568,tn3k_trainval2568,png
/home/user/data/phyusformer_data/post_miccai_exps/data/US30k/US30K/ThyroidNodule-TN3K/img/trainval2569.png,tn3k,trainval2569,tn3k_trainval2569,png
/home/user/data/phyusformer_data/post_miccai_exps/data/US30k/US30K/ThyroidNodule-TN3K/img/trainval2570.png,tn3k,trainval2570,tn3k_trainval2570,png
/home/user/data/phyusformer_data/post_miccai_exps/data/US30k/US30K/ThyroidNodule-TN3K/img/trainval2571.png,tn3k,trainval2571,tn3k_trainval2571,png
/home/user/data/phyusformer_data/post_miccai_exps/data/US30k/US30K/ThyroidNodule-TN3K/img/trainval2572.png,tn3k,trainval2572,tn3k_trainval2572,png
/home/user/data/phyusformer_data/post_miccai_exps/data/US30k/US30K/ThyroidNodule-TN3K/img/trainval2573.png,tn3k,trainval2573,tn3k_trainval2573,png
/home/user/data/phyusformer_data/post_miccai_exps/data/US30k/US30K/ThyroidNodule-TN3K/img/trainval2574.png,tn3k,trainval2574,tn3k_trainval2574,png
/home/user/data/phyusformer_data/post_miccai_exps/data/US30k/US30K/ThyroidNodule-TN3K/img/trainval2575.png,tn3k,trainval2575,tn3k_trainval2575,png
/home/user/data/phyusformer_data/post_miccai_exps/data/US30k/US30K/ThyroidNodule-TN3K/img/trainval2576.png,tn3k,trainval2576,tn3k_trainval2576,png
/home/user/data/phyusformer_data/post_miccai_exps/data/US30k/US30K/ThyroidNodule-TN3K/img/trainval2577.png,tn3k,trainval2577,tn3k_trainval2577,png
/home/user/data/phyusformer_data/post_miccai_exps/data/US30k/US30K/ThyroidNodule-TN3K/img/trainval2578.png,tn3k,trainval2578,tn3k_trainval2578,png
/home/user/data/phyusformer_data/post_miccai_exps/data/US30k/US30K/ThyroidNodule-TN3K/img/trainval2579.png,tn3k,trainval2579,tn3k_trainval2579,png
/home/user/data/phyusformer_data/post_miccai_exps/data/US30k/US30K/ThyroidNodule-TN3K/img/trainval2580.png,tn3k,trainval2580,tn3k_trainval2580,png
/home/user/data/phyusformer_data/post_miccai_exps/data/US30k/US30K/ThyroidNodule-TN3K/img/trainval2581.png,tn3k,trainval2581,tn3k_trainval2581,png
/home/user/data/phyusformer_data/post_miccai_exps/data/US30k/US30K/ThyroidNodule-TN3K/img/trainval2582.png,tn3k,trainval2582,tn3k_trainval2582,png
/home/user/data/phyusformer_data/post_miccai_exps/data/US30k/US30K/ThyroidNodule-TN3K/img/trainval2583.png,tn3k,trainval2583,tn3k_trainval2583,png
/home/user/data/phyusformer_data/post_miccai_exps/data/US30k/US30K/ThyroidNodule-TN3K/img/trainval2584.png,tn3k,trainval2584,tn3k_trainval2584,png
/home/user/data/phyusformer_data/post_miccai_exps/data/US30k/US30K/ThyroidNodule-TN3K/img/trainval2585.png,tn3k,trainval2585,tn3k_trainval2585,png
/home/user/data/phyusformer_data/post_miccai_exps/data/US30k/US30K/ThyroidNodule-TN3K/img/trainval2586.png,tn3k,trainval2586,tn3k_trainval2586,png
/home/user/data/phyusformer_data/post_miccai_exps/data/US30k/US30K/ThyroidNodule-TN3K/img/trainval2587.png,tn3k,trainval2587,tn3k_trainval2587,png
/home/user/data/phyusformer_data/post_miccai_exps/data/US30k/US30K/ThyroidNodule-TN3K/img/trainval2588.png,tn3k,trainval2588,tn3k_trainval2588,png
/home/user/data/phyusformer_data/post_miccai_exps/data/US30k/US30K/ThyroidNodule-TN3K/img/trainval2589.png,tn3k,trainval2589,tn3k_trainval2589,png
/home/user/data/phyusformer_data/post_miccai_exps/data/US30k/US30K/ThyroidNodule-TN3K/img/trainval2590.png,tn3k,trainval2590,tn3k_trainval2590,png
/home/user/data/phyusformer_data/post_miccai_exps/data/US30k/US30K/ThyroidNodule-TN3K/img/trainval2591.png,tn3k,trainval2591,tn3k_trainval2591,png
/home/user/data/phyusformer_data/post_miccai_exps/data/US30k/US30K/ThyroidNodule-TN3K/img/trainval2592.png,tn3k,trainval2592,tn3k_trainval2592,png
/home/user/data/phyusformer_data/post_miccai_exps/data/US30k/US30K/ThyroidNodule-TN3K/img/trainval2593.png,tn3k,trainval2593,tn3k_trainval2593,png
/home/user/data/phyusformer_data/post_miccai_exps/data/US30k/US30K/ThyroidNodule-TN3K/img/trainval2594.png,tn3k,trainval2594,tn3k_trainval2594,png
/home/user/data/phyusformer_data/post_miccai_exps/data/US30k/US30K/ThyroidNodule-TN3K/img/trainval2595.png,tn3k,trainval2595,tn3k_trainval2595,png
/home/user/data/phyusformer_data/post_miccai_exps/data/US30k/US30K/ThyroidNodule-TN3K/img/trainval2596.png,tn3k,trainval2596,tn3k_trainval2596,png
/home/user/data/phyusformer_data/post_miccai_exps/data/US30k/US30K/ThyroidNodule-TN3K/img/trainval2597.png,tn3k,trainval2597,tn3k_trainval2597,png
/home/user/data/phyusformer_data/post_miccai_exps/data/US30k/US30K/ThyroidNodule-TN3K/img/trainval2598.png,tn3k,trainval2598,tn3k_trainval2598,png
/home/user/data/phyusformer_data/post_miccai_exps/data/US30k/US30K/ThyroidNodule-TN3K/img/trainval2599.png,tn3k,trainval2599,tn3k_trainval2599,png
/home/user/data/phyusformer_data/post_miccai_exps/data/US30k/US30K/ThyroidNodule-TN3K/img/trainval2600.png,tn3k,trainval2600,tn3k_trainval2600,png
/home/user/data/phyusformer_data/post_miccai_exps/data/US30k/US30K/ThyroidNodule-TN3K/img/trainval2601.png,tn3k,trainval2601,tn3k_trainval2601,png
/home/user/data/phyusformer_data/post_miccai_exps/data/US30k/US30K/ThyroidNodule-TN3K/img/trainval2602.png,tn3k,trainval2602,tn3k_trainval2602,png
/home/user/data/phyusformer_data/post_miccai_exps/data/US30k/US30K/ThyroidNodule-TN3K/img/trainval2603.png,tn3k,trainval2603,tn3k_trainval2603,png
/home/user/data/phyusformer_data/post_miccai_exps/data/US30k/US30K/ThyroidNodule-TN3K/img/trainval2604.png,tn3k,trainval2604,tn3k_trainval2604,png
/home/user/data/phyusformer_data/post_miccai_exps/data/US30k/US30K/ThyroidNodule-TN3K/img/trainval2605.png,tn3k,trainval2605,tn3k_trainval2605,png
/home/user/data/phyusformer_data/post_miccai_exps/data/US30k/US30K/ThyroidNodule-TN3K/img/trainval2606.png,tn3k,trainval2606,tn3k_trainval2606,png
/home/user/data/phyusformer_data/post_miccai_exps/data/US30k/US30K/ThyroidNodule-TN3K/img/trainval2607.png,tn3k,trainval2607,tn3k_trainval2607,png
/home/user/data/phyusformer_data/post_miccai_exps/data/US30k/US30K/ThyroidNodule-TN3K/img/trainval2608.png,tn3k,trainval2608,tn3k_trainval2608,png
/home/user/data/phyusformer_data/post_miccai_exps/data/US30k/US30K/ThyroidNodule-TN3K/img/trainval2609.png,tn3k,trainval2609,tn3k_trainval2609,png
/home/user/data/phyusformer_data/post_miccai_exps/data/US30k/US30K/ThyroidNodule-TN3K/img/trainval2610.png,tn3k,trainval2610,tn3k_trainval2610,png
/home/user/data/phyusformer_data/post_miccai_exps/data/US30k/US30K/ThyroidNodule-TN3K/img/trainval2611.png,tn3k,trainval2611,tn3k_trainval2611,png
/home/user/data/phyusformer_data/post_miccai_exps/data/US30k/US30K/ThyroidNodule-TN3K/img/trainval2612.png,tn3k,trainval2612,tn3k_trainval2612,png
/home/user/data/phyusformer_data/post_miccai_exps/data/US30k/US30K/ThyroidNodule-TN3K/img/trainval2613.png,tn3k,trainval2613,tn3k_trainval2613,png
/home/user/data/phyusformer_data/post_miccai_exps/data/US30k/US30K/ThyroidNodule-TN3K/img/trainval2614.png,tn3k,trainval2614,tn3k_trainval2614,png
/home/user/data/phyusformer_data/post_miccai_exps/data/US30k/US30K/ThyroidNodule-TN3K/img/trainval2615.png,tn3k,trainval2615,tn3k_trainval2615,png
/home/user/data/phyusformer_data/post_miccai_exps/data/US30k/US30K/ThyroidNodule-TN3K/img/trainval2616.png,tn3k,trainval2616,tn3k_trainval2616,png
/home/user/data/phyusformer_data/post_miccai_exps/data/US30k/US30K/ThyroidNodule-TN3K/img/trainval2617.png,tn3k,trainval2617,tn3k_trainval2617,png
/home/user/data/phyusformer_data/post_miccai_exps/data/US30k/US30K/ThyroidNodule-TN3K/img/trainval2618.png,tn3k,trainval2618,tn3k_trainval2618,png
/home/user/data/phyusformer_data/post_miccai_exps/data/US30k/US30K/ThyroidNodule-TN3K/img/trainval2619.png,tn3k,trainval2619,tn3k_trainval2619,png
/home/user/data/phyusformer_data/post_miccai_exps/data/US30k/US30K/ThyroidNodule-TN3K/img/trainval2620.png,tn3k,trainval2620,tn3k_trainval2620,png
/home/user/data/phyusformer_data/post_miccai_exps/data/US30k/US30K/ThyroidNodule-TN3K/img/trainval2621.png,tn3k,trainval2621,tn3k_trainval2621,png
/home/user/data/phyusformer_data/post_miccai_exps/data/US30k/US30K/ThyroidNodule-TN3K/img/trainval2622.png,tn3k,trainval2622,tn3k_trainval2622,png
/home/user/data/phyusformer_data/post_miccai_exps/data/US30k/US30K/ThyroidNodule-TN3K/img/trainval2623.png,tn3k,trainval2623,tn3k_trainval2623,png
/home/user/data/phyusformer_data/post_miccai_exps/data/US30k/US30K/ThyroidNodule-TN3K/img/trainval2624.png,tn3k,trainval2624,tn3k_trainval2624,png
/home/user/data/phyusformer_data/post_miccai_exps/data/US30k/US30K/ThyroidNodule-TN3K/img/trainval2625.png,tn3k,trainval2625,tn3k_trainval2625,png
/home/user/data/phyusformer_data/post_miccai_exps/data/US30k/US30K/ThyroidNodule-TN3K/img/trainval2626.png,tn3k,trainval2626,tn3k_trainval2626,png
/home/user/data/phyusformer_data/post_miccai_exps/data/US30k/US30K/ThyroidNodule-TN3K/img/trainval2627.png,tn3k,trainval2627,tn3k_trainval2627,png
/home/user/data/phyusformer_data/post_miccai_exps/data/US30k/US30K/ThyroidNodule-TN3K/img/trainval2628.png,tn3k,trainval2628,tn3k_trainval2628,png
/home/user/data/phyusformer_data/post_miccai_exps/data/US30k/US30K/ThyroidNodule-TN3K/img/trainval2629.png,tn3k,trainval2629,tn3k_trainval2629,png
/home/user/data/phyusformer_data/post_miccai_exps/data/US30k/US30K/ThyroidNodule-TN3K/img/trainval2630.png,tn3k,trainval2630,tn3k_trainval2630,png
/home/user/data/phyusformer_data/post_miccai_exps/data/US30k/US30K/ThyroidNodule-TN3K/img/trainval2631.png,tn3k,trainval2631,tn3k_trainval2631,png
/home/user/data/phyusformer_data/post_miccai_exps/data/US30k/US30K/ThyroidNodule-TN3K/img/trainval2632.png,tn3k,trainval2632,tn3k_trainval2632,png
/home/user/data/phyusformer_data/post_miccai_exps/data/US30k/US30K/ThyroidNodule-TN3K/img/trainval2633.png,tn3k,trainval2633,tn3k_trainval2633,png
/home/user/data/phyusformer_data/post_miccai_exps/data/US30k/US30K/ThyroidNodule-TN3K/img/trainval2634.png,tn3k,trainval2634,tn3k_trainval2634,png
/home/user/data/phyusformer_data/post_miccai_exps/data/US30k/US30K/ThyroidNodule-TN3K/img/trainval2635.png,tn3k,trainval2635,tn3k_trainval2635,png
/home/user/data/phyusformer_data/post_miccai_exps/data/US30k/US30K/ThyroidNodule-TN3K/img/trainval2636.png,tn3k,trainval2636,tn3k_trainval2636,png
/home/user/data/phyusformer_data/post_miccai_exps/data/US30k/US30K/ThyroidNodule-TN3K/img/trainval2637.png,tn3k,trainval2637,tn3k_trainval2637,png
/home/user/data/phyusformer_data/post_miccai_exps/data/US30k/US30K/ThyroidNodule-TN3K/img/trainval2638.png,tn3k,trainval2638,tn3k_trainval2638,png
/home/user/data/phyusformer_data/post_miccai_exps/data/US30k/US30K/ThyroidNodule-TN3K/img/trainval2639.png,tn3k,trainval2639,tn3k_trainval2639,png
/home/user/data/phyusformer_data/post_miccai_exps/data/US30k/US30K/ThyroidNodule-TN3K/img/trainval2640.png,tn3k,trainval2640,tn3k_trainval2640,png
/home/user/data/phyusformer_data/post_miccai_exps/data/US30k/US30K/ThyroidNodule-TN3K/img/trainval2641.png,tn3k,trainval2641,tn3k_trainval2641,png
/home/user/data/phyusformer_data/post_miccai_exps/data/US30k/US30K/ThyroidNodule-TN3K/img/trainval2642.png,tn3k,trainval2642,tn3k_trainval2642,png
/home/user/data/phyusformer_data/post_miccai_exps/data/US30k/US30K/ThyroidNodule-TN3K/img/trainval2643.png,tn3k,trainval2643,tn3k_trainval2643,png
/home/user/data/phyusformer_data/post_miccai_exps/data/US30k/US30K/ThyroidNodule-TN3K/img/trainval2644.png,tn3k,trainval2644,tn3k_trainval2644,png
/home/user/data/phyusformer_data/post_miccai_exps/data/US30k/US30K/ThyroidNodule-TN3K/img/trainval2645.png,tn3k,trainval2645,tn3k_trainval2645,png
/home/user/data/phyusformer_data/post_miccai_exps/data/US30k/US30K/ThyroidNodule-TN3K/img/trainval2646.png,tn3k,trainval2646,tn3k_trainval2646,png
/home/user/data/phyusformer_data/post_miccai_exps/data/US30k/US30K/ThyroidNodule-TN3K/img/trainval2647.png,tn3k,trainval2647,tn3k_trainval2647,png
/home/user/data/phyusformer_data/post_miccai_exps/data/US30k/US30K/ThyroidNodule-TN3K/img/trainval2648.png,tn3k,trainval2648,tn3k_trainval2648,png
/home/user/data/phyusformer_data/post_miccai_exps/data/US30k/US30K/ThyroidNodule-TN3K/img/trainval2649.png,tn3k,trainval2649,tn3k_trainval2649,png
/home/user/data/phyusformer_data/post_miccai_exps/data/US30k/US30K/ThyroidNodule-TN3K/img/trainval2650.png,tn3k,trainval2650,tn3k_trainval2650,png
/home/user/data/phyusformer_data/post_miccai_exps/data/US30k/US30K/ThyroidNodule-TN3K/img/trainval2651.png,tn3k,trainval2651,tn3k_trainval2651,png
/home/user/data/phyusformer_data/post_miccai_exps/data/US30k/US30K/ThyroidNodule-TN3K/img/trainval2652.png,tn3k,trainval2652,tn3k_trainval2652,png
/home/user/data/phyusformer_data/post_miccai_exps/data/US30k/US30K/ThyroidNodule-TN3K/img/trainval2653.png,tn3k,trainval2653,tn3k_trainval2653,png
/home/user/data/phyusformer_data/post_miccai_exps/data/US30k/US30K/ThyroidNodule-TN3K/img/trainval2654.png,tn3k,trainval2654,tn3k_trainval2654,png
/home/user/data/phyusformer_data/post_miccai_exps/data/US30k/US30K/ThyroidNodule-TN3K/img/trainval2655.png,tn3k,trainval2655,tn3k_trainval2655,png
/home/user/data/phyusformer_data/post_miccai_exps/data/US30k/US30K/ThyroidNodule-TN3K/img/trainval2656.png,tn3k,trainval2656,tn3k_trainval2656,png
/home/user/data/phyusformer_data/post_miccai_exps/data/US30k/US30K/ThyroidNodule-TN3K/img/trainval2657.png,tn3k,trainval2657,tn3k_trainval2657,png
/home/user/data/phyusformer_data/post_miccai_exps/data/US30k/US30K/ThyroidNodule-TN3K/img/trainval2658.png,tn3k,trainval2658,tn3k_trainval2658,png
/home/user/data/phyusformer_data/post_miccai_exps/data/US30k/US30K/ThyroidNodule-TN3K/img/trainval2659.png,tn3k,trainval2659,tn3k_trainval2659,png
/home/user/data/phyusformer_data/post_miccai_exps/data/US30k/US30K/ThyroidNodule-TN3K/img/trainval2660.png,tn3k,trainval2660,tn3k_trainval2660,png
/home/user/data/phyusformer_data/post_miccai_exps/data/US30k/US30K/ThyroidNodule-TN3K/img/trainval2661.png,tn3k,trainval2661,tn3k_trainval2661,png
/home/user/data/phyusformer_data/post_miccai_exps/data/US30k/US30K/ThyroidNodule-TN3K/img/trainval2662.png,tn3k,trainval2662,tn3k_trainval2662,png
/home/user/data/phyusformer_data/post_miccai_exps/data/US30k/US30K/ThyroidNodule-TN3K/img/trainval2663.png,tn3k,trainval2663,tn3k_trainval2663,png
/home/user/data/phyusformer_data/post_miccai_exps/data/US30k/US30K/ThyroidNodule-TN3K/img/trainval2664.png,tn3k,trainval2664,tn3k_trainval2664,png
/home/user/data/phyusformer_data/post_miccai_exps/data/US30k/US30K/ThyroidNodule-TN3K/img/trainval2665.png,tn3k,trainval2665,tn3k_trainval2665,png
/home/user/data/phyusformer_data/post_miccai_exps/data/US30k/US30K/ThyroidNodule-TN3K/img/trainval2666.png,tn3k,trainval2666,tn3k_trainval2666,png
/home/user/data/phyusformer_data/post_miccai_exps/data/US30k/US30K/ThyroidNodule-TN3K/img/trainval2667.png,tn3k,trainval2667,tn3k_trainval2667,png
/home/user/data/phyusformer_data/post_miccai_exps/data/US30k/US30K/ThyroidNodule-TN3K/img/trainval2668.png,tn3k,trainval2668,tn3k_trainval2668,png
/home/user/data/phyusformer_data/post_miccai_exps/data/US30k/US30K/ThyroidNodule-TN3K/img/trainval2669.png,tn3k,trainval2669,tn3k_trainval2669,png
/home/user/data/phyusformer_data/post_miccai_exps/data/US30k/US30K/ThyroidNodule-TN3K/img/trainval2670.png,tn3k,trainval2670,tn3k_trainval2670,png
/home/user/data/phyusformer_data/post_miccai_exps/data/US30k/US30K/ThyroidNodule-TN3K/img/trainval2671.png,tn3k,trainval2671,tn3k_trainval2671,png
/home/user/data/phyusformer_data/post_miccai_exps/data/US30k/US30K/ThyroidNodule-TN3K/img/trainval2672.png,tn3k,trainval2672,tn3k_trainval2672,png
/home/user/data/phyusformer_data/post_miccai_exps/data/US30k/US30K/ThyroidNodule-TN3K/img/trainval2673.png,tn3k,trainval2673,tn3k_trainval2673,png
/home/user/data/phyusformer_data/post_miccai_exps/data/US30k/US30K/ThyroidNodule-TN3K/img/trainval2674.png,tn3k,trainval2674,tn3k_trainval2674,png
/home/user/data/phyusformer_data/post_miccai_exps/data/US30k/US30K/ThyroidNodule-TN3K/img/trainval2675.png,tn3k,trainval2675,tn3k_trainval2675,png
/home/user/data/phyusformer_data/post_miccai_exps/data/US30k/US30K/ThyroidNodule-TN3K/img/trainval2676.png,tn3k,trainval2676,tn3k_trainval2676,png
/home/user/data/phyusformer_data/post_miccai_exps/data/US30k/US30K/ThyroidNodule-TN3K/img/trainval2677.png,tn3k,trainval2677,tn3k_trainval2677,png
/home/user/data/phyusformer_data/post_miccai_exps/data/US30k/US30K/ThyroidNodule-TN3K/img/trainval2678.png,tn3k,trainval2678,tn3k_trainval2678,png
/home/user/data/phyusformer_data/post_miccai_exps/data/US30k/US30K/ThyroidNodule-TN3K/img/trainval2679.png,tn3k,trainval2679,tn3k_trainval2679,png
/home/user/data/phyusformer_data/post_miccai_exps/data/US30k/US30K/ThyroidNodule-TN3K/img/trainval2680.png,tn3k,trainval2680,tn3k_trainval2680,png
/home/user/data/phyusformer_data/post_miccai_exps/data/US30k/US30K/ThyroidNodule-TN3K/img/trainval2681.png,tn3k,trainval2681,tn3k_trainval2681,png
/home/user/data/phyusformer_data/post_miccai_exps/data/US30k/US30K/ThyroidNodule-TN3K/img/trainval2682.png,tn3k,trainval2682,tn3k_trainval2682,png
/home/user/data/phyusformer_data/post_miccai_exps/data/US30k/US30K/ThyroidNodule-TN3K/img/trainval2683.png,tn3k,trainval2683,tn3k_trainval2683,png
/home/user/data/phyusformer_data/post_miccai_exps/data/US30k/US30K/ThyroidNodule-TN3K/img/trainval2684.png,tn3k,trainval2684,tn3k_trainval2684,png
/home/user/data/phyusformer_data/post_miccai_exps/data/US30k/US30K/ThyroidNodule-TN3K/img/trainval2685.png,tn3k,trainval2685,tn3k_trainval2685,png
/home/user/data/phyusformer_data/post_miccai_exps/data/US30k/US30K/ThyroidNodule-TN3K/img/trainval2686.png,tn3k,trainval2686,tn3k_trainval2686,png
/home/user/data/phyusformer_data/post_miccai_exps/data/US30k/US30K/ThyroidNodule-TN3K/img/trainval2687.png,tn3k,trainval2687,tn3k_trainval2687,png
/home/user/data/phyusformer_data/post_miccai_exps/data/US30k/US30K/ThyroidNodule-TN3K/img/trainval2688.png,tn3k,trainval2688,tn3k_trainval2688,png
/home/user/data/phyusformer_data/post_miccai_exps/data/US30k/US30K/ThyroidNodule-TN3K/img/trainval2689.png,tn3k,trainval2689,tn3k_trainval2689,png
/home/user/data/phyusformer_data/post_miccai_exps/data/US30k/US30K/ThyroidNodule-TN3K/img/trainval2690.png,tn3k,trainval2690,tn3k_trainval2690,png
/home/user/data/phyusformer_data/post_miccai_exps/data/US30k/US30K/ThyroidNodule-TN3K/img/trainval2691.png,tn3k,trainval2691,tn3k_trainval2691,png
/home/user/data/phyusformer_data/post_miccai_exps/data/US30k/US30K/ThyroidNodule-TN3K/img/trainval2692.png,tn3k,trainval2692,tn3k_trainval2692,png
/home/user/data/phyusformer_data/post_miccai_exps/data/US30k/US30K/ThyroidNodule-TN3K/img/trainval2693.png,tn3k,trainval2693,tn3k_trainval2693,png
/home/user/data/phyusformer_data/post_miccai_exps/data/US30k/US30K/ThyroidNodule-TN3K/img/trainval2694.png,tn3k,trainval2694,tn3k_trainval2694,png
/home/user/data/phyusformer_data/post_miccai_exps/data/US30k/US30K/ThyroidNodule-TN3K/img/trainval2695.png,tn3k,trainval2695,tn3k_trainval2695,png
/home/user/data/phyusformer_data/post_miccai_exps/data/US30k/US30K/ThyroidNodule-TN3K/img/trainval2696.png,tn3k,trainval2696,tn3k_trainval2696,png
/home/user/data/phyusformer_data/post_miccai_exps/data/US30k/US30K/ThyroidNodule-TN3K/img/trainval2697.png,tn3k,trainval2697,tn3k_trainval2697,png
/home/user/data/phyusformer_data/post_miccai_exps/data/US30k/US30K/ThyroidNodule-TN3K/img/trainval2698.png,tn3k,trainval2698,tn3k_trainval2698,png
/home/user/data/phyusformer_data/post_miccai_exps/data/US30k/US30K/ThyroidNodule-TN3K/img/trainval2699.png,tn3k,trainval2699,tn3k_trainval2699,png
/home/user/data/phyusformer_data/post_miccai_exps/data/US30k/US30K/ThyroidNodule-TN3K/img/trainval2700.png,tn3k,trainval2700,tn3k_trainval2700,png
/home/user/data/phyusformer_data/post_miccai_exps/data/US30k/US30K/ThyroidNodule-TN3K/img/trainval2701.png,tn3k,trainval2701,tn3k_trainval2701,png
/home/user/data/phyusformer_data/post_miccai_exps/data/US30k/US30K/ThyroidNodule-TN3K/img/trainval2702.png,tn3k,trainval2702,tn3k_trainval2702,png
/home/user/data/phyusformer_data/post_miccai_exps/data/US30k/US30K/ThyroidNodule-TN3K/img/trainval2703.png,tn3k,trainval2703,tn3k_trainval2703,png
/home/user/data/phyusformer_data/post_miccai_exps/data/US30k/US30K/ThyroidNodule-TN3K/img/trainval2704.png,tn3k,trainval2704,tn3k_trainval2704,png
/home/user/data/phyusformer_data/post_miccai_exps/data/US30k/US30K/ThyroidNodule-TN3K/img/trainval2705.png,tn3k,trainval2705,tn3k_trainval2705,png
/home/user/data/phyusformer_data/post_miccai_exps/data/US30k/US30K/ThyroidNodule-TN3K/img/trainval2706.png,tn3k,trainval2706,tn3k_trainval2706,png
/home/user/data/phyusformer_data/post_miccai_exps/data/US30k/US30K/ThyroidNodule-TN3K/img/trainval2707.png,tn3k,trainval2707,tn3k_trainval2707,png
/home/user/data/phyusformer_data/post_miccai_exps/data/US30k/US30K/ThyroidNodule-TN3K/img/trainval2708.png,tn3k,trainval2708,tn3k_trainval2708,png
/home/user/data/phyusformer_data/post_miccai_exps/data/US30k/US30K/ThyroidNodule-TN3K/img/trainval2709.png,tn3k,trainval2709,tn3k_trainval2709,png
/home/user/data/phyusformer_data/post_miccai_exps/data/US30k/US30K/ThyroidNodule-TN3K/img/trainval2710.png,tn3k,trainval2710,tn3k_trainval2710,png
/home/user/data/phyusformer_data/post_miccai_exps/data/US30k/US30K/ThyroidNodule-TN3K/img/trainval2711.png,tn3k,trainval2711,tn3k_trainval2711,png
/home/user/data/phyusformer_data/post_miccai_exps/data/US30k/US30K/ThyroidNodule-TN3K/img/trainval2712.png,tn3k,trainval2712,tn3k_trainval2712,png
/home/user/data/phyusformer_data/post_miccai_exps/data/US30k/US30K/ThyroidNodule-TN3K/img/trainval2713.png,tn3k,trainval2713,tn3k_trainval2713,png
/home/user/data/phyusformer_data/post_miccai_exps/data/US30k/US30K/ThyroidNodule-TN3K/img/trainval2714.png,tn3k,trainval2714,tn3k_trainval2714,png
/home/user/data/phyusformer_data/post_miccai_exps/data/US30k/US30K/ThyroidNodule-TN3K/img/trainval2715.png,tn3k,trainval2715,tn3k_trainval2715,png
/home/user/data/phyusformer_data/post_miccai_exps/data/US30k/US30K/ThyroidNodule-TN3K/img/trainval2716.png,tn3k,trainval2716,tn3k_trainval2716,png
/home/user/data/phyusformer_data/post_miccai_exps/data/US30k/US30K/ThyroidNodule-TN3K/img/trainval2717.png,tn3k,trainval2717,tn3k_trainval2717,png
/home/user/data/phyusformer_data/post_miccai_exps/data/US30k/US30K/ThyroidNodule-TN3K/img/trainval2718.png,tn3k,trainval2718,tn3k_trainval2718,png
/home/user/data/phyusformer_data/post_miccai_exps/data/US30k/US30K/ThyroidNodule-TN3K/img/trainval2719.png,tn3k,trainval2719,tn3k_trainval2719,png
/home/user/data/phyusformer_data/post_miccai_exps/data/US30k/US30K/ThyroidNodule-TN3K/img/trainval2720.png,tn3k,trainval2720,tn3k_trainval2720,png
/home/user/data/phyusformer_data/post_miccai_exps/data/US30k/US30K/ThyroidNodule-TN3K/img/trainval2721.png,tn3k,trainval2721,tn3k_trainval2721,png
/home/user/data/phyusformer_data/post_miccai_exps/data/US30k/US30K/ThyroidNodule-TN3K/img/trainval2722.png,tn3k,trainval2722,tn3k_trainval2722,png
/home/user/data/phyusformer_data/post_miccai_exps/data/US30k/US30K/ThyroidNodule-TN3K/img/trainval2723.png,tn3k,trainval2723,tn3k_trainval2723,png
/home/user/data/phyusformer_data/post_miccai_exps/data/US30k/US30K/ThyroidNodule-TN3K/img/trainval2724.png,tn3k,trainval2724,tn3k_trainval2724,png
/home/user/data/phyusformer_data/post_miccai_exps/data/US30k/US30K/ThyroidNodule-TN3K/img/trainval2725.png,tn3k,trainval2725,tn3k_trainval2725,png
/home/user/data/phyusformer_data/post_miccai_exps/data/US30k/US30K/ThyroidNodule-TN3K/img/trainval2726.png,tn3k,trainval2726,tn3k_trainval2726,png
/home/user/data/phyusformer_data/post_miccai_exps/data/US30k/US30K/ThyroidNodule-TN3K/img/trainval2727.png,tn3k,trainval2727,tn3k_trainval2727,png
/home/user/data/phyusformer_data/post_miccai_exps/data/US30k/US30K/ThyroidNodule-TN3K/img/trainval2728.png,tn3k,trainval2728,tn3k_trainval2728,png
/home/user/data/phyusformer_data/post_miccai_exps/data/US30k/US30K/ThyroidNodule-TN3K/img/trainval2729.png,tn3k,trainval2729,tn3k_trainval2729,png
/home/user/data/phyusformer_data/post_miccai_exps/data/US30k/US30K/ThyroidNodule-TN3K/img/trainval2730.png,tn3k,trainval2730,tn3k_trainval2730,png
/home/user/data/phyusformer_data/post_miccai_exps/data/US30k/US30K/ThyroidNodule-TN3K/img/trainval2731.png,tn3k,trainval2731,tn3k_trainval2731,png
/home/user/data/phyusformer_data/post_miccai_exps/data/US30k/US30K/ThyroidNodule-TN3K/img/trainval2732.png,tn3k,trainval2732,tn3k_trainval2732,png
/home/user/data/phyusformer_data/post_miccai_exps/data/US30k/US30K/ThyroidNodule-TN3K/img/trainval2733.png,tn3k,trainval2733,tn3k_trainval2733,png
/home/user/data/phyusformer_data/post_miccai_exps/data/US30k/US30K/ThyroidNodule-TN3K/img/trainval2734.png,tn3k,trainval2734,tn3k_trainval2734,png
/home/user/data/phyusformer_data/post_miccai_exps/data/US30k/US30K/ThyroidNodule-TN3K/img/trainval2735.png,tn3k,trainval2735,tn3k_trainval2735,png
/home/user/data/phyusformer_data/post_miccai_exps/data/US30k/US30K/ThyroidNodule-TN3K/img/trainval2736.png,tn3k,trainval2736,tn3k_trainval2736,png
/home/user/data/phyusformer_data/post_miccai_exps/data/US30k/US30K/ThyroidNodule-TN3K/img/trainval2737.png,tn3k,trainval2737,tn3k_trainval2737,png
/home/user/data/phyusformer_data/post_miccai_exps/data/US30k/US30K/ThyroidNodule-TN3K/img/trainval2738.png,tn3k,trainval2738,tn3k_trainval2738,png
/home/user/data/phyusformer_data/post_miccai_exps/data/US30k/US30K/ThyroidNodule-TN3K/img/trainval2739.png,tn3k,trainval2739,tn3k_trainval2739,png
/home/user/data/phyusformer_data/post_miccai_exps/data/US30k/US30K/ThyroidNodule-TN3K/img/trainval2740.png,tn3k,trainval2740,tn3k_trainval2740,png
/home/user/data/phyusformer_data/post_miccai_exps/data/US30k/US30K/ThyroidNodule-TN3K/img/trainval2741.png,tn3k,trainval2741,tn3k_trainval2741,png
/home/user/data/phyusformer_data/post_miccai_exps/data/US30k/US30K/ThyroidNodule-TN3K/img/trainval2742.png,tn3k,trainval2742,tn3k_trainval2742,png
/home/user/data/phyusformer_data/post_miccai_exps/data/US30k/US30K/ThyroidNodule-TN3K/img/trainval2743.png,tn3k,trainval2743,tn3k_trainval2743,png
/home/user/data/phyusformer_data/post_miccai_exps/data/US30k/US30K/ThyroidNodule-TN3K/img/trainval2744.png,tn3k,trainval2744,tn3k_trainval2744,png
/home/user/data/phyusformer_data/post_miccai_exps/data/US30k/US30K/ThyroidNodule-TN3K/img/trainval2745.png,tn3k,trainval2745,tn3k_trainval2745,png
/home/user/data/phyusformer_data/post_miccai_exps/data/US30k/US30K/ThyroidNodule-TN3K/img/trainval2746.png,tn3k,trainval2746,tn3k_trainval2746,png
/home/user/data/phyusformer_data/post_miccai_exps/data/US30k/US30K/ThyroidNodule-TN3K/img/trainval2747.png,tn3k,trainval2747,tn3k_trainval2747,png
/home/user/data/phyusformer_data/post_miccai_exps/data/US30k/US30K/ThyroidNodule-TN3K/img/trainval2748.png,tn3k,trainval2748,tn3k_trainval2748,png
/home/user/data/phyusformer_data/post_miccai_exps/data/US30k/US30K/ThyroidNodule-TN3K/img/trainval2749.png,tn3k,trainval2749,tn3k_trainval2749,png
/home/user/data/phyusformer_data/post_miccai_exps/data/US30k/US30K/ThyroidNodule-TN3K/img/trainval2750.png,tn3k,trainval2750,tn3k_trainval2750,png
/home/user/data/phyusformer_data/post_miccai_exps/data/US30k/US30K/ThyroidNodule-TN3K/img/trainval2751.png,tn3k,trainval2751,tn3k_trainval2751,png
/home/user/data/phyusformer_data/post_miccai_exps/data/US30k/US30K/ThyroidNodule-TN3K/img/trainval2752.png,tn3k,trainval2752,tn3k_trainval2752,png
/home/user/data/phyusformer_data/post_miccai_exps/data/US30k/US30K/ThyroidNodule-TN3K/img/trainval2753.png,tn3k,trainval2753,tn3k_trainval2753,png
/home/user/data/phyusformer_data/post_miccai_exps/data/US30k/US30K/ThyroidNodule-TN3K/img/trainval2754.png,tn3k,trainval2754,tn3k_trainval2754,png
/home/user/data/phyusformer_data/post_miccai_exps/data/US30k/US30K/ThyroidNodule-TN3K/img/trainval2755.png,tn3k,trainval2755,tn3k_trainval2755,png
/home/user/data/phyusformer_data/post_miccai_exps/data/US30k/US30K/ThyroidNodule-TN3K/img/trainval2756.png,tn3k,trainval2756,tn3k_trainval2756,png
/home/user/data/phyusformer_data/post_miccai_exps/data/US30k/US30K/ThyroidNodule-TN3K/img/trainval2757.png,tn3k,trainval2757,tn3k_trainval2757,png
/home/user/data/phyusformer_data/post_miccai_exps/data/US30k/US30K/ThyroidNodule-TN3K/img/trainval2758.png,tn3k,trainval2758,tn3k_trainval2758,png
/home/user/data/phyusformer_data/post_miccai_exps/data/US30k/US30K/ThyroidNodule-TN3K/img/trainval2759.png,tn3k,trainval2759,tn3k_trainval2759,png
/home/user/data/phyusformer_data/post_miccai_exps/data/US30k/US30K/ThyroidNodule-TN3K/img/trainval2760.png,tn3k,trainval2760,tn3k_trainval2760,png
/home/user/data/phyusformer_data/post_miccai_exps/data/US30k/US30K/ThyroidNodule-TN3K/img/trainval2761.png,tn3k,trainval2761,tn3k_trainval2761,png
/home/user/data/phyusformer_data/post_miccai_exps/data/US30k/US30K/ThyroidNodule-TN3K/img/trainval2762.png,tn3k,trainval2762,tn3k_trainval2762,png
/home/user/data/phyusformer_data/post_miccai_exps/data/US30k/US30K/ThyroidNodule-TN3K/img/trainval2763.png,tn3k,trainval2763,tn3k_trainval2763,png
/home/user/data/phyusformer_data/post_miccai_exps/data/US30k/US30K/ThyroidNodule-TN3K/img/trainval2764.png,tn3k,trainval2764,tn3k_trainval2764,png
/home/user/data/phyusformer_data/post_miccai_exps/data/US30k/US30K/ThyroidNodule-TN3K/img/trainval2765.png,tn3k,trainval2765,tn3k_trainval2765,png
/home/user/data/phyusformer_data/post_miccai_exps/data/US30k/US30K/ThyroidNodule-TN3K/img/trainval2766.png,tn3k,trainval2766,tn3k_trainval2766,png
/home/user/data/phyusformer_data/post_miccai_exps/data/US30k/US30K/ThyroidNodule-TN3K/img/trainval2767.png,tn3k,trainval2767,tn3k_trainval2767,png
/home/user/data/phyusformer_data/post_miccai_exps/data/US30k/US30K/ThyroidNodule-TN3K/img/trainval2768.png,tn3k,trainval2768,tn3k_trainval2768,png
/home/user/data/phyusformer_data/post_miccai_exps/data/US30k/US30K/ThyroidNodule-TN3K/img/trainval2769.png,tn3k,trainval2769,tn3k_trainval2769,png
/home/user/data/phyusformer_data/post_miccai_exps/data/US30k/US30K/ThyroidNodule-TN3K/img/trainval2770.png,tn3k,trainval2770,tn3k_trainval2770,png
/home/user/data/phyusformer_data/post_miccai_exps/data/US30k/US30K/ThyroidNodule-TN3K/img/trainval2771.png,tn3k,trainval2771,tn3k_trainval2771,png
/home/user/data/phyusformer_data/post_miccai_exps/data/US30k/US30K/ThyroidNodule-TN3K/img/trainval2772.png,tn3k,trainval2772,tn3k_trainval2772,png
/home/user/data/phyusformer_data/post_miccai_exps/data/US30k/US30K/ThyroidNodule-TN3K/img/trainval2773.png,tn3k,trainval2773,tn3k_trainval2773,png
/home/user/data/phyusformer_data/post_miccai_exps/data/US30k/US30K/ThyroidNodule-TN3K/img/trainval2774.png,tn3k,trainval2774,tn3k_trainval2774,png
/home/user/data/phyusformer_data/post_miccai_exps/data/US30k/US30K/ThyroidNodule-TN3K/img/trainval2775.png,tn3k,trainval2775,tn3k_trainval2775,png
/home/user/data/phyusformer_data/post_miccai_exps/data/US30k/US30K/ThyroidNodule-TN3K/img/trainval2776.png,tn3k,trainval2776,tn3k_trainval2776,png
/home/user/data/phyusformer_data/post_miccai_exps/data/US30k/US30K/ThyroidNodule-TN3K/img/trainval2777.png,tn3k,trainval2777,tn3k_trainval2777,png
/home/user/data/phyusformer_data/post_miccai_exps/data/US30k/US30K/ThyroidNodule-TN3K/img/trainval2778.png,tn3k,trainval2778,tn3k_trainval2778,png
/home/user/data/phyusformer_data/post_miccai_exps/data/US30k/US30K/ThyroidNodule-TN3K/img/trainval2779.png,tn3k,trainval2779,tn3k_trainval2779,png
/home/user/data/phyusformer_data/post_miccai_exps/data/US30k/US30K/ThyroidNodule-TN3K/img/trainval2780.png,tn3k,trainval2780,tn3k_trainval2780,png
/home/user/data/phyusformer_data/post_miccai_exps/data/US30k/US30K/ThyroidNodule-TN3K/img/trainval2781.png,tn3k,trainval2781,tn3k_trainval2781,png
/home/user/data/phyusformer_data/post_miccai_exps/data/US30k/US30K/ThyroidNodule-TN3K/img/trainval2782.png,tn3k,trainval2782,tn3k_trainval2782,png
/home/user/data/phyusformer_data/post_miccai_exps/data/US30k/US30K/ThyroidNodule-TN3K/img/trainval2783.png,tn3k,trainval2783,tn3k_trainval2783,png
/home/user/data/phyusformer_data/post_miccai_exps/data/US30k/US30K/ThyroidNodule-TN3K/img/trainval2784.png,tn3k,trainval2784,tn3k_trainval2784,png
/home/user/data/phyusformer_data/post_miccai_exps/data/US30k/US30K/ThyroidNodule-TN3K/img/trainval2785.png,tn3k,trainval2785,tn3k_trainval2785,png
/home/user/data/phyusformer_data/post_miccai_exps/data/US30k/US30K/ThyroidNodule-TN3K/img/trainval2786.png,tn3k,trainval2786,tn3k_trainval2786,png
/home/user/data/phyusformer_data/post_miccai_exps/data/US30k/US30K/ThyroidNodule-TN3K/img/trainval2787.png,tn3k,trainval2787,tn3k_trainval2787,png
/home/user/data/phyusformer_data/post_miccai_exps/data/US30k/US30K/ThyroidNodule-TN3K/img/trainval2788.png,tn3k,trainval2788,tn3k_trainval2788,png
/home/user/data/phyusformer_data/post_miccai_exps/data/US30k/US30K/ThyroidNodule-TN3K/img/trainval2789.png,tn3k,trainval2789,tn3k_trainval2789,png
/home/user/data/phyusformer_data/post_miccai_exps/data/US30k/US30K/ThyroidNodule-TN3K/img/trainval2790.png,tn3k,trainval2790,tn3k_trainval2790,png
/home/user/data/phyusformer_data/post_miccai_exps/data/US30k/US30K/ThyroidNodule-TN3K/img/trainval2791.png,tn3k,trainval2791,tn3k_trainval2791,png
/home/user/data/phyusformer_data/post_miccai_exps/data/US30k/US30K/ThyroidNodule-TN3K/img/trainval2792.png,tn3k,trainval2792,tn3k_trainval2792,png
/home/user/data/phyusformer_data/post_miccai_exps/data/US30k/US30K/ThyroidNodule-TN3K/img/trainval2793.png,tn3k,trainval2793,tn3k_trainval2793,png
/home/user/data/phyusformer_data/post_miccai_exps/data/US30k/US30K/ThyroidNodule-TN3K/img/trainval2794.png,tn3k,trainval2794,tn3k_trainval2794,png
/home/user/data/phyusformer_data/post_miccai_exps/data/US30k/US30K/ThyroidNodule-TN3K/img/trainval2795.png,tn3k,trainval2795,tn3k_trainval2795,png
/home/user/data/phyusformer_data/post_miccai_exps/data/US30k/US30K/ThyroidNodule-TN3K/img/trainval2796.png,tn3k,trainval2796,tn3k_trainval2796,png
/home/user/data/phyusformer_data/post_miccai_exps/data/US30k/US30K/ThyroidNodule-TN3K/img/trainval2797.png,tn3k,trainval2797,tn3k_trainval2797,png
/home/user/data/phyusformer_data/post_miccai_exps/data/US30k/US30K/ThyroidNodule-TN3K/img/trainval2798.png,tn3k,trainval2798,tn3k_trainval2798,png
/home/user/data/phyusformer_data/post_miccai_exps/data/US30k/US30K/ThyroidNodule-TN3K/img/trainval2799.png,tn3k,trainval2799,tn3k_trainval2799,png
/home/user/data/phyusformer_data/post_miccai_exps/data/US30k/US30K/ThyroidNodule-TN3K/img/trainval2800.png,tn3k,trainval2800,tn3k_trainval2800,png
/home/user/data/phyusformer_data/post_miccai_exps/data/US30k/US30K/ThyroidNodule-TN3K/img/trainval2801.png,tn3k,trainval2801,tn3k_trainval2801,png
/home/user/data/phyusformer_data/post_miccai_exps/data/US30k/US30K/ThyroidNodule-TN3K/img/trainval2802.png,tn3k,trainval2802,tn3k_trainval2802,png
/home/user/data/phyusformer_data/post_miccai_exps/data/US30k/US30K/ThyroidNodule-TN3K/img/trainval2803.png,tn3k,trainval2803,tn3k_trainval2803,png
/home/user/data/phyusformer_data/post_miccai_exps/data/US30k/US30K/ThyroidNodule-TN3K/img/trainval2804.png,tn3k,trainval2804,tn3k_trainval2804,png
/home/user/data/phyusformer_data/post_miccai_exps/data/US30k/US30K/ThyroidNodule-TN3K/img/trainval2805.png,tn3k,trainval2805,tn3k_trainval2805,png
/home/user/data/phyusformer_data/post_miccai_exps/data/US30k/US30K/ThyroidNodule-TN3K/img/trainval2806.png,tn3k,trainval2806,tn3k_trainval2806,png
/home/user/data/phyusformer_data/post_miccai_exps/data/US30k/US30K/ThyroidNodule-TN3K/img/trainval2807.png,tn3k,trainval2807,tn3k_trainval2807,png
/home/user/data/phyusformer_data/post_miccai_exps/data/US30k/US30K/ThyroidNodule-TN3K/img/trainval2808.png,tn3k,trainval2808,tn3k_trainval2808,png
/home/user/data/phyusformer_data/post_miccai_exps/data/US30k/US30K/ThyroidNodule-TN3K/img/trainval2809.png,tn3k,trainval2809,tn3k_trainval2809,png
/home/user/data/phyusformer_data/post_miccai_exps/data/US30k/US30K/ThyroidNodule-TN3K/img/trainval2810.png,tn3k,trainval2810,tn3k_trainval2810,png
/home/user/data/phyusformer_data/post_miccai_exps/data/US30k/US30K/ThyroidNodule-TN3K/img/trainval2811.png,tn3k,trainval2811,tn3k_trainval2811,png
/home/user/data/phyusformer_data/post_miccai_exps/data/US30k/US30K/ThyroidNodule-TN3K/img/trainval2812.png,tn3k,trainval2812,tn3k_trainval2812,png
/home/user/data/phyusformer_data/post_miccai_exps/data/US30k/US30K/ThyroidNodule-TN3K/img/trainval2813.png,tn3k,trainval2813,tn3k_trainval2813,png
/home/user/data/phyusformer_data/post_miccai_exps/data/US30k/US30K/ThyroidNodule-TN3K/img/trainval2814.png,tn3k,trainval2814,tn3k_trainval2814,png
/home/user/data/phyusformer_data/post_miccai_exps/data/US30k/US30K/ThyroidNodule-TN3K/img/trainval2815.png,tn3k,trainval2815,tn3k_trainval2815,png
/home/user/data/phyusformer_data/post_miccai_exps/data/US30k/US30K/ThyroidNodule-TN3K/img/trainval2816.png,tn3k,trainval2816,tn3k_trainval2816,png
/home/user/data/phyusformer_data/post_miccai_exps/data/US30k/US30K/ThyroidNodule-TN3K/img/trainval2817.png,tn3k,trainval2817,tn3k_trainval2817,png
/home/user/data/phyusformer_data/post_miccai_exps/data/US30k/US30K/ThyroidNodule-TN3K/img/trainval2818.png,tn3k,trainval2818,tn3k_trainval2818,png
/home/user/data/phyusformer_data/post_miccai_exps/data/US30k/US30K/ThyroidNodule-TN3K/img/trainval2819.png,tn3k,trainval2819,tn3k_trainval2819,png
/home/user/data/phyusformer_data/post_miccai_exps/data/US30k/US30K/ThyroidNodule-TN3K/img/trainval2820.png,tn3k,trainval2820,tn3k_trainval2820,png
/home/user/data/phyusformer_data/post_miccai_exps/data/US30k/US30K/ThyroidNodule-TN3K/img/trainval2821.png,tn3k,trainval2821,tn3k_trainval2821,png
/home/user/data/phyusformer_data/post_miccai_exps/data/US30k/US30K/ThyroidNodule-TN3K/img/trainval2822.png,tn3k,trainval2822,tn3k_trainval2822,png
/home/user/data/phyusformer_data/post_miccai_exps/data/US30k/US30K/ThyroidNodule-TN3K/img/trainval2823.png,tn3k,trainval2823,tn3k_trainval2823,png
/home/user/data/phyusformer_data/post_miccai_exps/data/US30k/US30K/ThyroidNodule-TN3K/img/trainval2824.png,tn3k,trainval2824,tn3k_trainval2824,png
/home/user/data/phyusformer_data/post_miccai_exps/data/US30k/US30K/ThyroidNodule-TN3K/img/trainval2825.png,tn3k,trainval2825,tn3k_trainval2825,png
/home/user/data/phyusformer_data/post_miccai_exps/data/US30k/US30K/ThyroidNodule-TN3K/img/trainval2826.png,tn3k,trainval2826,tn3k_trainval2826,png
/home/user/data/phyusformer_data/post_miccai_exps/data/US30k/US30K/ThyroidNodule-TN3K/img/trainval2827.png,tn3k,trainval2827,tn3k_trainval2827,png
/home/user/data/phyusformer_data/post_miccai_exps/data/US30k/US30K/ThyroidNodule-TN3K/img/trainval2828.png,tn3k,trainval2828,tn3k_trainval2828,png
/home/user/data/phyusformer_data/post_miccai_exps/data/US30k/US30K/ThyroidNodule-TN3K/img/trainval2829.png,tn3k,trainval2829,tn3k_trainval2829,png
/home/user/data/phyusformer_data/post_miccai_exps/data/US30k/US30K/ThyroidNodule-TN3K/img/trainval2830.png,tn3k,trainval2830,tn3k_trainval2830,png
/home/user/data/phyusformer_data/post_miccai_exps/data/US30k/US30K/ThyroidNodule-TN3K/img/trainval2831.png,tn3k,trainval2831,tn3k_trainval2831,png
/home/user/data/phyusformer_data/post_miccai_exps/data/US30k/US30K/ThyroidNodule-TN3K/img/trainval2832.png,tn3k,trainval2832,tn3k_trainval2832,png
/home/user/data/phyusformer_data/post_miccai_exps/data/US30k/US30K/ThyroidNodule-TN3K/img/trainval2833.png,tn3k,trainval2833,tn3k_trainval2833,png
/home/user/data/phyusformer_data/post_miccai_exps/data/US30k/US30K/ThyroidNodule-TN3K/img/trainval2834.png,tn3k,trainval2834,tn3k_trainval2834,png
/home/user/data/phyusformer_data/post_miccai_exps/data/US30k/US30K/ThyroidNodule-TN3K/img/trainval2835.png,tn3k,trainval2835,tn3k_trainval2835,png
/home/user/data/phyusformer_data/post_miccai_exps/data/US30k/US30K/ThyroidNodule-TN3K/img/trainval2836.png,tn3k,trainval2836,tn3k_trainval2836,png
/home/user/data/phyusformer_data/post_miccai_exps/data/US30k/US30K/ThyroidNodule-TN3K/img/trainval2837.png,tn3k,trainval2837,tn3k_trainval2837,png
/home/user/data/phyusformer_data/post_miccai_exps/data/US30k/US30K/ThyroidNodule-TN3K/img/trainval2838.png,tn3k,trainval2838,tn3k_trainval2838,png
/home/user/data/phyusformer_data/post_miccai_exps/data/US30k/US30K/ThyroidNodule-TN3K/img/trainval2839.png,tn3k,trainval2839,tn3k_trainval2839,png
/home/user/data/phyusformer_data/post_miccai_exps/data/US30k/US30K/ThyroidNodule-TN3K/img/trainval2840.png,tn3k,trainval2840,tn3k_trainval2840,png
/home/user/data/phyusformer_data/post_miccai_exps/data/US30k/US30K/ThyroidNodule-TN3K/img/trainval2841.png,tn3k,trainval2841,tn3k_trainval2841,png
/home/user/data/phyusformer_data/post_miccai_exps/data/US30k/US30K/ThyroidNodule-TN3K/img/trainval2842.png,tn3k,trainval2842,tn3k_trainval2842,png
/home/user/data/phyusformer_data/post_miccai_exps/data/US30k/US30K/ThyroidNodule-TN3K/img/trainval2843.png,tn3k,trainval2843,tn3k_trainval2843,png
/home/user/data/phyusformer_data/post_miccai_exps/data/US30k/US30K/ThyroidNodule-TN3K/img/trainval2844.png,tn3k,trainval2844,tn3k_trainval2844,png
/home/user/data/phyusformer_data/post_miccai_exps/data/US30k/US30K/ThyroidNodule-TN3K/img/trainval2845.png,tn3k,trainval2845,tn3k_trainval2845,png
/home/user/data/phyusformer_data/post_miccai_exps/data/US30k/US30K/ThyroidNodule-TN3K/img/trainval2846.png,tn3k,trainval2846,tn3k_trainval2846,png
/home/user/data/phyusformer_data/post_miccai_exps/data/US30k/US30K/ThyroidNodule-TN3K/img/trainval2847.png,tn3k,trainval2847,tn3k_trainval2847,png
/home/user/data/phyusformer_data/post_miccai_exps/data/US30k/US30K/ThyroidNodule-TN3K/img/trainval2848.png,tn3k,trainval2848,tn3k_trainval2848,png
/home/user/data/phyusformer_data/post_miccai_exps/data/US30k/US30K/ThyroidNodule-TN3K/img/trainval2849.png,tn3k,trainval2849,tn3k_trainval2849,png
/home/user/data/phyusformer_data/post_miccai_exps/data/US30k/US30K/ThyroidNodule-TN3K/img/trainval2850.png,tn3k,trainval2850,tn3k_trainval2850,png
/home/user/data/phyusformer_data/post_miccai_exps/data/US30k/US30K/ThyroidNodule-TN3K/img/trainval2851.png,tn3k,trainval2851,tn3k_trainval2851,png
/home/user/data/phyusformer_data/post_miccai_exps/data/US30k/US30K/ThyroidNodule-TN3K/img/trainval2852.png,tn3k,trainval2852,tn3k_trainval2852,png
/home/user/data/phyusformer_data/post_miccai_exps/data/US30k/US30K/ThyroidNodule-TN3K/img/trainval2853.png,tn3k,trainval2853,tn3k_trainval2853,png
/home/user/data/phyusformer_data/post_miccai_exps/data/US30k/US30K/ThyroidNodule-TN3K/img/trainval2854.png,tn3k,trainval2854,tn3k_trainval2854,png
/home/user/data/phyusformer_data/post_miccai_exps/data/US30k/US30K/ThyroidNodule-TN3K/img/trainval2855.png,tn3k,trainval2855,tn3k_trainval2855,png
/home/user/data/phyusformer_data/post_miccai_exps/data/US30k/US30K/ThyroidNodule-TN3K/img/trainval2856.png,tn3k,trainval2856,tn3k_trainval2856,png
/home/user/data/phyusformer_data/post_miccai_exps/data/US30k/US30K/ThyroidNodule-TN3K/img/trainval2857.png,tn3k,trainval2857,tn3k_trainval2857,png
/home/user/data/phyusformer_data/post_miccai_exps/data/US30k/US30K/ThyroidNodule-TN3K/img/trainval2858.png,tn3k,trainval2858,tn3k_trainval2858,png
/home/user/data/phyusformer_data/post_miccai_exps/data/US30k/US30K/ThyroidNodule-TN3K/img/trainval2859.png,tn3k,trainval2859,tn3k_trainval2859,png
/home/user/data/phyusformer_data/post_miccai_exps/data/US30k/US30K/ThyroidNodule-TN3K/img/trainval2860.png,tn3k,trainval2860,tn3k_trainval2860,png
/home/user/data/phyusformer_data/post_miccai_exps/data/US30k/US30K/ThyroidNodule-TN3K/img/trainval2861.png,tn3k,trainval2861,tn3k_trainval2861,png
/home/user/data/phyusformer_data/post_miccai_exps/data/US30k/US30K/ThyroidNodule-TN3K/img/trainval2862.png,tn3k,trainval2862,tn3k_trainval2862,png
/home/user/data/phyusformer_data/post_miccai_exps/data/US30k/US30K/ThyroidNodule-TN3K/img/trainval2863.png,tn3k,trainval2863,tn3k_trainval2863,png
/home/user/data/phyusformer_data/post_miccai_exps/data/US30k/US30K/ThyroidNodule-TN3K/img/trainval2864.png,tn3k,trainval2864,tn3k_trainval2864,png
/home/user/data/phyusformer_data/post_miccai_exps/data/US30k/US30K/ThyroidNodule-TN3K/img/trainval2865.png,tn3k,trainval2865,tn3k_trainval2865,png
/home/user/data/phyusformer_data/post_miccai_exps/data/US30k/US30K/ThyroidNodule-TN3K/img/trainval2866.png,tn3k,trainval2866,tn3k_trainval2866,png
/home/user/data/phyusformer_data/post_miccai_exps/data/US30k/US30K/ThyroidNodule-TN3K/img/trainval2867.png,tn3k,trainval2867,tn3k_trainval2867,png
/home/user/data/phyusformer_data/post_miccai_exps/data/US30k/US30K/ThyroidNodule-TN3K/img/trainval2868.png,tn3k,trainval2868,tn3k_trainval2868,png
/home/user/data/phyusformer_data/post_miccai_exps/data/US30k/US30K/ThyroidNodule-TN3K/img/trainval2869.png,tn3k,trainval2869,tn3k_trainval2869,png
/home/user/data/phyusformer_data/post_miccai_exps/data/US30k/US30K/ThyroidNodule-TN3K/img/trainval2870.png,tn3k,trainval2870,tn3k_trainval2870,png
/home/user/data/phyusformer_data/post_miccai_exps/data/US30k/US30K/ThyroidNodule-TN3K/img/trainval2871.png,tn3k,trainval2871,tn3k_trainval2871,png
/home/user/data/phyusformer_data/post_miccai_exps/data/US30k/US30K/ThyroidNodule-TN3K/img/trainval2872.png,tn3k,trainval2872,tn3k_trainval2872,png
/home/user/data/phyusformer_data/post_miccai_exps/data/US30k/US30K/ThyroidNodule-TN3K/img/trainval2873.png,tn3k,trainval2873,tn3k_trainval2873,png
/home/user/data/phyusformer_data/post_miccai_exps/data/US30k/US30K/ThyroidNodule-TN3K/img/trainval2874.png,tn3k,trainval2874,tn3k_trainval2874,png
/home/user/data/phyusformer_data/post_miccai_exps/data/US30k/US30K/ThyroidNodule-TN3K/img/trainval2875.png,tn3k,trainval2875,tn3k_trainval2875,png
/home/user/data/phyusformer_data/post_miccai_exps/data/US30k/US30K/ThyroidNodule-TN3K/img/trainval2876.png,tn3k,trainval2876,tn3k_trainval2876,png
/home/user/data/phyusformer_data/post_miccai_exps/data/US30k/US30K/ThyroidNodule-TN3K/img/trainval2877.png,tn3k,trainval2877,tn3k_trainval2877,png
/home/user/data/phyusformer_data/post_miccai_exps/data/US30k/US30K/ThyroidNodule-TN3K/img/trainval2878.png,tn3k,trainval2878,tn3k_trainval2878,png
