status,subject_id,session_id,run_id,task,run_path,out_path,cropped_shape,n_volumes,elapsed_s,message
ok,ICC105,1,001,videos,/lustre/disk/home/shared/cusacklab/foundcog/bids/derivatives/normalized_to_common_space/_subject_id_ICC105/_referencetype_standard/_run_001_session_1_task_name_videos/sub-ICC105_ses-1_task-videos_dir-AP_run-001_bold_mcf_corrected_flirt.nii.gz,/lustre/disk/home/shared/cusacklab/foundcog/bids/derivatives/faizan_motion_correction_dataset/brain_masked_cropped_2mo_normalized_to_common_space/_subject_id_ICC105/_referencetype_standard/_run_001_session_1_task_name_videos/sub-ICC105_ses-1_task-videos_dir-AP_run-001_bold_mcf_corrected_flirt.nii.gz,"(60, 72, 56, 485)",485,7.6,
ok,ICC105,1,002,videos,/lustre/disk/home/shared/cusacklab/foundcog/bids/derivatives/normalized_to_common_space/_subject_id_ICC105/_referencetype_standard/_run_002_session_1_task_name_videos/sub-ICC105_ses-1_task-videos_dir-AP_run-002_bold_mcf_corrected_flirt.nii.gz,/lustre/disk/home/shared/cusacklab/foundcog/bids/derivatives/faizan_motion_correction_dataset/brain_masked_cropped_2mo_normalized_to_common_space/_subject_id_ICC105/_referencetype_standard/_run_002_session_1_task_name_videos/sub-ICC105_ses-1_task-videos_dir-AP_run-002_bold_mcf_corrected_flirt.nii.gz,"(60, 72, 56, 485)",485,7.6,
ok,ICC105,2,001,videos,/lustre/disk/home/shared/cusacklab/foundcog/bids/derivatives/normalized_to_common_space/_subject_id_ICC105/_referencetype_standard/_run_001_session_2_task_name_videos/sub-ICC105_ses-2_task-videos_dir-AP_run-001_bold_mcf_corrected_flirt.nii.gz,/lustre/disk/home/shared/cusacklab/foundcog/bids/derivatives/faizan_motion_correction_dataset/brain_masked_cropped_2mo_normalized_to_common_space/_subject_id_ICC105/_referencetype_standard/_run_001_session_2_task_name_videos/sub-ICC105_ses-2_task-videos_dir-AP_run-001_bold_mcf_corrected_flirt.nii.gz,"(60, 72, 56, 485)",485,7.7,
ok,ICC107,1,001,videos,/lustre/disk/home/shared/cusacklab/foundcog/bids/derivatives/normalized_to_common_space/_subject_id_ICC107/_referencetype_standard/_run_001_session_1_task_name_videos/sub-ICC107_ses-1_task-videos_dir-AP_run-001_bold_mcf_corrected_flirt.nii.gz,/lustre/disk/home/shared/cusacklab/foundcog/bids/derivatives/faizan_motion_correction_dataset/brain_masked_cropped_2mo_normalized_to_common_space/_subject_id_ICC107/_referencetype_standard/_run_001_session_1_task_name_videos/sub-ICC107_ses-1_task-videos_dir-AP_run-001_bold_mcf_corrected_flirt.nii.gz,"(60, 72, 56, 485)",485,7.5,
ok,ICC107,1,002,videos,/lustre/disk/home/shared/cusacklab/foundcog/bids/derivatives/normalized_to_common_space/_subject_id_ICC107/_referencetype_standard/_run_002_session_1_task_name_videos/sub-ICC107_ses-1_task-videos_dir-AP_run-002_bold_mcf_corrected_flirt.nii.gz,/lustre/disk/home/shared/cusacklab/foundcog/bids/derivatives/faizan_motion_correction_dataset/brain_masked_cropped_2mo_normalized_to_common_space/_subject_id_ICC107/_referencetype_standard/_run_002_session_1_task_name_videos/sub-ICC107_ses-1_task-videos_dir-AP_run-002_bold_mcf_corrected_flirt.nii.gz,"(60, 72, 56, 485)",485,7.6,
ok,ICC105,2,001,rest10,/lustre/disk/home/shared/cusacklab/foundcog/bids/derivatives/normalized_to_common_space/_subject_id_ICC105/_referencetype_standard/_run_001_session_2_task_name_rest10/sub-ICC105_ses-2_task-rest10_dir-AP_run-001_bold_mcf_corrected_flirt.nii.gz,/lustre/disk/home/shared/cusacklab/foundcog/bids/derivatives/faizan_motion_correction_dataset/brain_masked_cropped_2mo_normalized_to_common_space/_subject_id_ICC105/_referencetype_standard/_run_001_session_2_task_name_rest10/sub-ICC105_ses-2_task-rest10_dir-AP_run-001_bold_mcf_corrected_flirt.nii.gz,"(60, 72, 56, 1000)",1000,15.7,
ok,ICC103,2,001,videos,/lustre/disk/home/shared/cusacklab/foundcog/bids/derivatives/normalized_to_common_space/_subject_id_ICC103/_referencetype_standard/_run_001_session_2_task_name_videos/sub-ICC103_ses-2_task-videos_dir-AP_run-001_bold_mcf_corrected_flirt.nii.gz,/lustre/disk/home/shared/cusacklab/foundcog/bids/derivatives/faizan_motion_correction_dataset/brain_masked_cropped_2mo_normalized_to_common_space/_subject_id_ICC103/_referencetype_standard/_run_001_session_2_task_name_videos/sub-ICC103_ses-2_task-videos_dir-AP_run-001_bold_mcf_corrected_flirt.nii.gz,"(60, 72, 56, 485)",485,16.3,
ok,ICC103,1,001,videos,/lustre/disk/home/shared/cusacklab/foundcog/bids/derivatives/normalized_to_common_space/_subject_id_ICC103/_referencetype_standard/_run_001_session_1_task_name_videos/sub-ICC103_ses-1_task-videos_dir-AP_run-001_bold_mcf_corrected_flirt.nii.gz,/lustre/disk/home/shared/cusacklab/foundcog/bids/derivatives/faizan_motion_correction_dataset/brain_masked_cropped_2mo_normalized_to_common_space/_subject_id_ICC103/_referencetype_standard/_run_001_session_1_task_name_videos/sub-ICC103_ses-1_task-videos_dir-AP_run-001_bold_mcf_corrected_flirt.nii.gz,"(60, 72, 56, 485)",485,16.4,
ok,ICC103,1,002,videos,/lustre/disk/home/shared/cusacklab/foundcog/bids/derivatives/normalized_to_common_space/_subject_id_ICC103/_referencetype_standard/_run_002_session_1_task_name_videos/sub-ICC103_ses-1_task-videos_dir-AP_run-002_bold_mcf_corrected_flirt.nii.gz,/lustre/disk/home/shared/cusacklab/foundcog/bids/derivatives/faizan_motion_correction_dataset/brain_masked_cropped_2mo_normalized_to_common_space/_subject_id_ICC103/_referencetype_standard/_run_002_session_1_task_name_videos/sub-ICC103_ses-1_task-videos_dir-AP_run-002_bold_mcf_corrected_flirt.nii.gz,"(60, 72, 56, 485)",485,16.5,
ok,ICC103,2,002,videos,/lustre/disk/home/shared/cusacklab/foundcog/bids/derivatives/normalized_to_common_space/_subject_id_ICC103/_referencetype_standard/_run_002_session_2_task_name_videos/sub-ICC103_ses-2_task-videos_dir-AP_run-002_bold_mcf_corrected_flirt.nii.gz,/lustre/disk/home/shared/cusacklab/foundcog/bids/derivatives/faizan_motion_correction_dataset/brain_masked_cropped_2mo_normalized_to_common_space/_subject_id_ICC103/_referencetype_standard/_run_002_session_2_task_name_videos/sub-ICC103_ses-2_task-videos_dir-AP_run-002_bold_mcf_corrected_flirt.nii.gz,"(60, 72, 56, 485)",485,16.5,
ok,ICC107,1,001,rest10,/lustre/disk/home/shared/cusacklab/foundcog/bids/derivatives/normalized_to_common_space/_subject_id_ICC107/_referencetype_standard/_run_001_session_1_task_name_rest10/sub-ICC107_ses-1_task-rest10_dir-AP_run-001_bold_mcf_corrected_flirt.nii.gz,/lustre/disk/home/shared/cusacklab/foundcog/bids/derivatives/faizan_motion_correction_dataset/brain_masked_cropped_2mo_normalized_to_common_space/_subject_id_ICC107/_referencetype_standard/_run_001_session_1_task_name_rest10/sub-ICC107_ses-1_task-rest10_dir-AP_run-001_bold_mcf_corrected_flirt.nii.gz,"(60, 72, 56, 1000)",1000,15.5,
ok,ICC113,1,001,videos,/lustre/disk/home/shared/cusacklab/foundcog/bids/derivatives/normalized_to_common_space/_subject_id_ICC113/_referencetype_standard/_run_001_session_1_task_name_videos/sub-ICC113_ses-1_task-videos_dir-AP_run-001_bold_mcf_corrected_flirt.nii.gz,/lustre/disk/home/shared/cusacklab/foundcog/bids/derivatives/faizan_motion_correction_dataset/brain_masked_cropped_2mo_normalized_to_common_space/_subject_id_ICC113/_referencetype_standard/_run_001_session_1_task_name_videos/sub-ICC113_ses-1_task-videos_dir-AP_run-001_bold_mcf_corrected_flirt.nii.gz,"(60, 72, 56, 485)",485,7.6,
ok,ICC113,2,001,videos,/lustre/disk/home/shared/cusacklab/foundcog/bids/derivatives/normalized_to_common_space/_subject_id_ICC113/_referencetype_standard/_run_001_session_2_task_name_videos/sub-ICC113_ses-2_task-videos_dir-AP_run-001_bold_mcf_corrected_flirt.nii.gz,/lustre/disk/home/shared/cusacklab/foundcog/bids/derivatives/faizan_motion_correction_dataset/brain_masked_cropped_2mo_normalized_to_common_space/_subject_id_ICC113/_referencetype_standard/_run_001_session_2_task_name_videos/sub-ICC113_ses-2_task-videos_dir-AP_run-001_bold_mcf_corrected_flirt.nii.gz,"(60, 72, 56, 485)",485,7.5,
ok,ICC113,1,002,videos,/lustre/disk/home/shared/cusacklab/foundcog/bids/derivatives/normalized_to_common_space/_subject_id_ICC113/_referencetype_standard/_run_002_session_1_task_name_videos/sub-ICC113_ses-1_task-videos_dir-AP_run-002_bold_mcf_corrected_flirt.nii.gz,/lustre/disk/home/shared/cusacklab/foundcog/bids/derivatives/faizan_motion_correction_dataset/brain_masked_cropped_2mo_normalized_to_common_space/_subject_id_ICC113/_referencetype_standard/_run_002_session_1_task_name_videos/sub-ICC113_ses-1_task-videos_dir-AP_run-002_bold_mcf_corrected_flirt.nii.gz,"(60, 72, 56, 485)",485,7.7,
ok,ICC115,1,003,videos,/lustre/disk/home/shared/cusacklab/foundcog/bids/derivatives/normalized_to_common_space/_subject_id_ICC115/_referencetype_standard/_run_003_session_1_task_name_videos/sub-ICC115_ses-1_task-videos_dir-AP_run-003_bold_mcf_corrected_flirt.nii.gz,/lustre/disk/home/shared/cusacklab/foundcog/bids/derivatives/faizan_motion_correction_dataset/brain_masked_cropped_2mo_normalized_to_common_space/_subject_id_ICC115/_referencetype_standard/_run_003_session_1_task_name_videos/sub-ICC115_ses-1_task-videos_dir-AP_run-003_bold_mcf_corrected_flirt.nii.gz,"(60, 72, 56, 102)",102,3.7,
ok,ICC115,1,001,videos,/lustre/disk/home/shared/cusacklab/foundcog/bids/derivatives/normalized_to_common_space/_subject_id_ICC115/_referencetype_standard/_run_001_session_1_task_name_videos/sub-ICC115_ses-1_task-videos_dir-AP_run-001_bold_mcf_corrected_flirt.nii.gz,/lustre/disk/home/shared/cusacklab/foundcog/bids/derivatives/faizan_motion_correction_dataset/brain_masked_cropped_2mo_normalized_to_common_space/_subject_id_ICC115/_referencetype_standard/_run_001_session_1_task_name_videos/sub-ICC115_ses-1_task-videos_dir-AP_run-001_bold_mcf_corrected_flirt.nii.gz,"(60, 72, 56, 199)",199,7.1,
ok,ICC111,1,001,videos,/lustre/disk/home/shared/cusacklab/foundcog/bids/derivatives/normalized_to_common_space/_subject_id_ICC111/_referencetype_standard/_run_001_session_1_task_name_videos/sub-ICC111_ses-1_task-videos_dir-AP_run-001_bold_mcf_corrected_flirt.nii.gz,/lustre/disk/home/shared/cusacklab/foundcog/bids/derivatives/faizan_motion_correction_dataset/brain_masked_cropped_2mo_normalized_to_common_space/_subject_id_ICC111/_referencetype_standard/_run_001_session_1_task_name_videos/sub-ICC111_ses-1_task-videos_dir-AP_run-001_bold_mcf_corrected_flirt.nii.gz,"(60, 72, 56, 485)",485,15.9,
ok,ICC111,1,003,videos,/lustre/disk/home/shared/cusacklab/foundcog/bids/derivatives/normalized_to_common_space/_subject_id_ICC111/_referencetype_standard/_run_003_session_1_task_name_videos/sub-ICC111_ses-1_task-videos_dir-AP_run-003_bold_mcf_corrected_flirt.nii.gz,/lustre/disk/home/shared/cusacklab/foundcog/bids/derivatives/faizan_motion_correction_dataset/brain_masked_cropped_2mo_normalized_to_common_space/_subject_id_ICC111/_referencetype_standard/_run_003_session_1_task_name_videos/sub-ICC111_ses-1_task-videos_dir-AP_run-003_bold_mcf_corrected_flirt.nii.gz,"(60, 72, 56, 485)",485,15.7,
ok,ICC113,1,001,rest10,/lustre/disk/home/shared/cusacklab/foundcog/bids/derivatives/normalized_to_common_space/_subject_id_ICC113/_referencetype_standard/_run_001_session_1_task_name_rest10/sub-ICC113_ses-1_task-rest10_dir-AP_run-001_bold_mcf_corrected_flirt.nii.gz,/lustre/disk/home/shared/cusacklab/foundcog/bids/derivatives/faizan_motion_correction_dataset/brain_masked_cropped_2mo_normalized_to_common_space/_subject_id_ICC113/_referencetype_standard/_run_001_session_1_task_name_rest10/sub-ICC113_ses-1_task-rest10_dir-AP_run-001_bold_mcf_corrected_flirt.nii.gz,"(60, 72, 56, 1000)",1000,15.9,
ok,ICC115,1,002,videos,/lustre/disk/home/shared/cusacklab/foundcog/bids/derivatives/normalized_to_common_space/_subject_id_ICC115/_referencetype_standard/_run_002_session_1_task_name_videos/sub-ICC115_ses-1_task-videos_dir-AP_run-002_bold_mcf_corrected_flirt.nii.gz,/lustre/disk/home/shared/cusacklab/foundcog/bids/derivatives/faizan_motion_correction_dataset/brain_masked_cropped_2mo_normalized_to_common_space/_subject_id_ICC115/_referencetype_standard/_run_002_session_1_task_name_videos/sub-ICC115_ses-1_task-videos_dir-AP_run-002_bold_mcf_corrected_flirt.nii.gz,"(60, 72, 56, 485)",485,16.8,
ok,ICC111,1,001,rest10,/lustre/disk/home/shared/cusacklab/foundcog/bids/derivatives/normalized_to_common_space/_subject_id_ICC111/_referencetype_standard/_run_001_session_1_task_name_rest10/sub-ICC111_ses-1_task-rest10_dir-AP_run-001_bold_mcf_corrected_flirt.nii.gz,/lustre/disk/home/shared/cusacklab/foundcog/bids/derivatives/faizan_motion_correction_dataset/brain_masked_cropped_2mo_normalized_to_common_space/_subject_id_ICC111/_referencetype_standard/_run_001_session_1_task_name_rest10/sub-ICC111_ses-1_task-rest10_dir-AP_run-001_bold_mcf_corrected_flirt.nii.gz,"(60, 72, 56, 1000)",1000,32.4,
ok,ICC123,1,001,videos,/lustre/disk/home/shared/cusacklab/foundcog/bids/derivatives/normalized_to_common_space/_subject_id_ICC123/_referencetype_standard/_run_001_session_1_task_name_videos/sub-ICC123_ses-1_task-videos_dir-AP_run-001_bold_mcf_corrected_flirt.nii.gz,/lustre/disk/home/shared/cusacklab/foundcog/bids/derivatives/faizan_motion_correction_dataset/brain_masked_cropped_2mo_normalized_to_common_space/_subject_id_ICC123/_referencetype_standard/_run_001_session_1_task_name_videos/sub-ICC123_ses-1_task-videos_dir-AP_run-001_bold_mcf_corrected_flirt.nii.gz,"(60, 72, 56, 485)",485,16.5,
ok,ICC117,1,002,videos,/lustre/disk/home/shared/cusacklab/foundcog/bids/derivatives/normalized_to_common_space/_subject_id_ICC117/_referencetype_standard/_run_002_session_1_task_name_videos/sub-ICC117_ses-1_task-videos_dir-AP_run-002_bold_mcf_corrected_flirt.nii.gz,/lustre/disk/home/shared/cusacklab/foundcog/bids/derivatives/faizan_motion_correction_dataset/brain_masked_cropped_2mo_normalized_to_common_space/_subject_id_ICC117/_referencetype_standard/_run_002_session_1_task_name_videos/sub-ICC117_ses-1_task-videos_dir-AP_run-002_bold_mcf_corrected_flirt.nii.gz,"(60, 72, 56, 485)",485,16.8,
ok,ICC117,1,001,videos,/lustre/disk/home/shared/cusacklab/foundcog/bids/derivatives/normalized_to_common_space/_subject_id_ICC117/_referencetype_standard/_run_001_session_1_task_name_videos/sub-ICC117_ses-1_task-videos_dir-AP_run-001_bold_mcf_corrected_flirt.nii.gz,/lustre/disk/home/shared/cusacklab/foundcog/bids/derivatives/faizan_motion_correction_dataset/brain_masked_cropped_2mo_normalized_to_common_space/_subject_id_ICC117/_referencetype_standard/_run_001_session_1_task_name_videos/sub-ICC117_ses-1_task-videos_dir-AP_run-001_bold_mcf_corrected_flirt.nii.gz,"(60, 72, 56, 485)",485,17.0,
ok,ICC123,1,002,videos,/lustre/disk/home/shared/cusacklab/foundcog/bids/derivatives/normalized_to_common_space/_subject_id_ICC123/_referencetype_standard/_run_002_session_1_task_name_videos/sub-ICC123_ses-1_task-videos_dir-AP_run-002_bold_mcf_corrected_flirt.nii.gz,/lustre/disk/home/shared/cusacklab/foundcog/bids/derivatives/faizan_motion_correction_dataset/brain_masked_cropped_2mo_normalized_to_common_space/_subject_id_ICC123/_referencetype_standard/_run_002_session_1_task_name_videos/sub-ICC123_ses-1_task-videos_dir-AP_run-002_bold_mcf_corrected_flirt.nii.gz,"(60, 72, 56, 485)",485,16.3,
ok,ICC115,1,001,rest10,/lustre/disk/home/shared/cusacklab/foundcog/bids/derivatives/normalized_to_common_space/_subject_id_ICC115/_referencetype_standard/_run_001_session_1_task_name_rest10/sub-ICC115_ses-1_task-rest10_dir-AP_run-001_bold_mcf_corrected_flirt.nii.gz,/lustre/disk/home/shared/cusacklab/foundcog/bids/derivatives/faizan_motion_correction_dataset/brain_masked_cropped_2mo_normalized_to_common_space/_subject_id_ICC115/_referencetype_standard/_run_001_session_1_task_name_rest10/sub-ICC115_ses-1_task-rest10_dir-AP_run-001_bold_mcf_corrected_flirt.nii.gz,"(60, 72, 56, 1000)",1000,34.7,
ok,ICC117,1,001,rest10,/lustre/disk/home/shared/cusacklab/foundcog/bids/derivatives/normalized_to_common_space/_subject_id_ICC117/_referencetype_standard/_run_001_session_1_task_name_rest10/sub-ICC117_ses-1_task-rest10_dir-AP_run-001_bold_mcf_corrected_flirt.nii.gz,/lustre/disk/home/shared/cusacklab/foundcog/bids/derivatives/faizan_motion_correction_dataset/brain_masked_cropped_2mo_normalized_to_common_space/_subject_id_ICC117/_referencetype_standard/_run_001_session_1_task_name_rest10/sub-ICC117_ses-1_task-rest10_dir-AP_run-001_bold_mcf_corrected_flirt.nii.gz,"(60, 72, 56, 1000)",1000,34.6,
ok,ICC125,1,001,videos,/lustre/disk/home/shared/cusacklab/foundcog/bids/derivatives/normalized_to_common_space/_subject_id_ICC125/_referencetype_standard/_run_001_session_1_task_name_videos/sub-ICC125_ses-1_task-videos_dir-AP_run-001_bold_mcf_corrected_flirt.nii.gz,/lustre/disk/home/shared/cusacklab/foundcog/bids/derivatives/faizan_motion_correction_dataset/brain_masked_cropped_2mo_normalized_to_common_space/_subject_id_ICC125/_referencetype_standard/_run_001_session_1_task_name_videos/sub-ICC125_ses-1_task-videos_dir-AP_run-001_bold_mcf_corrected_flirt.nii.gz,"(60, 72, 56, 485)",485,15.7,
ok,ICC125,1,002,videos,/lustre/disk/home/shared/cusacklab/foundcog/bids/derivatives/normalized_to_common_space/_subject_id_ICC125/_referencetype_standard/_run_002_session_1_task_name_videos/sub-ICC125_ses-1_task-videos_dir-AP_run-002_bold_mcf_corrected_flirt.nii.gz,/lustre/disk/home/shared/cusacklab/foundcog/bids/derivatives/faizan_motion_correction_dataset/brain_masked_cropped_2mo_normalized_to_common_space/_subject_id_ICC125/_referencetype_standard/_run_002_session_1_task_name_videos/sub-ICC125_ses-1_task-videos_dir-AP_run-002_bold_mcf_corrected_flirt.nii.gz,"(60, 72, 56, 485)",485,15.6,
ok,ICC125,2,001,videos,/lustre/disk/home/shared/cusacklab/foundcog/bids/derivatives/normalized_to_common_space/_subject_id_ICC125/_referencetype_standard/_run_001_session_2_task_name_videos/sub-ICC125_ses-2_task-videos_dir-AP_run-001_bold_mcf_corrected_flirt.nii.gz,/lustre/disk/home/shared/cusacklab/foundcog/bids/derivatives/faizan_motion_correction_dataset/brain_masked_cropped_2mo_normalized_to_common_space/_subject_id_ICC125/_referencetype_standard/_run_001_session_2_task_name_videos/sub-ICC125_ses-2_task-videos_dir-AP_run-001_bold_mcf_corrected_flirt.nii.gz,"(60, 72, 56, 485)",485,15.8,
ok,ICC123,2,001,rest10,/lustre/disk/home/shared/cusacklab/foundcog/bids/derivatives/normalized_to_common_space/_subject_id_ICC123/_referencetype_standard/_run_001_session_2_task_name_rest10/sub-ICC123_ses-2_task-rest10_dir-AP_run-001_bold_mcf_corrected_flirt.nii.gz,/lustre/disk/home/shared/cusacklab/foundcog/bids/derivatives/faizan_motion_correction_dataset/brain_masked_cropped_2mo_normalized_to_common_space/_subject_id_ICC123/_referencetype_standard/_run_001_session_2_task_name_rest10/sub-ICC123_ses-2_task-rest10_dir-AP_run-001_bold_mcf_corrected_flirt.nii.gz,"(60, 72, 56, 1000)",1000,32.8,
ok,ICC131,2,001,videos,/lustre/disk/home/shared/cusacklab/foundcog/bids/derivatives/normalized_to_common_space/_subject_id_ICC131/_referencetype_standard/_run_001_session_2_task_name_videos/sub-ICC131_ses-2_task-videos_dir-AP_run-001_bold_mcf_corrected_flirt.nii.gz,/lustre/disk/home/shared/cusacklab/foundcog/bids/derivatives/faizan_motion_correction_dataset/brain_masked_cropped_2mo_normalized_to_common_space/_subject_id_ICC131/_referencetype_standard/_run_001_session_2_task_name_videos/sub-ICC131_ses-2_task-videos_dir-AP_run-001_bold_mcf_corrected_flirt.nii.gz,"(60, 72, 56, 405)",405,6.2,
ok,ICC131,1,001,videos,/lustre/disk/home/shared/cusacklab/foundcog/bids/derivatives/normalized_to_common_space/_subject_id_ICC131/_referencetype_standard/_run_001_session_1_task_name_videos/sub-ICC131_ses-1_task-videos_dir-AP_run-001_bold_mcf_corrected_flirt.nii.gz,/lustre/disk/home/shared/cusacklab/foundcog/bids/derivatives/faizan_motion_correction_dataset/brain_masked_cropped_2mo_normalized_to_common_space/_subject_id_ICC131/_referencetype_standard/_run_001_session_1_task_name_videos/sub-ICC131_ses-1_task-videos_dir-AP_run-001_bold_mcf_corrected_flirt.nii.gz,"(60, 72, 56, 485)",485,7.5,
ok,ICC127,1,002,videos,/lustre/disk/home/shared/cusacklab/foundcog/bids/derivatives/normalized_to_common_space/_subject_id_ICC127/_referencetype_standard/_run_002_session_1_task_name_videos/sub-ICC127_ses-1_task-videos_dir-AP_run-002_bold_mcf_corrected_flirt.nii.gz,/lustre/disk/home/shared/cusacklab/foundcog/bids/derivatives/faizan_motion_correction_dataset/brain_masked_cropped_2mo_normalized_to_common_space/_subject_id_ICC127/_referencetype_standard/_run_002_session_1_task_name_videos/sub-ICC127_ses-1_task-videos_dir-AP_run-002_bold_mcf_corrected_flirt.nii.gz,"(60, 72, 56, 293)",293,9.6,
ok,ICC127,1,001,videos,/lustre/disk/home/shared/cusacklab/foundcog/bids/derivatives/normalized_to_common_space/_subject_id_ICC127/_referencetype_standard/_run_001_session_1_task_name_videos/sub-ICC127_ses-1_task-videos_dir-AP_run-001_bold_mcf_corrected_flirt.nii.gz,/lustre/disk/home/shared/cusacklab/foundcog/bids/derivatives/faizan_motion_correction_dataset/brain_masked_cropped_2mo_normalized_to_common_space/_subject_id_ICC127/_referencetype_standard/_run_001_session_1_task_name_videos/sub-ICC127_ses-1_task-videos_dir-AP_run-001_bold_mcf_corrected_flirt.nii.gz,"(60, 72, 56, 485)",485,15.9,
ok,ICC127,2,001,videos,/lustre/disk/home/shared/cusacklab/foundcog/bids/derivatives/normalized_to_common_space/_subject_id_ICC127/_referencetype_standard/_run_001_session_2_task_name_videos/sub-ICC127_ses-2_task-videos_dir-AP_run-001_bold_mcf_corrected_flirt.nii.gz,/lustre/disk/home/shared/cusacklab/foundcog/bids/derivatives/faizan_motion_correction_dataset/brain_masked_cropped_2mo_normalized_to_common_space/_subject_id_ICC127/_referencetype_standard/_run_001_session_2_task_name_videos/sub-ICC127_ses-2_task-videos_dir-AP_run-001_bold_mcf_corrected_flirt.nii.gz,"(60, 72, 56, 485)",485,16.0,
ok,ICC131,1,002,videos,/lustre/disk/home/shared/cusacklab/foundcog/bids/derivatives/normalized_to_common_space/_subject_id_ICC131/_referencetype_standard/_run_002_session_1_task_name_videos/sub-ICC131_ses-1_task-videos_dir-AP_run-002_bold_mcf_corrected_flirt.nii.gz,/lustre/disk/home/shared/cusacklab/foundcog/bids/derivatives/faizan_motion_correction_dataset/brain_masked_cropped_2mo_normalized_to_common_space/_subject_id_ICC131/_referencetype_standard/_run_002_session_1_task_name_videos/sub-ICC131_ses-1_task-videos_dir-AP_run-002_bold_mcf_corrected_flirt.nii.gz,"(60, 72, 56, 485)",485,7.6,
ok,ICC127,2,002,videos,/lustre/disk/home/shared/cusacklab/foundcog/bids/derivatives/normalized_to_common_space/_subject_id_ICC127/_referencetype_standard/_run_002_session_2_task_name_videos/sub-ICC127_ses-2_task-videos_dir-AP_run-002_bold_mcf_corrected_flirt.nii.gz,/lustre/disk/home/shared/cusacklab/foundcog/bids/derivatives/faizan_motion_correction_dataset/brain_masked_cropped_2mo_normalized_to_common_space/_subject_id_ICC127/_referencetype_standard/_run_002_session_2_task_name_videos/sub-ICC127_ses-2_task-videos_dir-AP_run-002_bold_mcf_corrected_flirt.nii.gz,"(60, 72, 56, 485)",485,15.9,
ok,ICC125,2,001,rest10,/lustre/disk/home/shared/cusacklab/foundcog/bids/derivatives/normalized_to_common_space/_subject_id_ICC125/_referencetype_standard/_run_001_session_2_task_name_rest10/sub-ICC125_ses-2_task-rest10_dir-AP_run-001_bold_mcf_corrected_flirt.nii.gz,/lustre/disk/home/shared/cusacklab/foundcog/bids/derivatives/faizan_motion_correction_dataset/brain_masked_cropped_2mo_normalized_to_common_space/_subject_id_ICC125/_referencetype_standard/_run_001_session_2_task_name_rest10/sub-ICC125_ses-2_task-rest10_dir-AP_run-001_bold_mcf_corrected_flirt.nii.gz,"(60, 72, 56, 1000)",1000,32.5,
ok,ICC139,1,001,videos,/lustre/disk/home/shared/cusacklab/foundcog/bids/derivatives/normalized_to_common_space/_subject_id_ICC139/_referencetype_standard/_run_001_session_1_task_name_videos/sub-ICC139_ses-1_task-videos_dir-AP_run-001_bold_mcf_corrected_flirt.nii.gz,/lustre/disk/home/shared/cusacklab/foundcog/bids/derivatives/faizan_motion_correction_dataset/brain_masked_cropped_2mo_normalized_to_common_space/_subject_id_ICC139/_referencetype_standard/_run_001_session_1_task_name_videos/sub-ICC139_ses-1_task-videos_dir-AP_run-001_bold_mcf_corrected_flirt.nii.gz,"(60, 72, 56, 485)",485,8.1,
ok,ICC133,1,001,videos,/lustre/disk/home/shared/cusacklab/foundcog/bids/derivatives/normalized_to_common_space/_subject_id_ICC133/_referencetype_standard/_run_001_session_1_task_name_videos/sub-ICC133_ses-1_task-videos_dir-AP_run-001_bold_mcf_corrected_flirt.nii.gz,/lustre/disk/home/shared/cusacklab/foundcog/bids/derivatives/faizan_motion_correction_dataset/brain_masked_cropped_2mo_normalized_to_common_space/_subject_id_ICC133/_referencetype_standard/_run_001_session_1_task_name_videos/sub-ICC133_ses-1_task-videos_dir-AP_run-001_bold_mcf_corrected_flirt.nii.gz,"(60, 72, 56, 485)",485,16.0,
ok,ICC133,1,002,videos,/lustre/disk/home/shared/cusacklab/foundcog/bids/derivatives/normalized_to_common_space/_subject_id_ICC133/_referencetype_standard/_run_002_session_1_task_name_videos/sub-ICC133_ses-1_task-videos_dir-AP_run-002_bold_mcf_corrected_flirt.nii.gz,/lustre/disk/home/shared/cusacklab/foundcog/bids/derivatives/faizan_motion_correction_dataset/brain_masked_cropped_2mo_normalized_to_common_space/_subject_id_ICC133/_referencetype_standard/_run_002_session_1_task_name_videos/sub-ICC133_ses-1_task-videos_dir-AP_run-002_bold_mcf_corrected_flirt.nii.gz,"(60, 72, 56, 485)",485,16.0,
ok,ICC127,1,001,rest10,/lustre/disk/home/shared/cusacklab/foundcog/bids/derivatives/normalized_to_common_space/_subject_id_ICC127/_referencetype_standard/_run_001_session_1_task_name_rest10/sub-ICC127_ses-1_task-rest10_dir-AP_run-001_bold_mcf_corrected_flirt.nii.gz,/lustre/disk/home/shared/cusacklab/foundcog/bids/derivatives/faizan_motion_correction_dataset/brain_masked_cropped_2mo_normalized_to_common_space/_subject_id_ICC127/_referencetype_standard/_run_001_session_1_task_name_rest10/sub-ICC127_ses-1_task-rest10_dir-AP_run-001_bold_mcf_corrected_flirt.nii.gz,"(60, 72, 56, 1000)",1000,32.9,
ok,ICC135,1,001,videos,/lustre/disk/home/shared/cusacklab/foundcog/bids/derivatives/normalized_to_common_space/_subject_id_ICC135/_referencetype_standard/_run_001_session_1_task_name_videos/sub-ICC135_ses-1_task-videos_dir-AP_run-001_bold_mcf_corrected_flirt.nii.gz,/lustre/disk/home/shared/cusacklab/foundcog/bids/derivatives/faizan_motion_correction_dataset/brain_masked_cropped_2mo_normalized_to_common_space/_subject_id_ICC135/_referencetype_standard/_run_001_session_1_task_name_videos/sub-ICC135_ses-1_task-videos_dir-AP_run-001_bold_mcf_corrected_flirt.nii.gz,"(60, 72, 56, 485)",485,16.1,
ok,ICC139,1,002,videos,/lustre/disk/home/shared/cusacklab/foundcog/bids/derivatives/normalized_to_common_space/_subject_id_ICC139/_referencetype_standard/_run_002_session_1_task_name_videos/sub-ICC139_ses-1_task-videos_dir-AP_run-002_bold_mcf_corrected_flirt.nii.gz,/lustre/disk/home/shared/cusacklab/foundcog/bids/derivatives/faizan_motion_correction_dataset/brain_masked_cropped_2mo_normalized_to_common_space/_subject_id_ICC139/_referencetype_standard/_run_002_session_1_task_name_videos/sub-ICC139_ses-1_task-videos_dir-AP_run-002_bold_mcf_corrected_flirt.nii.gz,"(60, 72, 56, 386)",386,6.5,
ok,ICC139,2,001,videos,/lustre/disk/home/shared/cusacklab/foundcog/bids/derivatives/normalized_to_common_space/_subject_id_ICC139/_referencetype_standard/_run_001_session_2_task_name_videos/sub-ICC139_ses-2_task-videos_dir-AP_run-001_bold_mcf_corrected_flirt.nii.gz,/lustre/disk/home/shared/cusacklab/foundcog/bids/derivatives/faizan_motion_correction_dataset/brain_masked_cropped_2mo_normalized_to_common_space/_subject_id_ICC139/_referencetype_standard/_run_001_session_2_task_name_videos/sub-ICC139_ses-2_task-videos_dir-AP_run-001_bold_mcf_corrected_flirt.nii.gz,"(60, 72, 56, 485)",485,7.4,
ok,ICC139,1,001,rest10,/lustre/disk/home/shared/cusacklab/foundcog/bids/derivatives/normalized_to_common_space/_subject_id_ICC139/_referencetype_standard/_run_001_session_1_task_name_rest10/sub-ICC139_ses-1_task-rest10_dir-AP_run-001_bold_mcf_corrected_flirt.nii.gz,/lustre/disk/home/shared/cusacklab/foundcog/bids/derivatives/faizan_motion_correction_dataset/brain_masked_cropped_2mo_normalized_to_common_space/_subject_id_ICC139/_referencetype_standard/_run_001_session_1_task_name_rest10/sub-ICC139_ses-1_task-rest10_dir-AP_run-001_bold_mcf_corrected_flirt.nii.gz,"(60, 72, 56, 1000)",1000,16.9,
ok,ICC133,1,001,rest10,/lustre/disk/home/shared/cusacklab/foundcog/bids/derivatives/normalized_to_common_space/_subject_id_ICC133/_referencetype_standard/_run_001_session_1_task_name_rest10/sub-ICC133_ses-1_task-rest10_dir-AP_run-001_bold_mcf_corrected_flirt.nii.gz,/lustre/disk/home/shared/cusacklab/foundcog/bids/derivatives/faizan_motion_correction_dataset/brain_masked_cropped_2mo_normalized_to_common_space/_subject_id_ICC133/_referencetype_standard/_run_001_session_1_task_name_rest10/sub-ICC133_ses-1_task-rest10_dir-AP_run-001_bold_mcf_corrected_flirt.nii.gz,"(60, 72, 56, 1000)",1000,33.0,
ok,ICC141,1,001,videos,/lustre/disk/home/shared/cusacklab/foundcog/bids/derivatives/normalized_to_common_space/_subject_id_ICC141/_referencetype_standard/_run_001_session_1_task_name_videos/sub-ICC141_ses-1_task-videos_dir-AP_run-001_bold_mcf_corrected_flirt.nii.gz,/lustre/disk/home/shared/cusacklab/foundcog/bids/derivatives/faizan_motion_correction_dataset/brain_masked_cropped_2mo_normalized_to_common_space/_subject_id_ICC141/_referencetype_standard/_run_001_session_1_task_name_videos/sub-ICC141_ses-1_task-videos_dir-AP_run-001_bold_mcf_corrected_flirt.nii.gz,"(60, 72, 56, 485)",485,15.5,
ok,ICC141,1,002,videos,/lustre/disk/home/shared/cusacklab/foundcog/bids/derivatives/normalized_to_common_space/_subject_id_ICC141/_referencetype_standard/_run_002_session_1_task_name_videos/sub-ICC141_ses-1_task-videos_dir-AP_run-002_bold_mcf_corrected_flirt.nii.gz,/lustre/disk/home/shared/cusacklab/foundcog/bids/derivatives/faizan_motion_correction_dataset/brain_masked_cropped_2mo_normalized_to_common_space/_subject_id_ICC141/_referencetype_standard/_run_002_session_1_task_name_videos/sub-ICC141_ses-1_task-videos_dir-AP_run-002_bold_mcf_corrected_flirt.nii.gz,"(60, 72, 56, 485)",485,15.5,
ok,ICC135,1,001,rest10,/lustre/disk/home/shared/cusacklab/foundcog/bids/derivatives/normalized_to_common_space/_subject_id_ICC135/_referencetype_standard/_run_001_session_1_task_name_rest10/sub-ICC135_ses-1_task-rest10_dir-AP_run-001_bold_mcf_corrected_flirt.nii.gz,/lustre/disk/home/shared/cusacklab/foundcog/bids/derivatives/faizan_motion_correction_dataset/brain_masked_cropped_2mo_normalized_to_common_space/_subject_id_ICC135/_referencetype_standard/_run_001_session_1_task_name_rest10/sub-ICC135_ses-1_task-rest10_dir-AP_run-001_bold_mcf_corrected_flirt.nii.gz,"(60, 72, 56, 1000)",1000,32.8,
ok,ICC145,2,001,videos,/lustre/disk/home/shared/cusacklab/foundcog/bids/derivatives/normalized_to_common_space/_subject_id_ICC145/_referencetype_standard/_run_001_session_2_task_name_videos/sub-ICC145_ses-2_task-videos_dir-AP_run-001_bold_mcf_corrected_flirt.nii.gz,/lustre/disk/home/shared/cusacklab/foundcog/bids/derivatives/faizan_motion_correction_dataset/brain_masked_cropped_2mo_normalized_to_common_space/_subject_id_ICC145/_referencetype_standard/_run_001_session_2_task_name_videos/sub-ICC145_ses-2_task-videos_dir-AP_run-001_bold_mcf_corrected_flirt.nii.gz,"(60, 72, 56, 485)",485,16.5,
ok,ICC145,1,002,videos,/lustre/disk/home/shared/cusacklab/foundcog/bids/derivatives/normalized_to_common_space/_subject_id_ICC145/_referencetype_standard/_run_002_session_1_task_name_videos/sub-ICC145_ses-1_task-videos_dir-AP_run-002_bold_mcf_corrected_flirt.nii.gz,/lustre/disk/home/shared/cusacklab/foundcog/bids/derivatives/faizan_motion_correction_dataset/brain_masked_cropped_2mo_normalized_to_common_space/_subject_id_ICC145/_referencetype_standard/_run_002_session_1_task_name_videos/sub-ICC145_ses-1_task-videos_dir-AP_run-002_bold_mcf_corrected_flirt.nii.gz,"(60, 72, 56, 485)",485,16.5,
ok,ICC149,1,001,videos,/lustre/disk/home/shared/cusacklab/foundcog/bids/derivatives/normalized_to_common_space/_subject_id_ICC149/_referencetype_standard/_run_001_session_1_task_name_videos/sub-ICC149_ses-1_task-videos_dir-AP_run-001_bold_mcf_corrected_flirt.nii.gz,/lustre/disk/home/shared/cusacklab/foundcog/bids/derivatives/faizan_motion_correction_dataset/brain_masked_cropped_2mo_normalized_to_common_space/_subject_id_ICC149/_referencetype_standard/_run_001_session_1_task_name_videos/sub-ICC149_ses-1_task-videos_dir-AP_run-001_bold_mcf_corrected_flirt.nii.gz,"(60, 72, 56, 485)",485,7.5,
ok,ICC147,1,001,videos,/lustre/disk/home/shared/cusacklab/foundcog/bids/derivatives/normalized_to_common_space/_subject_id_ICC147/_referencetype_standard/_run_001_session_1_task_name_videos/sub-ICC147_ses-1_task-videos_dir-AP_run-001_bold_mcf_corrected_flirt.nii.gz,/lustre/disk/home/shared/cusacklab/foundcog/bids/derivatives/faizan_motion_correction_dataset/brain_masked_cropped_2mo_normalized_to_common_space/_subject_id_ICC147/_referencetype_standard/_run_001_session_1_task_name_videos/sub-ICC147_ses-1_task-videos_dir-AP_run-001_bold_mcf_corrected_flirt.nii.gz,"(60, 72, 56, 485)",485,15.6,
ok,ICC141,1,001,rest10,/lustre/disk/home/shared/cusacklab/foundcog/bids/derivatives/normalized_to_common_space/_subject_id_ICC141/_referencetype_standard/_run_001_session_1_task_name_rest10/sub-ICC141_ses-1_task-rest10_dir-AP_run-001_bold_mcf_corrected_flirt.nii.gz,/lustre/disk/home/shared/cusacklab/foundcog/bids/derivatives/faizan_motion_correction_dataset/brain_masked_cropped_2mo_normalized_to_common_space/_subject_id_ICC141/_referencetype_standard/_run_001_session_1_task_name_rest10/sub-ICC141_ses-1_task-rest10_dir-AP_run-001_bold_mcf_corrected_flirt.nii.gz,"(60, 72, 56, 1000)",1000,31.6,
ok,ICC147,2,001,videos,/lustre/disk/home/shared/cusacklab/foundcog/bids/derivatives/normalized_to_common_space/_subject_id_ICC147/_referencetype_standard/_run_001_session_2_task_name_videos/sub-ICC147_ses-2_task-videos_dir-AP_run-001_bold_mcf_corrected_flirt.nii.gz,/lustre/disk/home/shared/cusacklab/foundcog/bids/derivatives/faizan_motion_correction_dataset/brain_masked_cropped_2mo_normalized_to_common_space/_subject_id_ICC147/_referencetype_standard/_run_001_session_2_task_name_videos/sub-ICC147_ses-2_task-videos_dir-AP_run-001_bold_mcf_corrected_flirt.nii.gz,"(60, 72, 56, 485)",485,15.5,
ok,ICC147,1,002,videos,/lustre/disk/home/shared/cusacklab/foundcog/bids/derivatives/normalized_to_common_space/_subject_id_ICC147/_referencetype_standard/_run_002_session_1_task_name_videos/sub-ICC147_ses-1_task-videos_dir-AP_run-002_bold_mcf_corrected_flirt.nii.gz,/lustre/disk/home/shared/cusacklab/foundcog/bids/derivatives/faizan_motion_correction_dataset/brain_masked_cropped_2mo_normalized_to_common_space/_subject_id_ICC147/_referencetype_standard/_run_002_session_1_task_name_videos/sub-ICC147_ses-1_task-videos_dir-AP_run-002_bold_mcf_corrected_flirt.nii.gz,"(60, 72, 56, 485)",485,15.3,
ok,ICC149,1,002,videos,/lustre/disk/home/shared/cusacklab/foundcog/bids/derivatives/normalized_to_common_space/_subject_id_ICC149/_referencetype_standard/_run_002_session_1_task_name_videos/sub-ICC149_ses-1_task-videos_dir-AP_run-002_bold_mcf_corrected_flirt.nii.gz,/lustre/disk/home/shared/cusacklab/foundcog/bids/derivatives/faizan_motion_correction_dataset/brain_masked_cropped_2mo_normalized_to_common_space/_subject_id_ICC149/_referencetype_standard/_run_002_session_1_task_name_videos/sub-ICC149_ses-1_task-videos_dir-AP_run-002_bold_mcf_corrected_flirt.nii.gz,"(60, 72, 56, 485)",485,7.3,
ok,ICC149,1,001,rest10,/lustre/disk/home/shared/cusacklab/foundcog/bids/derivatives/normalized_to_common_space/_subject_id_ICC149/_referencetype_standard/_run_001_session_1_task_name_rest10/sub-ICC149_ses-1_task-rest10_dir-AP_run-001_bold_mcf_corrected_flirt.nii.gz,/lustre/disk/home/shared/cusacklab/foundcog/bids/derivatives/faizan_motion_correction_dataset/brain_masked_cropped_2mo_normalized_to_common_space/_subject_id_ICC149/_referencetype_standard/_run_001_session_1_task_name_rest10/sub-ICC149_ses-1_task-rest10_dir-AP_run-001_bold_mcf_corrected_flirt.nii.gz,"(60, 72, 56, 1000)",1000,15.5,
ok,ICC151,1,001,videos,/lustre/disk/home/shared/cusacklab/foundcog/bids/derivatives/normalized_to_common_space/_subject_id_ICC151/_referencetype_standard/_run_001_session_1_task_name_videos/sub-ICC151_ses-1_task-videos_dir-AP_run-001_bold_mcf_corrected_flirt.nii.gz,/lustre/disk/home/shared/cusacklab/foundcog/bids/derivatives/faizan_motion_correction_dataset/brain_masked_cropped_2mo_normalized_to_common_space/_subject_id_ICC151/_referencetype_standard/_run_001_session_1_task_name_videos/sub-ICC151_ses-1_task-videos_dir-AP_run-001_bold_mcf_corrected_flirt.nii.gz,"(60, 72, 56, 485)",485,7.4,
ok,ICC145,1,001,rest10,/lustre/disk/home/shared/cusacklab/foundcog/bids/derivatives/normalized_to_common_space/_subject_id_ICC145/_referencetype_standard/_run_001_session_1_task_name_rest10/sub-ICC145_ses-1_task-rest10_dir-AP_run-001_bold_mcf_corrected_flirt.nii.gz,/lustre/disk/home/shared/cusacklab/foundcog/bids/derivatives/faizan_motion_correction_dataset/brain_masked_cropped_2mo_normalized_to_common_space/_subject_id_ICC145/_referencetype_standard/_run_001_session_1_task_name_rest10/sub-ICC145_ses-1_task-rest10_dir-AP_run-001_bold_mcf_corrected_flirt.nii.gz,"(60, 72, 56, 1000)",1000,33.7,
ok,ICC147,1,001,rest10,/lustre/disk/home/shared/cusacklab/foundcog/bids/derivatives/normalized_to_common_space/_subject_id_ICC147/_referencetype_standard/_run_001_session_1_task_name_rest10/sub-ICC147_ses-1_task-rest10_dir-AP_run-001_bold_mcf_corrected_flirt.nii.gz,/lustre/disk/home/shared/cusacklab/foundcog/bids/derivatives/faizan_motion_correction_dataset/brain_masked_cropped_2mo_normalized_to_common_space/_subject_id_ICC147/_referencetype_standard/_run_001_session_1_task_name_rest10/sub-ICC147_ses-1_task-rest10_dir-AP_run-001_bold_mcf_corrected_flirt.nii.gz,"(60, 72, 56, 1000)",1000,31.6,
ok,ICC153,1,001,videos,/lustre/disk/home/shared/cusacklab/foundcog/bids/derivatives/normalized_to_common_space/_subject_id_ICC153/_referencetype_standard/_run_001_session_1_task_name_videos/sub-ICC153_ses-1_task-videos_dir-AP_run-001_bold_mcf_corrected_flirt.nii.gz,/lustre/disk/home/shared/cusacklab/foundcog/bids/derivatives/faizan_motion_correction_dataset/brain_masked_cropped_2mo_normalized_to_common_space/_subject_id_ICC153/_referencetype_standard/_run_001_session_1_task_name_videos/sub-ICC153_ses-1_task-videos_dir-AP_run-001_bold_mcf_corrected_flirt.nii.gz,"(60, 72, 56, 485)",485,15.9,
ok,ICC153,2,001,videos,/lustre/disk/home/shared/cusacklab/foundcog/bids/derivatives/normalized_to_common_space/_subject_id_ICC153/_referencetype_standard/_run_001_session_2_task_name_videos/sub-ICC153_ses-2_task-videos_dir-AP_run-001_bold_mcf_corrected_flirt.nii.gz,/lustre/disk/home/shared/cusacklab/foundcog/bids/derivatives/faizan_motion_correction_dataset/brain_masked_cropped_2mo_normalized_to_common_space/_subject_id_ICC153/_referencetype_standard/_run_001_session_2_task_name_videos/sub-ICC153_ses-2_task-videos_dir-AP_run-001_bold_mcf_corrected_flirt.nii.gz,"(60, 72, 56, 485)",485,16.2,
ok,ICC153,1,002,videos,/lustre/disk/home/shared/cusacklab/foundcog/bids/derivatives/normalized_to_common_space/_subject_id_ICC153/_referencetype_standard/_run_002_session_1_task_name_videos/sub-ICC153_ses-1_task-videos_dir-AP_run-002_bold_mcf_corrected_flirt.nii.gz,/lustre/disk/home/shared/cusacklab/foundcog/bids/derivatives/faizan_motion_correction_dataset/brain_masked_cropped_2mo_normalized_to_common_space/_subject_id_ICC153/_referencetype_standard/_run_002_session_1_task_name_videos/sub-ICC153_ses-1_task-videos_dir-AP_run-002_bold_mcf_corrected_flirt.nii.gz,"(60, 72, 56, 485)",485,16.4,
ok,ICC155,1,001,videos,/lustre/disk/home/shared/cusacklab/foundcog/bids/derivatives/normalized_to_common_space/_subject_id_ICC155/_referencetype_standard/_run_001_session_1_task_name_videos/sub-ICC155_ses-1_task-videos_dir-AP_run-001_bold_mcf_corrected_flirt.nii.gz,/lustre/disk/home/shared/cusacklab/foundcog/bids/derivatives/faizan_motion_correction_dataset/brain_masked_cropped_2mo_normalized_to_common_space/_subject_id_ICC155/_referencetype_standard/_run_001_session_1_task_name_videos/sub-ICC155_ses-1_task-videos_dir-AP_run-001_bold_mcf_corrected_flirt.nii.gz,"(60, 72, 56, 485)",485,16.0,
ok,ICC155,2,001,videos,/lustre/disk/home/shared/cusacklab/foundcog/bids/derivatives/normalized_to_common_space/_subject_id_ICC155/_referencetype_standard/_run_001_session_2_task_name_videos/sub-ICC155_ses-2_task-videos_dir-AP_run-001_bold_mcf_corrected_flirt.nii.gz,/lustre/disk/home/shared/cusacklab/foundcog/bids/derivatives/faizan_motion_correction_dataset/brain_masked_cropped_2mo_normalized_to_common_space/_subject_id_ICC155/_referencetype_standard/_run_001_session_2_task_name_videos/sub-ICC155_ses-2_task-videos_dir-AP_run-001_bold_mcf_corrected_flirt.nii.gz,"(60, 72, 56, 485)",485,16.2,
ok,ICC159,1,001,videos,/lustre/disk/home/shared/cusacklab/foundcog/bids/derivatives/normalized_to_common_space/_subject_id_ICC159/_referencetype_standard/_run_001_session_1_task_name_videos/sub-ICC159_ses-1_task-videos_dir-AP_run-001_bold_mcf_corrected_flirt.nii.gz,/lustre/disk/home/shared/cusacklab/foundcog/bids/derivatives/faizan_motion_correction_dataset/brain_masked_cropped_2mo_normalized_to_common_space/_subject_id_ICC159/_referencetype_standard/_run_001_session_1_task_name_videos/sub-ICC159_ses-1_task-videos_dir-AP_run-001_bold_mcf_corrected_flirt.nii.gz,"(60, 72, 56, 57)",57,2.0,
ok,ICC155,1,002,videos,/lustre/disk/home/shared/cusacklab/foundcog/bids/derivatives/normalized_to_common_space/_subject_id_ICC155/_referencetype_standard/_run_002_session_1_task_name_videos/sub-ICC155_ses-1_task-videos_dir-AP_run-002_bold_mcf_corrected_flirt.nii.gz,/lustre/disk/home/shared/cusacklab/foundcog/bids/derivatives/faizan_motion_correction_dataset/brain_masked_cropped_2mo_normalized_to_common_space/_subject_id_ICC155/_referencetype_standard/_run_002_session_1_task_name_videos/sub-ICC155_ses-1_task-videos_dir-AP_run-002_bold_mcf_corrected_flirt.nii.gz,"(60, 72, 56, 389)",389,12.9,
ok,ICC159,2,001,videos,/lustre/disk/home/shared/cusacklab/foundcog/bids/derivatives/normalized_to_common_space/_subject_id_ICC159/_referencetype_standard/_run_001_session_2_task_name_videos/sub-ICC159_ses-2_task-videos_dir-AP_run-001_bold_mcf_corrected_flirt.nii.gz,/lustre/disk/home/shared/cusacklab/foundcog/bids/derivatives/faizan_motion_correction_dataset/brain_masked_cropped_2mo_normalized_to_common_space/_subject_id_ICC159/_referencetype_standard/_run_001_session_2_task_name_videos/sub-ICC159_ses-2_task-videos_dir-AP_run-001_bold_mcf_corrected_flirt.nii.gz,"(60, 72, 56, 62)",62,2.2,
ok,ICC157,1,001,videos,/lustre/disk/home/shared/cusacklab/foundcog/bids/derivatives/normalized_to_common_space/_subject_id_ICC157/_referencetype_standard/_run_001_session_1_task_name_videos/sub-ICC157_ses-1_task-videos_dir-AP_run-001_bold_mcf_corrected_flirt.nii.gz,/lustre/disk/home/shared/cusacklab/foundcog/bids/derivatives/faizan_motion_correction_dataset/brain_masked_cropped_2mo_normalized_to_common_space/_subject_id_ICC157/_referencetype_standard/_run_001_session_1_task_name_videos/sub-ICC157_ses-1_task-videos_dir-AP_run-001_bold_mcf_corrected_flirt.nii.gz,"(60, 72, 56, 485)",485,16.7,
ok,ICC161,1,001,videos,/lustre/disk/home/shared/cusacklab/foundcog/bids/derivatives/normalized_to_common_space/_subject_id_ICC161/_referencetype_standard/_run_001_session_1_task_name_videos/sub-ICC161_ses-1_task-videos_dir-AP_run-001_bold_mcf_corrected_flirt.nii.gz,/lustre/disk/home/shared/cusacklab/foundcog/bids/derivatives/faizan_motion_correction_dataset/brain_masked_cropped_2mo_normalized_to_common_space/_subject_id_ICC161/_referencetype_standard/_run_001_session_1_task_name_videos/sub-ICC161_ses-1_task-videos_dir-AP_run-001_bold_mcf_corrected_flirt.nii.gz,"(60, 72, 56, 485)",485,7.0,
ok,ICC153,2,001,rest10,/lustre/disk/home/shared/cusacklab/foundcog/bids/derivatives/normalized_to_common_space/_subject_id_ICC153/_referencetype_standard/_run_001_session_2_task_name_rest10/sub-ICC153_ses-2_task-rest10_dir-AP_run-001_bold_mcf_corrected_flirt.nii.gz,/lustre/disk/home/shared/cusacklab/foundcog/bids/derivatives/faizan_motion_correction_dataset/brain_masked_cropped_2mo_normalized_to_common_space/_subject_id_ICC153/_referencetype_standard/_run_001_session_2_task_name_rest10/sub-ICC153_ses-2_task-rest10_dir-AP_run-001_bold_mcf_corrected_flirt.nii.gz,"(60, 72, 56, 1000)",1000,32.7,
ok,ICC155,1,001,rest10,/lustre/disk/home/shared/cusacklab/foundcog/bids/derivatives/normalized_to_common_space/_subject_id_ICC155/_referencetype_standard/_run_001_session_1_task_name_rest10/sub-ICC155_ses-1_task-rest10_dir-AP_run-001_bold_mcf_corrected_flirt.nii.gz,/lustre/disk/home/shared/cusacklab/foundcog/bids/derivatives/faizan_motion_correction_dataset/brain_masked_cropped_2mo_normalized_to_common_space/_subject_id_ICC155/_referencetype_standard/_run_001_session_1_task_name_rest10/sub-ICC155_ses-1_task-rest10_dir-AP_run-001_bold_mcf_corrected_flirt.nii.gz,"(60, 72, 56, 1000)",1000,32.7,
ok,ICC157,2,001,videos,/lustre/disk/home/shared/cusacklab/foundcog/bids/derivatives/normalized_to_common_space/_subject_id_ICC157/_referencetype_standard/_run_001_session_2_task_name_videos/sub-ICC157_ses-2_task-videos_dir-AP_run-001_bold_mcf_corrected_flirt.nii.gz,/lustre/disk/home/shared/cusacklab/foundcog/bids/derivatives/faizan_motion_correction_dataset/brain_masked_cropped_2mo_normalized_to_common_space/_subject_id_ICC157/_referencetype_standard/_run_001_session_2_task_name_videos/sub-ICC157_ses-2_task-videos_dir-AP_run-001_bold_mcf_corrected_flirt.nii.gz,"(60, 72, 56, 485)",485,16.5,
ok,ICC161,1,002,videos,/lustre/disk/home/shared/cusacklab/foundcog/bids/derivatives/normalized_to_common_space/_subject_id_ICC161/_referencetype_standard/_run_002_session_1_task_name_videos/sub-ICC161_ses-1_task-videos_dir-AP_run-002_bold_mcf_corrected_flirt.nii.gz,/lustre/disk/home/shared/cusacklab/foundcog/bids/derivatives/faizan_motion_correction_dataset/brain_masked_cropped_2mo_normalized_to_common_space/_subject_id_ICC161/_referencetype_standard/_run_002_session_1_task_name_videos/sub-ICC161_ses-1_task-videos_dir-AP_run-002_bold_mcf_corrected_flirt.nii.gz,"(60, 72, 56, 485)",485,7.0,
ok,ICC159,1,002,videos,/lustre/disk/home/shared/cusacklab/foundcog/bids/derivatives/normalized_to_common_space/_subject_id_ICC159/_referencetype_standard/_run_002_session_1_task_name_videos/sub-ICC159_ses-1_task-videos_dir-AP_run-002_bold_mcf_corrected_flirt.nii.gz,/lustre/disk/home/shared/cusacklab/foundcog/bids/derivatives/faizan_motion_correction_dataset/brain_masked_cropped_2mo_normalized_to_common_space/_subject_id_ICC159/_referencetype_standard/_run_002_session_1_task_name_videos/sub-ICC159_ses-1_task-videos_dir-AP_run-002_bold_mcf_corrected_flirt.nii.gz,"(60, 72, 56, 485)",485,16.6,
ok,ICC163,1,001,videos,/lustre/disk/home/shared/cusacklab/foundcog/bids/derivatives/normalized_to_common_space/_subject_id_ICC163/_referencetype_standard/_run_001_session_1_task_name_videos/sub-ICC163_ses-1_task-videos_dir-AP_run-001_bold_mcf_corrected_flirt.nii.gz,/lustre/disk/home/shared/cusacklab/foundcog/bids/derivatives/faizan_motion_correction_dataset/brain_masked_cropped_2mo_normalized_to_common_space/_subject_id_ICC163/_referencetype_standard/_run_001_session_1_task_name_videos/sub-ICC163_ses-1_task-videos_dir-AP_run-001_bold_mcf_corrected_flirt.nii.gz,"(60, 72, 56, 485)",485,16.6,
ok,ICC157,2,001,rest10,/lustre/disk/home/shared/cusacklab/foundcog/bids/derivatives/normalized_to_common_space/_subject_id_ICC157/_referencetype_standard/_run_001_session_2_task_name_rest10/sub-ICC157_ses-2_task-rest10_dir-AP_run-001_bold_mcf_corrected_flirt.nii.gz,/lustre/disk/home/shared/cusacklab/foundcog/bids/derivatives/faizan_motion_correction_dataset/brain_masked_cropped_2mo_normalized_to_common_space/_subject_id_ICC157/_referencetype_standard/_run_001_session_2_task_name_rest10/sub-ICC157_ses-2_task-rest10_dir-AP_run-001_bold_mcf_corrected_flirt.nii.gz,"(60, 72, 56, 1000)",1000,33.9,
ok,ICC163,1,002,videos,/lustre/disk/home/shared/cusacklab/foundcog/bids/derivatives/normalized_to_common_space/_subject_id_ICC163/_referencetype_standard/_run_002_session_1_task_name_videos/sub-ICC163_ses-1_task-videos_dir-AP_run-002_bold_mcf_corrected_flirt.nii.gz,/lustre/disk/home/shared/cusacklab/foundcog/bids/derivatives/faizan_motion_correction_dataset/brain_masked_cropped_2mo_normalized_to_common_space/_subject_id_ICC163/_referencetype_standard/_run_002_session_1_task_name_videos/sub-ICC163_ses-1_task-videos_dir-AP_run-002_bold_mcf_corrected_flirt.nii.gz,"(60, 72, 56, 485)",485,16.5,
ok,ICC165,1,001,videos,/lustre/disk/home/shared/cusacklab/foundcog/bids/derivatives/normalized_to_common_space/_subject_id_ICC165/_referencetype_standard/_run_001_session_1_task_name_videos/sub-ICC165_ses-1_task-videos_dir-AP_run-001_bold_mcf_corrected_flirt.nii.gz,/lustre/disk/home/shared/cusacklab/foundcog/bids/derivatives/faizan_motion_correction_dataset/brain_masked_cropped_2mo_normalized_to_common_space/_subject_id_ICC165/_referencetype_standard/_run_001_session_1_task_name_videos/sub-ICC165_ses-1_task-videos_dir-AP_run-001_bold_mcf_corrected_flirt.nii.gz,"(60, 72, 56, 485)",485,16.4,
ok,ICC159,1,001,rest10,/lustre/disk/home/shared/cusacklab/foundcog/bids/derivatives/normalized_to_common_space/_subject_id_ICC159/_referencetype_standard/_run_001_session_1_task_name_rest10/sub-ICC159_ses-1_task-rest10_dir-AP_run-001_bold_mcf_corrected_flirt.nii.gz,/lustre/disk/home/shared/cusacklab/foundcog/bids/derivatives/faizan_motion_correction_dataset/brain_masked_cropped_2mo_normalized_to_common_space/_subject_id_ICC159/_referencetype_standard/_run_001_session_1_task_name_rest10/sub-ICC159_ses-1_task-rest10_dir-AP_run-001_bold_mcf_corrected_flirt.nii.gz,"(60, 72, 56, 1000)",1000,33.7,
ok,ICC165,2,002,videos,/lustre/disk/home/shared/cusacklab/foundcog/bids/derivatives/normalized_to_common_space/_subject_id_ICC165/_referencetype_standard/_run_002_session_2_task_name_videos/sub-ICC165_ses-2_task-videos_dir-AP_run-002_bold_mcf_corrected_flirt.nii.gz,/lustre/disk/home/shared/cusacklab/foundcog/bids/derivatives/faizan_motion_correction_dataset/brain_masked_cropped_2mo_normalized_to_common_space/_subject_id_ICC165/_referencetype_standard/_run_002_session_2_task_name_videos/sub-ICC165_ses-2_task-videos_dir-AP_run-002_bold_mcf_corrected_flirt.nii.gz,"(60, 72, 56, 112)",112,3.8,
ok,ICC165,2,001,videos,/lustre/disk/home/shared/cusacklab/foundcog/bids/derivatives/normalized_to_common_space/_subject_id_ICC165/_referencetype_standard/_run_001_session_2_task_name_videos/sub-ICC165_ses-2_task-videos_dir-AP_run-001_bold_mcf_corrected_flirt.nii.gz,/lustre/disk/home/shared/cusacklab/foundcog/bids/derivatives/faizan_motion_correction_dataset/brain_masked_cropped_2mo_normalized_to_common_space/_subject_id_ICC165/_referencetype_standard/_run_001_session_2_task_name_videos/sub-ICC165_ses-2_task-videos_dir-AP_run-001_bold_mcf_corrected_flirt.nii.gz,"(60, 72, 56, 485)",485,16.2,
ok,ICC167,1,001,videos,/lustre/disk/home/shared/cusacklab/foundcog/bids/derivatives/normalized_to_common_space/_subject_id_ICC167/_referencetype_standard/_run_001_session_1_task_name_videos/sub-ICC167_ses-1_task-videos_dir-AP_run-001_bold_mcf_corrected_flirt.nii.gz,/lustre/disk/home/shared/cusacklab/foundcog/bids/derivatives/faizan_motion_correction_dataset/brain_masked_cropped_2mo_normalized_to_common_space/_subject_id_ICC167/_referencetype_standard/_run_001_session_1_task_name_videos/sub-ICC167_ses-1_task-videos_dir-AP_run-001_bold_mcf_corrected_flirt.nii.gz,"(60, 72, 56, 485)",485,7.6,
ok,ICC167,2,001,videos,/lustre/disk/home/shared/cusacklab/foundcog/bids/derivatives/normalized_to_common_space/_subject_id_ICC167/_referencetype_standard/_run_001_session_2_task_name_videos/sub-ICC167_ses-2_task-videos_dir-AP_run-001_bold_mcf_corrected_flirt.nii.gz,/lustre/disk/home/shared/cusacklab/foundcog/bids/derivatives/faizan_motion_correction_dataset/brain_masked_cropped_2mo_normalized_to_common_space/_subject_id_ICC167/_referencetype_standard/_run_001_session_2_task_name_videos/sub-ICC167_ses-2_task-videos_dir-AP_run-001_bold_mcf_corrected_flirt.nii.gz,"(60, 72, 56, 485)",485,7.7,
ok,ICC167,1,002,videos,/lustre/disk/home/shared/cusacklab/foundcog/bids/derivatives/normalized_to_common_space/_subject_id_ICC167/_referencetype_standard/_run_002_session_1_task_name_videos/sub-ICC167_ses-1_task-videos_dir-AP_run-002_bold_mcf_corrected_flirt.nii.gz,/lustre/disk/home/shared/cusacklab/foundcog/bids/derivatives/faizan_motion_correction_dataset/brain_masked_cropped_2mo_normalized_to_common_space/_subject_id_ICC167/_referencetype_standard/_run_002_session_1_task_name_videos/sub-ICC167_ses-1_task-videos_dir-AP_run-002_bold_mcf_corrected_flirt.nii.gz,"(60, 72, 56, 485)",485,7.7,
ok,ICC169,2,001,videos,/lustre/disk/home/shared/cusacklab/foundcog/bids/derivatives/normalized_to_common_space/_subject_id_ICC169/_referencetype_standard/_run_001_session_2_task_name_videos/sub-ICC169_ses-2_task-videos_dir-AP_run-001_bold_mcf_corrected_flirt.nii.gz,/lustre/disk/home/shared/cusacklab/foundcog/bids/derivatives/faizan_motion_correction_dataset/brain_masked_cropped_2mo_normalized_to_common_space/_subject_id_ICC169/_referencetype_standard/_run_001_session_2_task_name_videos/sub-ICC169_ses-2_task-videos_dir-AP_run-001_bold_mcf_corrected_flirt.nii.gz,"(60, 72, 56, 136)",136,4.7,
ok,ICC163,1,001,rest10,/lustre/disk/home/shared/cusacklab/foundcog/bids/derivatives/normalized_to_common_space/_subject_id_ICC163/_referencetype_standard/_run_001_session_1_task_name_rest10/sub-ICC163_ses-1_task-rest10_dir-AP_run-001_bold_mcf_corrected_flirt.nii.gz,/lustre/disk/home/shared/cusacklab/foundcog/bids/derivatives/faizan_motion_correction_dataset/brain_masked_cropped_2mo_normalized_to_common_space/_subject_id_ICC163/_referencetype_standard/_run_001_session_1_task_name_rest10/sub-ICC163_ses-1_task-rest10_dir-AP_run-001_bold_mcf_corrected_flirt.nii.gz,"(60, 72, 56, 1000)",1000,33.7,
ok,ICC177,2,001,rest10,/lustre/disk/home/shared/cusacklab/foundcog/bids/derivatives/normalized_to_common_space/_subject_id_ICC177/_referencetype_standard/_run_001_session_2_task_name_rest10/sub-ICC177_ses-2_task-rest10_dir-AP_run-001_bold_mcf_corrected_flirt.nii.gz,/lustre/disk/home/shared/cusacklab/foundcog/bids/derivatives/faizan_motion_correction_dataset/brain_masked_cropped_2mo_normalized_to_common_space/_subject_id_ICC177/_referencetype_standard/_run_001_session_2_task_name_rest10/sub-ICC177_ses-2_task-rest10_dir-AP_run-001_bold_mcf_corrected_flirt.nii.gz,"(60, 72, 56, 203)",203,6.9,
ok,ICC165,1,001,rest10,/lustre/disk/home/shared/cusacklab/foundcog/bids/derivatives/normalized_to_common_space/_subject_id_ICC165/_referencetype_standard/_run_001_session_1_task_name_rest10/sub-ICC165_ses-1_task-rest10_dir-AP_run-001_bold_mcf_corrected_flirt.nii.gz,/lustre/disk/home/shared/cusacklab/foundcog/bids/derivatives/faizan_motion_correction_dataset/brain_masked_cropped_2mo_normalized_to_common_space/_subject_id_ICC165/_referencetype_standard/_run_001_session_1_task_name_rest10/sub-ICC165_ses-1_task-rest10_dir-AP_run-001_bold_mcf_corrected_flirt.nii.gz,"(60, 72, 56, 1000)",1000,33.8,
ok,ICC169,1,001,videos,/lustre/disk/home/shared/cusacklab/foundcog/bids/derivatives/normalized_to_common_space/_subject_id_ICC169/_referencetype_standard/_run_001_session_1_task_name_videos/sub-ICC169_ses-1_task-videos_dir-AP_run-001_bold_mcf_corrected_flirt.nii.gz,/lustre/disk/home/shared/cusacklab/foundcog/bids/derivatives/faizan_motion_correction_dataset/brain_masked_cropped_2mo_normalized_to_common_space/_subject_id_ICC169/_referencetype_standard/_run_001_session_1_task_name_videos/sub-ICC169_ses-1_task-videos_dir-AP_run-001_bold_mcf_corrected_flirt.nii.gz,"(60, 72, 56, 485)",485,16.3,
ok,ICC177,1,001,videos,/lustre/disk/home/shared/cusacklab/foundcog/bids/derivatives/normalized_to_common_space/_subject_id_ICC177/_referencetype_standard/_run_001_session_1_task_name_videos/sub-ICC177_ses-1_task-videos_dir-AP_run-001_bold_mcf_corrected_flirt.nii.gz,/lustre/disk/home/shared/cusacklab/foundcog/bids/derivatives/faizan_motion_correction_dataset/brain_masked_cropped_2mo_normalized_to_common_space/_subject_id_ICC177/_referencetype_standard/_run_001_session_1_task_name_videos/sub-ICC177_ses-1_task-videos_dir-AP_run-001_bold_mcf_corrected_flirt.nii.gz,"(60, 72, 56, 485)",485,16.2,
ok,ICC177,1,002,videos,/lustre/disk/home/shared/cusacklab/foundcog/bids/derivatives/normalized_to_common_space/_subject_id_ICC177/_referencetype_standard/_run_002_session_1_task_name_videos/sub-ICC177_ses-1_task-videos_dir-AP_run-002_bold_mcf_corrected_flirt.nii.gz,/lustre/disk/home/shared/cusacklab/foundcog/bids/derivatives/faizan_motion_correction_dataset/brain_masked_cropped_2mo_normalized_to_common_space/_subject_id_ICC177/_referencetype_standard/_run_002_session_1_task_name_videos/sub-ICC177_ses-1_task-videos_dir-AP_run-002_bold_mcf_corrected_flirt.nii.gz,"(60, 72, 56, 485)",485,16.3,
ok,ICC179,2,002,videos,/lustre/disk/home/shared/cusacklab/foundcog/bids/derivatives/normalized_to_common_space/_subject_id_ICC179/_referencetype_standard/_run_002_session_2_task_name_videos/sub-ICC179_ses-2_task-videos_dir-AP_run-002_bold_mcf_corrected_flirt.nii.gz,/lustre/disk/home/shared/cusacklab/foundcog/bids/derivatives/faizan_motion_correction_dataset/brain_masked_cropped_2mo_normalized_to_common_space/_subject_id_ICC179/_referencetype_standard/_run_002_session_2_task_name_videos/sub-ICC179_ses-2_task-videos_dir-AP_run-002_bold_mcf_corrected_flirt.nii.gz,"(60, 72, 56, 215)",215,7.3,
ok,ICC179,2,001,videos,/lustre/disk/home/shared/cusacklab/foundcog/bids/derivatives/normalized_to_common_space/_subject_id_ICC179/_referencetype_standard/_run_001_session_2_task_name_videos/sub-ICC179_ses-2_task-videos_dir-AP_run-001_bold_mcf_corrected_flirt.nii.gz,/lustre/disk/home/shared/cusacklab/foundcog/bids/derivatives/faizan_motion_correction_dataset/brain_masked_cropped_2mo_normalized_to_common_space/_subject_id_ICC179/_referencetype_standard/_run_001_session_2_task_name_videos/sub-ICC179_ses-2_task-videos_dir-AP_run-001_bold_mcf_corrected_flirt.nii.gz,"(60, 72, 56, 344)",344,11.5,
ok,ICC179,1,001,videos,/lustre/disk/home/shared/cusacklab/foundcog/bids/derivatives/normalized_to_common_space/_subject_id_ICC179/_referencetype_standard/_run_001_session_1_task_name_videos/sub-ICC179_ses-1_task-videos_dir-AP_run-001_bold_mcf_corrected_flirt.nii.gz,/lustre/disk/home/shared/cusacklab/foundcog/bids/derivatives/faizan_motion_correction_dataset/brain_masked_cropped_2mo_normalized_to_common_space/_subject_id_ICC179/_referencetype_standard/_run_001_session_1_task_name_videos/sub-ICC179_ses-1_task-videos_dir-AP_run-001_bold_mcf_corrected_flirt.nii.gz,"(60, 72, 56, 485)",485,16.3,
ok,ICC169,2,001,rest10,/lustre/disk/home/shared/cusacklab/foundcog/bids/derivatives/normalized_to_common_space/_subject_id_ICC169/_referencetype_standard/_run_001_session_2_task_name_rest10/sub-ICC169_ses-2_task-rest10_dir-AP_run-001_bold_mcf_corrected_flirt.nii.gz,/lustre/disk/home/shared/cusacklab/foundcog/bids/derivatives/faizan_motion_correction_dataset/brain_masked_cropped_2mo_normalized_to_common_space/_subject_id_ICC169/_referencetype_standard/_run_001_session_2_task_name_rest10/sub-ICC169_ses-2_task-rest10_dir-AP_run-001_bold_mcf_corrected_flirt.nii.gz,"(60, 72, 56, 1000)",1000,33.8,
ok,ICC183,1,001,videos,/lustre/disk/home/shared/cusacklab/foundcog/bids/derivatives/normalized_to_common_space/_subject_id_ICC183/_referencetype_standard/_run_001_session_1_task_name_videos/sub-ICC183_ses-1_task-videos_dir-AP_run-001_bold_mcf_corrected_flirt.nii.gz,/lustre/disk/home/shared/cusacklab/foundcog/bids/derivatives/faizan_motion_correction_dataset/brain_masked_cropped_2mo_normalized_to_common_space/_subject_id_ICC183/_referencetype_standard/_run_001_session_1_task_name_videos/sub-ICC183_ses-1_task-videos_dir-AP_run-001_bold_mcf_corrected_flirt.nii.gz,"(60, 72, 56, 485)",485,16.2,
ok,ICC183,2,001,videos,/lustre/disk/home/shared/cusacklab/foundcog/bids/derivatives/normalized_to_common_space/_subject_id_ICC183/_referencetype_standard/_run_001_session_2_task_name_videos/sub-ICC183_ses-2_task-videos_dir-AP_run-001_bold_mcf_corrected_flirt.nii.gz,/lustre/disk/home/shared/cusacklab/foundcog/bids/derivatives/faizan_motion_correction_dataset/brain_masked_cropped_2mo_normalized_to_common_space/_subject_id_ICC183/_referencetype_standard/_run_001_session_2_task_name_videos/sub-ICC183_ses-2_task-videos_dir-AP_run-001_bold_mcf_corrected_flirt.nii.gz,"(60, 72, 56, 485)",485,16.2,
ok,ICC177,2,003,rest10,/lustre/disk/home/shared/cusacklab/foundcog/bids/derivatives/normalized_to_common_space/_subject_id_ICC177/_referencetype_standard/_run_003_session_2_task_name_rest10/sub-ICC177_ses-2_task-rest10_dir-AP_run-003_bold_mcf_corrected_flirt.nii.gz,/lustre/disk/home/shared/cusacklab/foundcog/bids/derivatives/faizan_motion_correction_dataset/brain_masked_cropped_2mo_normalized_to_common_space/_subject_id_ICC177/_referencetype_standard/_run_003_session_2_task_name_rest10/sub-ICC177_ses-2_task-rest10_dir-AP_run-003_bold_mcf_corrected_flirt.nii.gz,"(60, 72, 56, 1000)",1000,33.4,
ok,ICC183,1,002,videos,/lustre/disk/home/shared/cusacklab/foundcog/bids/derivatives/normalized_to_common_space/_subject_id_ICC183/_referencetype_standard/_run_002_session_1_task_name_videos/sub-ICC183_ses-1_task-videos_dir-AP_run-002_bold_mcf_corrected_flirt.nii.gz,/lustre/disk/home/shared/cusacklab/foundcog/bids/derivatives/faizan_motion_correction_dataset/brain_masked_cropped_2mo_normalized_to_common_space/_subject_id_ICC183/_referencetype_standard/_run_002_session_1_task_name_videos/sub-ICC183_ses-1_task-videos_dir-AP_run-002_bold_mcf_corrected_flirt.nii.gz,"(60, 72, 56, 485)",485,16.1,
ok,ICC179,1,001,rest10,/lustre/disk/home/shared/cusacklab/foundcog/bids/derivatives/normalized_to_common_space/_subject_id_ICC179/_referencetype_standard/_run_001_session_1_task_name_rest10/sub-ICC179_ses-1_task-rest10_dir-AP_run-001_bold_mcf_corrected_flirt.nii.gz,/lustre/disk/home/shared/cusacklab/foundcog/bids/derivatives/faizan_motion_correction_dataset/brain_masked_cropped_2mo_normalized_to_common_space/_subject_id_ICC179/_referencetype_standard/_run_001_session_1_task_name_rest10/sub-ICC179_ses-1_task-rest10_dir-AP_run-001_bold_mcf_corrected_flirt.nii.gz,"(60, 72, 56, 1000)",1000,33.3,
ok,ICC185,1,001,videos,/lustre/disk/home/shared/cusacklab/foundcog/bids/derivatives/normalized_to_common_space/_subject_id_ICC185/_referencetype_standard/_run_001_session_1_task_name_videos/sub-ICC185_ses-1_task-videos_dir-AP_run-001_bold_mcf_corrected_flirt.nii.gz,/lustre/disk/home/shared/cusacklab/foundcog/bids/derivatives/faizan_motion_correction_dataset/brain_masked_cropped_2mo_normalized_to_common_space/_subject_id_ICC185/_referencetype_standard/_run_001_session_1_task_name_videos/sub-ICC185_ses-1_task-videos_dir-AP_run-001_bold_mcf_corrected_flirt.nii.gz,"(60, 72, 56, 485)",485,16.6,
ok,ICC185,2,001,videos,/lustre/disk/home/shared/cusacklab/foundcog/bids/derivatives/normalized_to_common_space/_subject_id_ICC185/_referencetype_standard/_run_001_session_2_task_name_videos/sub-ICC185_ses-2_task-videos_dir-AP_run-001_bold_mcf_corrected_flirt.nii.gz,/lustre/disk/home/shared/cusacklab/foundcog/bids/derivatives/faizan_motion_correction_dataset/brain_masked_cropped_2mo_normalized_to_common_space/_subject_id_ICC185/_referencetype_standard/_run_001_session_2_task_name_videos/sub-ICC185_ses-2_task-videos_dir-AP_run-001_bold_mcf_corrected_flirt.nii.gz,"(60, 72, 56, 485)",485,16.7,
ok,ICC183,2,001,rest10,/lustre/disk/home/shared/cusacklab/foundcog/bids/derivatives/normalized_to_common_space/_subject_id_ICC183/_referencetype_standard/_run_001_session_2_task_name_rest10/sub-ICC183_ses-2_task-rest10_dir-AP_run-001_bold_mcf_corrected_flirt.nii.gz,/lustre/disk/home/shared/cusacklab/foundcog/bids/derivatives/faizan_motion_correction_dataset/brain_masked_cropped_2mo_normalized_to_common_space/_subject_id_ICC183/_referencetype_standard/_run_001_session_2_task_name_rest10/sub-ICC183_ses-2_task-rest10_dir-AP_run-001_bold_mcf_corrected_flirt.nii.gz,"(60, 72, 56, 1000)",1000,33.0,
ok,ICC187,1,001,videos,/lustre/disk/home/shared/cusacklab/foundcog/bids/derivatives/normalized_to_common_space/_subject_id_ICC187/_referencetype_standard/_run_001_session_1_task_name_videos/sub-ICC187_ses-1_task-videos_dir-AP_run-001_bold_mcf_corrected_flirt.nii.gz,/lustre/disk/home/shared/cusacklab/foundcog/bids/derivatives/faizan_motion_correction_dataset/brain_masked_cropped_2mo_normalized_to_common_space/_subject_id_ICC187/_referencetype_standard/_run_001_session_1_task_name_videos/sub-ICC187_ses-1_task-videos_dir-AP_run-001_bold_mcf_corrected_flirt.nii.gz,"(60, 72, 56, 485)",485,15.5,
ok,ICC187,1,002,videos,/lustre/disk/home/shared/cusacklab/foundcog/bids/derivatives/normalized_to_common_space/_subject_id_ICC187/_referencetype_standard/_run_002_session_1_task_name_videos/sub-ICC187_ses-1_task-videos_dir-AP_run-002_bold_mcf_corrected_flirt.nii.gz,/lustre/disk/home/shared/cusacklab/foundcog/bids/derivatives/faizan_motion_correction_dataset/brain_masked_cropped_2mo_normalized_to_common_space/_subject_id_ICC187/_referencetype_standard/_run_002_session_1_task_name_videos/sub-ICC187_ses-1_task-videos_dir-AP_run-002_bold_mcf_corrected_flirt.nii.gz,"(60, 72, 56, 485)",485,15.7,
ok,ICC189,1,001,videos,/lustre/disk/home/shared/cusacklab/foundcog/bids/derivatives/normalized_to_common_space/_subject_id_ICC189/_referencetype_standard/_run_001_session_1_task_name_videos/sub-ICC189_ses-1_task-videos_dir-AP_run-001_bold_mcf_corrected_flirt.nii.gz,/lustre/disk/home/shared/cusacklab/foundcog/bids/derivatives/faizan_motion_correction_dataset/brain_masked_cropped_2mo_normalized_to_common_space/_subject_id_ICC189/_referencetype_standard/_run_001_session_1_task_name_videos/sub-ICC189_ses-1_task-videos_dir-AP_run-001_bold_mcf_corrected_flirt.nii.gz,"(60, 72, 56, 485)",485,16.1,
ok,ICC185,2,001,rest10,/lustre/disk/home/shared/cusacklab/foundcog/bids/derivatives/normalized_to_common_space/_subject_id_ICC185/_referencetype_standard/_run_001_session_2_task_name_rest10/sub-ICC185_ses-2_task-rest10_dir-AP_run-001_bold_mcf_corrected_flirt.nii.gz,/lustre/disk/home/shared/cusacklab/foundcog/bids/derivatives/faizan_motion_correction_dataset/brain_masked_cropped_2mo_normalized_to_common_space/_subject_id_ICC185/_referencetype_standard/_run_001_session_2_task_name_rest10/sub-ICC185_ses-2_task-rest10_dir-AP_run-001_bold_mcf_corrected_flirt.nii.gz,"(60, 72, 56, 1000)",1000,34.1,
ok,ICC189,1,002,videos,/lustre/disk/home/shared/cusacklab/foundcog/bids/derivatives/normalized_to_common_space/_subject_id_ICC189/_referencetype_standard/_run_002_session_1_task_name_videos/sub-ICC189_ses-1_task-videos_dir-AP_run-002_bold_mcf_corrected_flirt.nii.gz,/lustre/disk/home/shared/cusacklab/foundcog/bids/derivatives/faizan_motion_correction_dataset/brain_masked_cropped_2mo_normalized_to_common_space/_subject_id_ICC189/_referencetype_standard/_run_002_session_1_task_name_videos/sub-ICC189_ses-1_task-videos_dir-AP_run-002_bold_mcf_corrected_flirt.nii.gz,"(60, 72, 56, 485)",485,16.2,
ok,ICC187,1,001,rest10,/lustre/disk/home/shared/cusacklab/foundcog/bids/derivatives/normalized_to_common_space/_subject_id_ICC187/_referencetype_standard/_run_001_session_1_task_name_rest10/sub-ICC187_ses-1_task-rest10_dir-AP_run-001_bold_mcf_corrected_flirt.nii.gz,/lustre/disk/home/shared/cusacklab/foundcog/bids/derivatives/faizan_motion_correction_dataset/brain_masked_cropped_2mo_normalized_to_common_space/_subject_id_ICC187/_referencetype_standard/_run_001_session_1_task_name_rest10/sub-ICC187_ses-1_task-rest10_dir-AP_run-001_bold_mcf_corrected_flirt.nii.gz,"(60, 72, 56, 1000)",1000,31.9,
ok,ICC191,1,001,videos,/lustre/disk/home/shared/cusacklab/foundcog/bids/derivatives/normalized_to_common_space/_subject_id_ICC191/_referencetype_standard/_run_001_session_1_task_name_videos/sub-ICC191_ses-1_task-videos_dir-AP_run-001_bold_mcf_corrected_flirt.nii.gz,/lustre/disk/home/shared/cusacklab/foundcog/bids/derivatives/faizan_motion_correction_dataset/brain_masked_cropped_2mo_normalized_to_common_space/_subject_id_ICC191/_referencetype_standard/_run_001_session_1_task_name_videos/sub-ICC191_ses-1_task-videos_dir-AP_run-001_bold_mcf_corrected_flirt.nii.gz,"(60, 72, 56, 485)",485,17.2,
ok,ICC191,1,002,videos,/lustre/disk/home/shared/cusacklab/foundcog/bids/derivatives/normalized_to_common_space/_subject_id_ICC191/_referencetype_standard/_run_002_session_1_task_name_videos/sub-ICC191_ses-1_task-videos_dir-AP_run-002_bold_mcf_corrected_flirt.nii.gz,/lustre/disk/home/shared/cusacklab/foundcog/bids/derivatives/faizan_motion_correction_dataset/brain_masked_cropped_2mo_normalized_to_common_space/_subject_id_ICC191/_referencetype_standard/_run_002_session_1_task_name_videos/sub-ICC191_ses-1_task-videos_dir-AP_run-002_bold_mcf_corrected_flirt.nii.gz,"(60, 72, 56, 485)",485,16.9,
ok,ICC189,1,001,rest10,/lustre/disk/home/shared/cusacklab/foundcog/bids/derivatives/normalized_to_common_space/_subject_id_ICC189/_referencetype_standard/_run_001_session_1_task_name_rest10/sub-ICC189_ses-1_task-rest10_dir-AP_run-001_bold_mcf_corrected_flirt.nii.gz,/lustre/disk/home/shared/cusacklab/foundcog/bids/derivatives/faizan_motion_correction_dataset/brain_masked_cropped_2mo_normalized_to_common_space/_subject_id_ICC189/_referencetype_standard/_run_001_session_1_task_name_rest10/sub-ICC189_ses-1_task-rest10_dir-AP_run-001_bold_mcf_corrected_flirt.nii.gz,"(60, 72, 56, 1000)",1000,33.0,
ok,ICC193,1,001,videos,/lustre/disk/home/shared/cusacklab/foundcog/bids/derivatives/normalized_to_common_space/_subject_id_ICC193/_referencetype_standard/_run_001_session_1_task_name_videos/sub-ICC193_ses-1_task-videos_dir-AP_run-001_bold_mcf_corrected_flirt.nii.gz,/lustre/disk/home/shared/cusacklab/foundcog/bids/derivatives/faizan_motion_correction_dataset/brain_masked_cropped_2mo_normalized_to_common_space/_subject_id_ICC193/_referencetype_standard/_run_001_session_1_task_name_videos/sub-ICC193_ses-1_task-videos_dir-AP_run-001_bold_mcf_corrected_flirt.nii.gz,"(60, 72, 56, 485)",485,16.9,
ok,ICC195,1,001,videos,/lustre/disk/home/shared/cusacklab/foundcog/bids/derivatives/normalized_to_common_space/_subject_id_ICC195/_referencetype_standard/_run_001_session_1_task_name_videos/sub-ICC195_ses-1_task-videos_dir-AP_run-001_bold_mcf_corrected_flirt.nii.gz,/lustre/disk/home/shared/cusacklab/foundcog/bids/derivatives/faizan_motion_correction_dataset/brain_masked_cropped_2mo_normalized_to_common_space/_subject_id_ICC195/_referencetype_standard/_run_001_session_1_task_name_videos/sub-ICC195_ses-1_task-videos_dir-AP_run-001_bold_mcf_corrected_flirt.nii.gz,"(60, 72, 56, 368)",368,11.8,
ok,ICC193,1,002,videos,/lustre/disk/home/shared/cusacklab/foundcog/bids/derivatives/normalized_to_common_space/_subject_id_ICC193/_referencetype_standard/_run_002_session_1_task_name_videos/sub-ICC193_ses-1_task-videos_dir-AP_run-002_bold_mcf_corrected_flirt.nii.gz,/lustre/disk/home/shared/cusacklab/foundcog/bids/derivatives/faizan_motion_correction_dataset/brain_masked_cropped_2mo_normalized_to_common_space/_subject_id_ICC193/_referencetype_standard/_run_002_session_1_task_name_videos/sub-ICC193_ses-1_task-videos_dir-AP_run-002_bold_mcf_corrected_flirt.nii.gz,"(60, 72, 56, 485)",485,16.9,
ok,ICC191,1,001,rest10,/lustre/disk/home/shared/cusacklab/foundcog/bids/derivatives/normalized_to_common_space/_subject_id_ICC191/_referencetype_standard/_run_001_session_1_task_name_rest10/sub-ICC191_ses-1_task-rest10_dir-AP_run-001_bold_mcf_corrected_flirt.nii.gz,/lustre/disk/home/shared/cusacklab/foundcog/bids/derivatives/faizan_motion_correction_dataset/brain_masked_cropped_2mo_normalized_to_common_space/_subject_id_ICC191/_referencetype_standard/_run_001_session_1_task_name_rest10/sub-ICC191_ses-1_task-rest10_dir-AP_run-001_bold_mcf_corrected_flirt.nii.gz,"(60, 72, 56, 1000)",1000,34.6,
ok,ICC195,1,002,videos,/lustre/disk/home/shared/cusacklab/foundcog/bids/derivatives/normalized_to_common_space/_subject_id_ICC195/_referencetype_standard/_run_002_session_1_task_name_videos/sub-ICC195_ses-1_task-videos_dir-AP_run-002_bold_mcf_corrected_flirt.nii.gz,/lustre/disk/home/shared/cusacklab/foundcog/bids/derivatives/faizan_motion_correction_dataset/brain_masked_cropped_2mo_normalized_to_common_space/_subject_id_ICC195/_referencetype_standard/_run_002_session_1_task_name_videos/sub-ICC195_ses-1_task-videos_dir-AP_run-002_bold_mcf_corrected_flirt.nii.gz,"(60, 72, 56, 485)",485,15.5,
ok,ICC199,1,001,videos,/lustre/disk/home/shared/cusacklab/foundcog/bids/derivatives/normalized_to_common_space/_subject_id_ICC199/_referencetype_standard/_run_001_session_1_task_name_videos/sub-ICC199_ses-1_task-videos_dir-AP_run-001_bold_mcf_corrected_flirt.nii.gz,/lustre/disk/home/shared/cusacklab/foundcog/bids/derivatives/faizan_motion_correction_dataset/brain_masked_cropped_2mo_normalized_to_common_space/_subject_id_ICC199/_referencetype_standard/_run_001_session_1_task_name_videos/sub-ICC199_ses-1_task-videos_dir-AP_run-001_bold_mcf_corrected_flirt.nii.gz,"(60, 72, 56, 485)",485,7.5,
ok,ICC193,1,001,rest10,/lustre/disk/home/shared/cusacklab/foundcog/bids/derivatives/normalized_to_common_space/_subject_id_ICC193/_referencetype_standard/_run_001_session_1_task_name_rest10/sub-ICC193_ses-1_task-rest10_dir-AP_run-001_bold_mcf_corrected_flirt.nii.gz,/lustre/disk/home/shared/cusacklab/foundcog/bids/derivatives/faizan_motion_correction_dataset/brain_masked_cropped_2mo_normalized_to_common_space/_subject_id_ICC193/_referencetype_standard/_run_001_session_1_task_name_rest10/sub-ICC193_ses-1_task-rest10_dir-AP_run-001_bold_mcf_corrected_flirt.nii.gz,"(60, 72, 56, 1000)",1000,34.8,
ok,ICC199,1,002,videos,/lustre/disk/home/shared/cusacklab/foundcog/bids/derivatives/normalized_to_common_space/_subject_id_ICC199/_referencetype_standard/_run_002_session_1_task_name_videos/sub-ICC199_ses-1_task-videos_dir-AP_run-002_bold_mcf_corrected_flirt.nii.gz,/lustre/disk/home/shared/cusacklab/foundcog/bids/derivatives/faizan_motion_correction_dataset/brain_masked_cropped_2mo_normalized_to_common_space/_subject_id_ICC199/_referencetype_standard/_run_002_session_1_task_name_videos/sub-ICC199_ses-1_task-videos_dir-AP_run-002_bold_mcf_corrected_flirt.nii.gz,"(60, 72, 56, 485)",485,7.5,
ok,ICC197,1,001,videos,/lustre/disk/home/shared/cusacklab/foundcog/bids/derivatives/normalized_to_common_space/_subject_id_ICC197/_referencetype_standard/_run_001_session_1_task_name_videos/sub-ICC197_ses-1_task-videos_dir-AP_run-001_bold_mcf_corrected_flirt.nii.gz,/lustre/disk/home/shared/cusacklab/foundcog/bids/derivatives/faizan_motion_correction_dataset/brain_masked_cropped_2mo_normalized_to_common_space/_subject_id_ICC197/_referencetype_standard/_run_001_session_1_task_name_videos/sub-ICC197_ses-1_task-videos_dir-AP_run-001_bold_mcf_corrected_flirt.nii.gz,"(60, 72, 56, 485)",485,16.4,
ok,ICC197,2,001,videos,/lustre/disk/home/shared/cusacklab/foundcog/bids/derivatives/normalized_to_common_space/_subject_id_ICC197/_referencetype_standard/_run_001_session_2_task_name_videos/sub-ICC197_ses-2_task-videos_dir-AP_run-001_bold_mcf_corrected_flirt.nii.gz,/lustre/disk/home/shared/cusacklab/foundcog/bids/derivatives/faizan_motion_correction_dataset/brain_masked_cropped_2mo_normalized_to_common_space/_subject_id_ICC197/_referencetype_standard/_run_001_session_2_task_name_videos/sub-ICC197_ses-2_task-videos_dir-AP_run-001_bold_mcf_corrected_flirt.nii.gz,"(60, 72, 56, 485)",485,16.4,
ok,ICC195,1,001,rest10,/lustre/disk/home/shared/cusacklab/foundcog/bids/derivatives/normalized_to_common_space/_subject_id_ICC195/_referencetype_standard/_run_001_session_1_task_name_rest10/sub-ICC195_ses-1_task-rest10_dir-AP_run-001_bold_mcf_corrected_flirt.nii.gz,/lustre/disk/home/shared/cusacklab/foundcog/bids/derivatives/faizan_motion_correction_dataset/brain_masked_cropped_2mo_normalized_to_common_space/_subject_id_ICC195/_referencetype_standard/_run_001_session_1_task_name_rest10/sub-ICC195_ses-1_task-rest10_dir-AP_run-001_bold_mcf_corrected_flirt.nii.gz,"(60, 72, 56, 1000)",1000,31.4,
ok,ICC201,1,001,videos,/lustre/disk/home/shared/cusacklab/foundcog/bids/derivatives/normalized_to_common_space/_subject_id_ICC201/_referencetype_standard/_run_001_session_1_task_name_videos/sub-ICC201_ses-1_task-videos_dir-AP_run-001_bold_mcf_corrected_flirt.nii.gz,/lustre/disk/home/shared/cusacklab/foundcog/bids/derivatives/faizan_motion_correction_dataset/brain_masked_cropped_2mo_normalized_to_common_space/_subject_id_ICC201/_referencetype_standard/_run_001_session_1_task_name_videos/sub-ICC201_ses-1_task-videos_dir-AP_run-001_bold_mcf_corrected_flirt.nii.gz,"(60, 72, 56, 485)",485,16.4,
ok,ICC197,1,001,rest10,/lustre/disk/home/shared/cusacklab/foundcog/bids/derivatives/normalized_to_common_space/_subject_id_ICC197/_referencetype_standard/_run_001_session_1_task_name_rest10/sub-ICC197_ses-1_task-rest10_dir-AP_run-001_bold_mcf_corrected_flirt.nii.gz,/lustre/disk/home/shared/cusacklab/foundcog/bids/derivatives/faizan_motion_correction_dataset/brain_masked_cropped_2mo_normalized_to_common_space/_subject_id_ICC197/_referencetype_standard/_run_001_session_1_task_name_rest10/sub-ICC197_ses-1_task-rest10_dir-AP_run-001_bold_mcf_corrected_flirt.nii.gz,"(60, 72, 56, 1000)",1000,33.4,
ok,ICC201,1,002,videos,/lustre/disk/home/shared/cusacklab/foundcog/bids/derivatives/normalized_to_common_space/_subject_id_ICC201/_referencetype_standard/_run_002_session_1_task_name_videos/sub-ICC201_ses-1_task-videos_dir-AP_run-002_bold_mcf_corrected_flirt.nii.gz,/lustre/disk/home/shared/cusacklab/foundcog/bids/derivatives/faizan_motion_correction_dataset/brain_masked_cropped_2mo_normalized_to_common_space/_subject_id_ICC201/_referencetype_standard/_run_002_session_1_task_name_videos/sub-ICC201_ses-1_task-videos_dir-AP_run-002_bold_mcf_corrected_flirt.nii.gz,"(60, 72, 56, 485)",485,16.3,
ok,ICC203,1,002,videos,/lustre/disk/home/shared/cusacklab/foundcog/bids/derivatives/normalized_to_common_space/_subject_id_ICC203/_referencetype_standard/_run_002_session_1_task_name_videos/sub-ICC203_ses-1_task-videos_dir-AP_run-002_bold_mcf_corrected_flirt.nii.gz,/lustre/disk/home/shared/cusacklab/foundcog/bids/derivatives/faizan_motion_correction_dataset/brain_masked_cropped_2mo_normalized_to_common_space/_subject_id_ICC203/_referencetype_standard/_run_002_session_1_task_name_videos/sub-ICC203_ses-1_task-videos_dir-AP_run-002_bold_mcf_corrected_flirt.nii.gz,"(60, 72, 56, 341)",341,11.8,
ok,ICC203,1,001,videos,/lustre/disk/home/shared/cusacklab/foundcog/bids/derivatives/normalized_to_common_space/_subject_id_ICC203/_referencetype_standard/_run_001_session_1_task_name_videos/sub-ICC203_ses-1_task-videos_dir-AP_run-001_bold_mcf_corrected_flirt.nii.gz,/lustre/disk/home/shared/cusacklab/foundcog/bids/derivatives/faizan_motion_correction_dataset/brain_masked_cropped_2mo_normalized_to_common_space/_subject_id_ICC203/_referencetype_standard/_run_001_session_1_task_name_videos/sub-ICC203_ses-1_task-videos_dir-AP_run-001_bold_mcf_corrected_flirt.nii.gz,"(60, 72, 56, 485)",485,17.1,
ok,ICC205,1,001,videos,/lustre/disk/home/shared/cusacklab/foundcog/bids/derivatives/normalized_to_common_space/_subject_id_ICC205/_referencetype_standard/_run_001_session_1_task_name_videos/sub-ICC205_ses-1_task-videos_dir-AP_run-001_bold_mcf_corrected_flirt.nii.gz,/lustre/disk/home/shared/cusacklab/foundcog/bids/derivatives/faizan_motion_correction_dataset/brain_masked_cropped_2mo_normalized_to_common_space/_subject_id_ICC205/_referencetype_standard/_run_001_session_1_task_name_videos/sub-ICC205_ses-1_task-videos_dir-AP_run-001_bold_mcf_corrected_flirt.nii.gz,"(60, 72, 56, 485)",485,15.9,
ok,ICC205,1,002,videos,/lustre/disk/home/shared/cusacklab/foundcog/bids/derivatives/normalized_to_common_space/_subject_id_ICC205/_referencetype_standard/_run_002_session_1_task_name_videos/sub-ICC205_ses-1_task-videos_dir-AP_run-002_bold_mcf_corrected_flirt.nii.gz,/lustre/disk/home/shared/cusacklab/foundcog/bids/derivatives/faizan_motion_correction_dataset/brain_masked_cropped_2mo_normalized_to_common_space/_subject_id_ICC205/_referencetype_standard/_run_002_session_1_task_name_videos/sub-ICC205_ses-1_task-videos_dir-AP_run-002_bold_mcf_corrected_flirt.nii.gz,"(60, 72, 56, 385)",385,12.6,
ok,ICC205,2,001,videos,/lustre/disk/home/shared/cusacklab/foundcog/bids/derivatives/normalized_to_common_space/_subject_id_ICC205/_referencetype_standard/_run_001_session_2_task_name_videos/sub-ICC205_ses-2_task-videos_dir-AP_run-001_bold_mcf_corrected_flirt.nii.gz,/lustre/disk/home/shared/cusacklab/foundcog/bids/derivatives/faizan_motion_correction_dataset/brain_masked_cropped_2mo_normalized_to_common_space/_subject_id_ICC205/_referencetype_standard/_run_001_session_2_task_name_videos/sub-ICC205_ses-2_task-videos_dir-AP_run-001_bold_mcf_corrected_flirt.nii.gz,"(60, 72, 56, 485)",485,16.0,
ok,ICC201,2,001,rest10,/lustre/disk/home/shared/cusacklab/foundcog/bids/derivatives/normalized_to_common_space/_subject_id_ICC201/_referencetype_standard/_run_001_session_2_task_name_rest10/sub-ICC201_ses-2_task-rest10_dir-AP_run-001_bold_mcf_corrected_flirt.nii.gz,/lustre/disk/home/shared/cusacklab/foundcog/bids/derivatives/faizan_motion_correction_dataset/brain_masked_cropped_2mo_normalized_to_common_space/_subject_id_ICC201/_referencetype_standard/_run_001_session_2_task_name_rest10/sub-ICC201_ses-2_task-rest10_dir-AP_run-001_bold_mcf_corrected_flirt.nii.gz,"(60, 72, 56, 1000)",1000,33.8,
ok,ICC203,1,001,rest10,/lustre/disk/home/shared/cusacklab/foundcog/bids/derivatives/normalized_to_common_space/_subject_id_ICC203/_referencetype_standard/_run_001_session_1_task_name_rest10/sub-ICC203_ses-1_task-rest10_dir-AP_run-001_bold_mcf_corrected_flirt.nii.gz,/lustre/disk/home/shared/cusacklab/foundcog/bids/derivatives/faizan_motion_correction_dataset/brain_masked_cropped_2mo_normalized_to_common_space/_subject_id_ICC203/_referencetype_standard/_run_001_session_1_task_name_rest10/sub-ICC203_ses-1_task-rest10_dir-AP_run-001_bold_mcf_corrected_flirt.nii.gz,"(60, 72, 56, 1000)",1000,34.7,
ok,ICC205,1,001,rest10,/lustre/disk/home/shared/cusacklab/foundcog/bids/derivatives/normalized_to_common_space/_subject_id_ICC205/_referencetype_standard/_run_001_session_1_task_name_rest10/sub-ICC205_ses-1_task-rest10_dir-AP_run-001_bold_mcf_corrected_flirt.nii.gz,/lustre/disk/home/shared/cusacklab/foundcog/bids/derivatives/faizan_motion_correction_dataset/brain_masked_cropped_2mo_normalized_to_common_space/_subject_id_ICC205/_referencetype_standard/_run_001_session_1_task_name_rest10/sub-ICC205_ses-1_task-rest10_dir-AP_run-001_bold_mcf_corrected_flirt.nii.gz,"(60, 72, 56, 1000)",1000,32.3,
ok,ICC207,1,001,videos,/lustre/disk/home/shared/cusacklab/foundcog/bids/derivatives/normalized_to_common_space/_subject_id_ICC207/_referencetype_standard/_run_001_session_1_task_name_videos/sub-ICC207_ses-1_task-videos_dir-AP_run-001_bold_mcf_corrected_flirt.nii.gz,/lustre/disk/home/shared/cusacklab/foundcog/bids/derivatives/faizan_motion_correction_dataset/brain_masked_cropped_2mo_normalized_to_common_space/_subject_id_ICC207/_referencetype_standard/_run_001_session_1_task_name_videos/sub-ICC207_ses-1_task-videos_dir-AP_run-001_bold_mcf_corrected_flirt.nii.gz,"(60, 72, 56, 485)",485,16.6,
ok,ICC207,1,002,videos,/lustre/disk/home/shared/cusacklab/foundcog/bids/derivatives/normalized_to_common_space/_subject_id_ICC207/_referencetype_standard/_run_002_session_1_task_name_videos/sub-ICC207_ses-1_task-videos_dir-AP_run-002_bold_mcf_corrected_flirt.nii.gz,/lustre/disk/home/shared/cusacklab/foundcog/bids/derivatives/faizan_motion_correction_dataset/brain_masked_cropped_2mo_normalized_to_common_space/_subject_id_ICC207/_referencetype_standard/_run_002_session_1_task_name_videos/sub-ICC207_ses-1_task-videos_dir-AP_run-002_bold_mcf_corrected_flirt.nii.gz,"(60, 72, 56, 400)",400,13.7,
ok,ICC213,2,002,videos,/lustre/disk/home/shared/cusacklab/foundcog/bids/derivatives/normalized_to_common_space/_subject_id_ICC213/_referencetype_standard/_run_002_session_2_task_name_videos/sub-ICC213_ses-2_task-videos_dir-AP_run-002_bold_mcf_corrected_flirt.nii.gz,/lustre/disk/home/shared/cusacklab/foundcog/bids/derivatives/faizan_motion_correction_dataset/brain_masked_cropped_2mo_normalized_to_common_space/_subject_id_ICC213/_referencetype_standard/_run_002_session_2_task_name_videos/sub-ICC213_ses-2_task-videos_dir-AP_run-002_bold_mcf_corrected_flirt.nii.gz,"(60, 72, 56, 79)",79,2.7,
ok,ICC211,1,001,videos,/lustre/disk/home/shared/cusacklab/foundcog/bids/derivatives/normalized_to_common_space/_subject_id_ICC211/_referencetype_standard/_run_001_session_1_task_name_videos/sub-ICC211_ses-1_task-videos_dir-AP_run-001_bold_mcf_corrected_flirt.nii.gz,/lustre/disk/home/shared/cusacklab/foundcog/bids/derivatives/faizan_motion_correction_dataset/brain_masked_cropped_2mo_normalized_to_common_space/_subject_id_ICC211/_referencetype_standard/_run_001_session_1_task_name_videos/sub-ICC211_ses-1_task-videos_dir-AP_run-001_bold_mcf_corrected_flirt.nii.gz,"(60, 72, 56, 485)",485,16.1,
ok,ICC217,1,001,videos,/lustre/disk/home/shared/cusacklab/foundcog/bids/derivatives/normalized_to_common_space/_subject_id_ICC217/_referencetype_standard/_run_001_session_1_task_name_videos/sub-ICC217_ses-1_task-videos_dir-AP_run-001_bold_mcf_corrected_flirt.nii.gz,/lustre/disk/home/shared/cusacklab/foundcog/bids/derivatives/faizan_motion_correction_dataset/brain_masked_cropped_2mo_normalized_to_common_space/_subject_id_ICC217/_referencetype_standard/_run_001_session_1_task_name_videos/sub-ICC217_ses-1_task-videos_dir-AP_run-001_bold_mcf_corrected_flirt.nii.gz,"(60, 72, 56, 162)",162,2.6,
ok,ICC211,2,001,videos,/lustre/disk/home/shared/cusacklab/foundcog/bids/derivatives/normalized_to_common_space/_subject_id_ICC211/_referencetype_standard/_run_001_session_2_task_name_videos/sub-ICC211_ses-2_task-videos_dir-AP_run-001_bold_mcf_corrected_flirt.nii.gz,/lustre/disk/home/shared/cusacklab/foundcog/bids/derivatives/faizan_motion_correction_dataset/brain_masked_cropped_2mo_normalized_to_common_space/_subject_id_ICC211/_referencetype_standard/_run_001_session_2_task_name_videos/sub-ICC211_ses-2_task-videos_dir-AP_run-001_bold_mcf_corrected_flirt.nii.gz,"(60, 72, 56, 485)",485,16.0,
ok,ICC207,1,001,rest10,/lustre/disk/home/shared/cusacklab/foundcog/bids/derivatives/normalized_to_common_space/_subject_id_ICC207/_referencetype_standard/_run_001_session_1_task_name_rest10/sub-ICC207_ses-1_task-rest10_dir-AP_run-001_bold_mcf_corrected_flirt.nii.gz,/lustre/disk/home/shared/cusacklab/foundcog/bids/derivatives/faizan_motion_correction_dataset/brain_masked_cropped_2mo_normalized_to_common_space/_subject_id_ICC207/_referencetype_standard/_run_001_session_1_task_name_rest10/sub-ICC207_ses-1_task-rest10_dir-AP_run-001_bold_mcf_corrected_flirt.nii.gz,"(60, 72, 56, 1000)",1000,33.7,
ok,ICC213,1,001,videos,/lustre/disk/home/shared/cusacklab/foundcog/bids/derivatives/normalized_to_common_space/_subject_id_ICC213/_referencetype_standard/_run_001_session_1_task_name_videos/sub-ICC213_ses-1_task-videos_dir-AP_run-001_bold_mcf_corrected_flirt.nii.gz,/lustre/disk/home/shared/cusacklab/foundcog/bids/derivatives/faizan_motion_correction_dataset/brain_masked_cropped_2mo_normalized_to_common_space/_subject_id_ICC213/_referencetype_standard/_run_001_session_1_task_name_videos/sub-ICC213_ses-1_task-videos_dir-AP_run-001_bold_mcf_corrected_flirt.nii.gz,"(60, 72, 56, 485)",485,16.1,
ok,ICC213,1,002,videos,/lustre/disk/home/shared/cusacklab/foundcog/bids/derivatives/normalized_to_common_space/_subject_id_ICC213/_referencetype_standard/_run_002_session_1_task_name_videos/sub-ICC213_ses-1_task-videos_dir-AP_run-002_bold_mcf_corrected_flirt.nii.gz,/lustre/disk/home/shared/cusacklab/foundcog/bids/derivatives/faizan_motion_correction_dataset/brain_masked_cropped_2mo_normalized_to_common_space/_subject_id_ICC213/_referencetype_standard/_run_002_session_1_task_name_videos/sub-ICC213_ses-1_task-videos_dir-AP_run-002_bold_mcf_corrected_flirt.nii.gz,"(60, 72, 56, 485)",485,16.1,
ok,ICC217,1,002,videos,/lustre/disk/home/shared/cusacklab/foundcog/bids/derivatives/normalized_to_common_space/_subject_id_ICC217/_referencetype_standard/_run_002_session_1_task_name_videos/sub-ICC217_ses-1_task-videos_dir-AP_run-002_bold_mcf_corrected_flirt.nii.gz,/lustre/disk/home/shared/cusacklab/foundcog/bids/derivatives/faizan_motion_correction_dataset/brain_masked_cropped_2mo_normalized_to_common_space/_subject_id_ICC217/_referencetype_standard/_run_002_session_1_task_name_videos/sub-ICC217_ses-1_task-videos_dir-AP_run-002_bold_mcf_corrected_flirt.nii.gz,"(60, 72, 56, 485)",485,7.9,
ok,ICC217,1,003,videos,/lustre/disk/home/shared/cusacklab/foundcog/bids/derivatives/normalized_to_common_space/_subject_id_ICC217/_referencetype_standard/_run_003_session_1_task_name_videos/sub-ICC217_ses-1_task-videos_dir-AP_run-003_bold_mcf_corrected_flirt.nii.gz,/lustre/disk/home/shared/cusacklab/foundcog/bids/derivatives/faizan_motion_correction_dataset/brain_masked_cropped_2mo_normalized_to_common_space/_subject_id_ICC217/_referencetype_standard/_run_003_session_1_task_name_videos/sub-ICC217_ses-1_task-videos_dir-AP_run-003_bold_mcf_corrected_flirt.nii.gz,"(60, 72, 56, 485)",485,7.6,
ok,ICC217,1,001,rest10,/lustre/disk/home/shared/cusacklab/foundcog/bids/derivatives/normalized_to_common_space/_subject_id_ICC217/_referencetype_standard/_run_001_session_1_task_name_rest10/sub-ICC217_ses-1_task-rest10_dir-AP_run-001_bold_mcf_corrected_flirt.nii.gz,/lustre/disk/home/shared/cusacklab/foundcog/bids/derivatives/faizan_motion_correction_dataset/brain_masked_cropped_2mo_normalized_to_common_space/_subject_id_ICC217/_referencetype_standard/_run_001_session_1_task_name_rest10/sub-ICC217_ses-1_task-rest10_dir-AP_run-001_bold_mcf_corrected_flirt.nii.gz,"(60, 72, 56, 1000)",1000,15.5,
ok,ICC211,2,001,rest10,/lustre/disk/home/shared/cusacklab/foundcog/bids/derivatives/normalized_to_common_space/_subject_id_ICC211/_referencetype_standard/_run_001_session_2_task_name_rest10/sub-ICC211_ses-2_task-rest10_dir-AP_run-001_bold_mcf_corrected_flirt.nii.gz,/lustre/disk/home/shared/cusacklab/foundcog/bids/derivatives/faizan_motion_correction_dataset/brain_masked_cropped_2mo_normalized_to_common_space/_subject_id_ICC211/_referencetype_standard/_run_001_session_2_task_name_rest10/sub-ICC211_ses-2_task-rest10_dir-AP_run-001_bold_mcf_corrected_flirt.nii.gz,"(60, 72, 56, 1000)",1000,33.0,
ok,ICC213,1,001,rest10,/lustre/disk/home/shared/cusacklab/foundcog/bids/derivatives/normalized_to_common_space/_subject_id_ICC213/_referencetype_standard/_run_001_session_1_task_name_rest10/sub-ICC213_ses-1_task-rest10_dir-AP_run-001_bold_mcf_corrected_flirt.nii.gz,/lustre/disk/home/shared/cusacklab/foundcog/bids/derivatives/faizan_motion_correction_dataset/brain_masked_cropped_2mo_normalized_to_common_space/_subject_id_ICC213/_referencetype_standard/_run_001_session_1_task_name_rest10/sub-ICC213_ses-1_task-rest10_dir-AP_run-001_bold_mcf_corrected_flirt.nii.gz,"(60, 72, 56, 1000)",1000,33.2,
ok,ICC221,1,001,videos,/lustre/disk/home/shared/cusacklab/foundcog/bids/derivatives/normalized_to_common_space/_subject_id_ICC221/_referencetype_standard/_run_001_session_1_task_name_videos/sub-ICC221_ses-1_task-videos_dir-AP_run-001_bold_mcf_corrected_flirt.nii.gz,/lustre/disk/home/shared/cusacklab/foundcog/bids/derivatives/faizan_motion_correction_dataset/brain_masked_cropped_2mo_normalized_to_common_space/_subject_id_ICC221/_referencetype_standard/_run_001_session_1_task_name_videos/sub-ICC221_ses-1_task-videos_dir-AP_run-001_bold_mcf_corrected_flirt.nii.gz,"(60, 72, 56, 485)",485,15.8,
ok,ICC221,1,002,videos,/lustre/disk/home/shared/cusacklab/foundcog/bids/derivatives/normalized_to_common_space/_subject_id_ICC221/_referencetype_standard/_run_002_session_1_task_name_videos/sub-ICC221_ses-1_task-videos_dir-AP_run-002_bold_mcf_corrected_flirt.nii.gz,/lustre/disk/home/shared/cusacklab/foundcog/bids/derivatives/faizan_motion_correction_dataset/brain_masked_cropped_2mo_normalized_to_common_space/_subject_id_ICC221/_referencetype_standard/_run_002_session_1_task_name_videos/sub-ICC221_ses-1_task-videos_dir-AP_run-002_bold_mcf_corrected_flirt.nii.gz,"(60, 72, 56, 485)",485,15.8,
ok,ICC223,1,001,videos,/lustre/disk/home/shared/cusacklab/foundcog/bids/derivatives/normalized_to_common_space/_subject_id_ICC223/_referencetype_standard/_run_001_session_1_task_name_videos/sub-ICC223_ses-1_task-videos_dir-AP_run-001_bold_mcf_corrected_flirt.nii.gz,/lustre/disk/home/shared/cusacklab/foundcog/bids/derivatives/faizan_motion_correction_dataset/brain_masked_cropped_2mo_normalized_to_common_space/_subject_id_ICC223/_referencetype_standard/_run_001_session_1_task_name_videos/sub-ICC223_ses-1_task-videos_dir-AP_run-001_bold_mcf_corrected_flirt.nii.gz,"(60, 72, 56, 485)",485,15.8,
ok,ICC223,1,002,videos,/lustre/disk/home/shared/cusacklab/foundcog/bids/derivatives/normalized_to_common_space/_subject_id_ICC223/_referencetype_standard/_run_002_session_1_task_name_videos/sub-ICC223_ses-1_task-videos_dir-AP_run-002_bold_mcf_corrected_flirt.nii.gz,/lustre/disk/home/shared/cusacklab/foundcog/bids/derivatives/faizan_motion_correction_dataset/brain_masked_cropped_2mo_normalized_to_common_space/_subject_id_ICC223/_referencetype_standard/_run_002_session_1_task_name_videos/sub-ICC223_ses-1_task-videos_dir-AP_run-002_bold_mcf_corrected_flirt.nii.gz,"(60, 72, 56, 485)",485,15.9,
ok,ICC225,1,001,videos,/lustre/disk/home/shared/cusacklab/foundcog/bids/derivatives/normalized_to_common_space/_subject_id_ICC225/_referencetype_standard/_run_001_session_1_task_name_videos/sub-ICC225_ses-1_task-videos_dir-AP_run-001_bold_mcf_corrected_flirt.nii.gz,/lustre/disk/home/shared/cusacklab/foundcog/bids/derivatives/faizan_motion_correction_dataset/brain_masked_cropped_2mo_normalized_to_common_space/_subject_id_ICC225/_referencetype_standard/_run_001_session_1_task_name_videos/sub-ICC225_ses-1_task-videos_dir-AP_run-001_bold_mcf_corrected_flirt.nii.gz,"(60, 72, 56, 485)",485,16.3,
ok,ICC221,1,001,rest10,/lustre/disk/home/shared/cusacklab/foundcog/bids/derivatives/normalized_to_common_space/_subject_id_ICC221/_referencetype_standard/_run_001_session_1_task_name_rest10/sub-ICC221_ses-1_task-rest10_dir-AP_run-001_bold_mcf_corrected_flirt.nii.gz,/lustre/disk/home/shared/cusacklab/foundcog/bids/derivatives/faizan_motion_correction_dataset/brain_masked_cropped_2mo_normalized_to_common_space/_subject_id_ICC221/_referencetype_standard/_run_001_session_1_task_name_rest10/sub-ICC221_ses-1_task-rest10_dir-AP_run-001_bold_mcf_corrected_flirt.nii.gz,"(60, 72, 56, 1000)",1000,32.4,
ok,ICC225,2,001,videos,/lustre/disk/home/shared/cusacklab/foundcog/bids/derivatives/normalized_to_common_space/_subject_id_ICC225/_referencetype_standard/_run_001_session_2_task_name_videos/sub-ICC225_ses-2_task-videos_dir-AP_run-001_bold_mcf_corrected_flirt.nii.gz,/lustre/disk/home/shared/cusacklab/foundcog/bids/derivatives/faizan_motion_correction_dataset/brain_masked_cropped_2mo_normalized_to_common_space/_subject_id_ICC225/_referencetype_standard/_run_001_session_2_task_name_videos/sub-ICC225_ses-2_task-videos_dir-AP_run-001_bold_mcf_corrected_flirt.nii.gz,"(60, 72, 56, 485)",485,16.4,
ok,ICC225,1,002,videos,/lustre/disk/home/shared/cusacklab/foundcog/bids/derivatives/normalized_to_common_space/_subject_id_ICC225/_referencetype_standard/_run_002_session_1_task_name_videos/sub-ICC225_ses-1_task-videos_dir-AP_run-002_bold_mcf_corrected_flirt.nii.gz,/lustre/disk/home/shared/cusacklab/foundcog/bids/derivatives/faizan_motion_correction_dataset/brain_masked_cropped_2mo_normalized_to_common_space/_subject_id_ICC225/_referencetype_standard/_run_002_session_1_task_name_videos/sub-ICC225_ses-1_task-videos_dir-AP_run-002_bold_mcf_corrected_flirt.nii.gz,"(60, 72, 56, 485)",485,16.3,
ok,ICC225,1,003,videos,/lustre/disk/home/shared/cusacklab/foundcog/bids/derivatives/normalized_to_common_space/_subject_id_ICC225/_referencetype_standard/_run_003_session_1_task_name_videos/sub-ICC225_ses-1_task-videos_dir-AP_run-003_bold_mcf_corrected_flirt.nii.gz,/lustre/disk/home/shared/cusacklab/foundcog/bids/derivatives/faizan_motion_correction_dataset/brain_masked_cropped_2mo_normalized_to_common_space/_subject_id_ICC225/_referencetype_standard/_run_003_session_1_task_name_videos/sub-ICC225_ses-1_task-videos_dir-AP_run-003_bold_mcf_corrected_flirt.nii.gz,"(60, 72, 56, 485)",485,16.3,
ok,ICC223,1,001,rest10,/lustre/disk/home/shared/cusacklab/foundcog/bids/derivatives/normalized_to_common_space/_subject_id_ICC223/_referencetype_standard/_run_001_session_1_task_name_rest10/sub-ICC223_ses-1_task-rest10_dir-AP_run-001_bold_mcf_corrected_flirt.nii.gz,/lustre/disk/home/shared/cusacklab/foundcog/bids/derivatives/faizan_motion_correction_dataset/brain_masked_cropped_2mo_normalized_to_common_space/_subject_id_ICC223/_referencetype_standard/_run_001_session_1_task_name_rest10/sub-ICC223_ses-1_task-rest10_dir-AP_run-001_bold_mcf_corrected_flirt.nii.gz,"(60, 72, 56, 1000)",1000,32.8,
ok,ICC227,1,002,videos,/lustre/disk/home/shared/cusacklab/foundcog/bids/derivatives/normalized_to_common_space/_subject_id_ICC227/_referencetype_standard/_run_002_session_1_task_name_videos/sub-ICC227_ses-1_task-videos_dir-AP_run-002_bold_mcf_corrected_flirt.nii.gz,/lustre/disk/home/shared/cusacklab/foundcog/bids/derivatives/faizan_motion_correction_dataset/brain_masked_cropped_2mo_normalized_to_common_space/_subject_id_ICC227/_referencetype_standard/_run_002_session_1_task_name_videos/sub-ICC227_ses-1_task-videos_dir-AP_run-002_bold_mcf_corrected_flirt.nii.gz,"(60, 72, 56, 140)",140,4.7,
ok,ICC227,1,001,videos,/lustre/disk/home/shared/cusacklab/foundcog/bids/derivatives/normalized_to_common_space/_subject_id_ICC227/_referencetype_standard/_run_001_session_1_task_name_videos/sub-ICC227_ses-1_task-videos_dir-AP_run-001_bold_mcf_corrected_flirt.nii.gz,/lustre/disk/home/shared/cusacklab/foundcog/bids/derivatives/faizan_motion_correction_dataset/brain_masked_cropped_2mo_normalized_to_common_space/_subject_id_ICC227/_referencetype_standard/_run_001_session_1_task_name_videos/sub-ICC227_ses-1_task-videos_dir-AP_run-001_bold_mcf_corrected_flirt.nii.gz,"(60, 72, 56, 485)",485,15.9,
ok,ICC227,2,001,videos,/lustre/disk/home/shared/cusacklab/foundcog/bids/derivatives/normalized_to_common_space/_subject_id_ICC227/_referencetype_standard/_run_001_session_2_task_name_videos/sub-ICC227_ses-2_task-videos_dir-AP_run-001_bold_mcf_corrected_flirt.nii.gz,/lustre/disk/home/shared/cusacklab/foundcog/bids/derivatives/faizan_motion_correction_dataset/brain_masked_cropped_2mo_normalized_to_common_space/_subject_id_ICC227/_referencetype_standard/_run_001_session_2_task_name_videos/sub-ICC227_ses-2_task-videos_dir-AP_run-001_bold_mcf_corrected_flirt.nii.gz,"(60, 72, 56, 485)",485,15.9,
ok,ICC225,2,001,rest10,/lustre/disk/home/shared/cusacklab/foundcog/bids/derivatives/normalized_to_common_space/_subject_id_ICC225/_referencetype_standard/_run_001_session_2_task_name_rest10/sub-ICC225_ses-2_task-rest10_dir-AP_run-001_bold_mcf_corrected_flirt.nii.gz,/lustre/disk/home/shared/cusacklab/foundcog/bids/derivatives/faizan_motion_correction_dataset/brain_masked_cropped_2mo_normalized_to_common_space/_subject_id_ICC225/_referencetype_standard/_run_001_session_2_task_name_rest10/sub-ICC225_ses-2_task-rest10_dir-AP_run-001_bold_mcf_corrected_flirt.nii.gz,"(60, 72, 56, 1000)",1000,33.5,
ok,ICC23,1,001,videos,/lustre/disk/home/shared/cusacklab/foundcog/bids/derivatives/normalized_to_common_space/_subject_id_ICC23/_referencetype_standard/_run_001_session_1_task_name_videos/sub-ICC23_ses-1_task-videos_dir-AP_run-001_bold_mcf_corrected_flirt.nii.gz,/lustre/disk/home/shared/cusacklab/foundcog/bids/derivatives/faizan_motion_correction_dataset/brain_masked_cropped_2mo_normalized_to_common_space/_subject_id_ICC23/_referencetype_standard/_run_001_session_1_task_name_videos/sub-ICC23_ses-1_task-videos_dir-AP_run-001_bold_mcf_corrected_flirt.nii.gz,"(60, 72, 56, 485)",485,7.3,
ok,ICC229,1,001,videos,/lustre/disk/home/shared/cusacklab/foundcog/bids/derivatives/normalized_to_common_space/_subject_id_ICC229/_referencetype_standard/_run_001_session_1_task_name_videos/sub-ICC229_ses-1_task-videos_dir-AP_run-001_bold_mcf_corrected_flirt.nii.gz,/lustre/disk/home/shared/cusacklab/foundcog/bids/derivatives/faizan_motion_correction_dataset/brain_masked_cropped_2mo_normalized_to_common_space/_subject_id_ICC229/_referencetype_standard/_run_001_session_1_task_name_videos/sub-ICC229_ses-1_task-videos_dir-AP_run-001_bold_mcf_corrected_flirt.nii.gz,"(60, 72, 56, 485)",485,16.0,
ok,ICC229,1,002,videos,/lustre/disk/home/shared/cusacklab/foundcog/bids/derivatives/normalized_to_common_space/_subject_id_ICC229/_referencetype_standard/_run_002_session_1_task_name_videos/sub-ICC229_ses-1_task-videos_dir-AP_run-002_bold_mcf_corrected_flirt.nii.gz,/lustre/disk/home/shared/cusacklab/foundcog/bids/derivatives/faizan_motion_correction_dataset/brain_masked_cropped_2mo_normalized_to_common_space/_subject_id_ICC229/_referencetype_standard/_run_002_session_1_task_name_videos/sub-ICC229_ses-1_task-videos_dir-AP_run-002_bold_mcf_corrected_flirt.nii.gz,"(60, 72, 56, 485)",485,16.5,
ok,ICC23,1,002,videos,/lustre/disk/home/shared/cusacklab/foundcog/bids/derivatives/normalized_to_common_space/_subject_id_ICC23/_referencetype_standard/_run_002_session_1_task_name_videos/sub-ICC23_ses-1_task-videos_dir-AP_run-002_bold_mcf_corrected_flirt.nii.gz,/lustre/disk/home/shared/cusacklab/foundcog/bids/derivatives/faizan_motion_correction_dataset/brain_masked_cropped_2mo_normalized_to_common_space/_subject_id_ICC23/_referencetype_standard/_run_002_session_1_task_name_videos/sub-ICC23_ses-1_task-videos_dir-AP_run-002_bold_mcf_corrected_flirt.nii.gz,"(60, 72, 56, 485)",485,7.5,
ok,ICC229,1,003,videos,/lustre/disk/home/shared/cusacklab/foundcog/bids/derivatives/normalized_to_common_space/_subject_id_ICC229/_referencetype_standard/_run_003_session_1_task_name_videos/sub-ICC229_ses-1_task-videos_dir-AP_run-003_bold_mcf_corrected_flirt.nii.gz,/lustre/disk/home/shared/cusacklab/foundcog/bids/derivatives/faizan_motion_correction_dataset/brain_masked_cropped_2mo_normalized_to_common_space/_subject_id_ICC229/_referencetype_standard/_run_003_session_1_task_name_videos/sub-ICC229_ses-1_task-videos_dir-AP_run-003_bold_mcf_corrected_flirt.nii.gz,"(60, 72, 56, 485)",485,16.2,
ok,ICC227,1,001,rest10,/lustre/disk/home/shared/cusacklab/foundcog/bids/derivatives/normalized_to_common_space/_subject_id_ICC227/_referencetype_standard/_run_001_session_1_task_name_rest10/sub-ICC227_ses-1_task-rest10_dir-AP_run-001_bold_mcf_corrected_flirt.nii.gz,/lustre/disk/home/shared/cusacklab/foundcog/bids/derivatives/faizan_motion_correction_dataset/brain_masked_cropped_2mo_normalized_to_common_space/_subject_id_ICC227/_referencetype_standard/_run_001_session_1_task_name_rest10/sub-ICC227_ses-1_task-rest10_dir-AP_run-001_bold_mcf_corrected_flirt.nii.gz,"(60, 72, 56, 1000)",1000,32.6,
ok,ICC235,1,001,videos,/lustre/disk/home/shared/cusacklab/foundcog/bids/derivatives/normalized_to_common_space/_subject_id_ICC235/_referencetype_standard/_run_001_session_1_task_name_videos/sub-ICC235_ses-1_task-videos_dir-AP_run-001_bold_mcf_corrected_flirt.nii.gz,/lustre/disk/home/shared/cusacklab/foundcog/bids/derivatives/faizan_motion_correction_dataset/brain_masked_cropped_2mo_normalized_to_common_space/_subject_id_ICC235/_referencetype_standard/_run_001_session_1_task_name_videos/sub-ICC235_ses-1_task-videos_dir-AP_run-001_bold_mcf_corrected_flirt.nii.gz,"(60, 72, 56, 232)",232,7.9,
ok,ICC235,1,002,videos,/lustre/disk/home/shared/cusacklab/foundcog/bids/derivatives/normalized_to_common_space/_subject_id_ICC235/_referencetype_standard/_run_002_session_1_task_name_videos/sub-ICC235_ses-1_task-videos_dir-AP_run-002_bold_mcf_corrected_flirt.nii.gz,/lustre/disk/home/shared/cusacklab/foundcog/bids/derivatives/faizan_motion_correction_dataset/brain_masked_cropped_2mo_normalized_to_common_space/_subject_id_ICC235/_referencetype_standard/_run_002_session_1_task_name_videos/sub-ICC235_ses-1_task-videos_dir-AP_run-002_bold_mcf_corrected_flirt.nii.gz,"(60, 72, 56, 76)",76,2.6,
ok,ICC233,1,001,videos,/lustre/disk/home/shared/cusacklab/foundcog/bids/derivatives/normalized_to_common_space/_subject_id_ICC233/_referencetype_standard/_run_001_session_1_task_name_videos/sub-ICC233_ses-1_task-videos_dir-AP_run-001_bold_mcf_corrected_flirt.nii.gz,/lustre/disk/home/shared/cusacklab/foundcog/bids/derivatives/faizan_motion_correction_dataset/brain_masked_cropped_2mo_normalized_to_common_space/_subject_id_ICC233/_referencetype_standard/_run_001_session_1_task_name_videos/sub-ICC233_ses-1_task-videos_dir-AP_run-001_bold_mcf_corrected_flirt.nii.gz,"(60, 72, 56, 485)",485,16.1,
ok,ICC233,2,001,videos,/lustre/disk/home/shared/cusacklab/foundcog/bids/derivatives/normalized_to_common_space/_subject_id_ICC233/_referencetype_standard/_run_001_session_2_task_name_videos/sub-ICC233_ses-2_task-videos_dir-AP_run-001_bold_mcf_corrected_flirt.nii.gz,/lustre/disk/home/shared/cusacklab/foundcog/bids/derivatives/faizan_motion_correction_dataset/brain_masked_cropped_2mo_normalized_to_common_space/_subject_id_ICC233/_referencetype_standard/_run_001_session_2_task_name_videos/sub-ICC233_ses-2_task-videos_dir-AP_run-001_bold_mcf_corrected_flirt.nii.gz,"(60, 72, 56, 485)",485,15.9,
ok,ICC229,1,001,rest10,/lustre/disk/home/shared/cusacklab/foundcog/bids/derivatives/normalized_to_common_space/_subject_id_ICC229/_referencetype_standard/_run_001_session_1_task_name_rest10/sub-ICC229_ses-1_task-rest10_dir-AP_run-001_bold_mcf_corrected_flirt.nii.gz,/lustre/disk/home/shared/cusacklab/foundcog/bids/derivatives/faizan_motion_correction_dataset/brain_masked_cropped_2mo_normalized_to_common_space/_subject_id_ICC229/_referencetype_standard/_run_001_session_1_task_name_rest10/sub-ICC229_ses-1_task-rest10_dir-AP_run-001_bold_mcf_corrected_flirt.nii.gz,"(60, 72, 56, 1000)",1000,33.7,
ok,ICC233,1,002,videos,/lustre/disk/home/shared/cusacklab/foundcog/bids/derivatives/normalized_to_common_space/_subject_id_ICC233/_referencetype_standard/_run_002_session_1_task_name_videos/sub-ICC233_ses-1_task-videos_dir-AP_run-002_bold_mcf_corrected_flirt.nii.gz,/lustre/disk/home/shared/cusacklab/foundcog/bids/derivatives/faizan_motion_correction_dataset/brain_masked_cropped_2mo_normalized_to_common_space/_subject_id_ICC233/_referencetype_standard/_run_002_session_1_task_name_videos/sub-ICC233_ses-1_task-videos_dir-AP_run-002_bold_mcf_corrected_flirt.nii.gz,"(60, 72, 56, 485)",485,15.9,
ok,ICC235,2,001,videos,/lustre/disk/home/shared/cusacklab/foundcog/bids/derivatives/normalized_to_common_space/_subject_id_ICC235/_referencetype_standard/_run_001_session_2_task_name_videos/sub-ICC235_ses-2_task-videos_dir-AP_run-001_bold_mcf_corrected_flirt.nii.gz,/lustre/disk/home/shared/cusacklab/foundcog/bids/derivatives/faizan_motion_correction_dataset/brain_masked_cropped_2mo_normalized_to_common_space/_subject_id_ICC235/_referencetype_standard/_run_001_session_2_task_name_videos/sub-ICC235_ses-2_task-videos_dir-AP_run-001_bold_mcf_corrected_flirt.nii.gz,"(60, 72, 56, 485)",485,16.5,
ok,ICC239,1,001,videos,/lustre/disk/home/shared/cusacklab/foundcog/bids/derivatives/normalized_to_common_space/_subject_id_ICC239/_referencetype_standard/_run_001_session_1_task_name_videos/sub-ICC239_ses-1_task-videos_dir-AP_run-001_bold_mcf_corrected_flirt.nii.gz,/lustre/disk/home/shared/cusacklab/foundcog/bids/derivatives/faizan_motion_correction_dataset/brain_masked_cropped_2mo_normalized_to_common_space/_subject_id_ICC239/_referencetype_standard/_run_001_session_1_task_name_videos/sub-ICC239_ses-1_task-videos_dir-AP_run-001_bold_mcf_corrected_flirt.nii.gz,"(60, 72, 56, 127)",127,4.4,
ok,ICC239,1,003,videos,/lustre/disk/home/shared/cusacklab/foundcog/bids/derivatives/normalized_to_common_space/_subject_id_ICC239/_referencetype_standard/_run_003_session_1_task_name_videos/sub-ICC239_ses-1_task-videos_dir-AP_run-003_bold_mcf_corrected_flirt.nii.gz,/lustre/disk/home/shared/cusacklab/foundcog/bids/derivatives/faizan_motion_correction_dataset/brain_masked_cropped_2mo_normalized_to_common_space/_subject_id_ICC239/_referencetype_standard/_run_003_session_1_task_name_videos/sub-ICC239_ses-1_task-videos_dir-AP_run-003_bold_mcf_corrected_flirt.nii.gz,"(60, 72, 56, 255)",255,8.4,
ok,ICC233,1,001,rest10,/lustre/disk/home/shared/cusacklab/foundcog/bids/derivatives/normalized_to_common_space/_subject_id_ICC233/_referencetype_standard/_run_001_session_1_task_name_rest10/sub-ICC233_ses-1_task-rest10_dir-AP_run-001_bold_mcf_corrected_flirt.nii.gz,/lustre/disk/home/shared/cusacklab/foundcog/bids/derivatives/faizan_motion_correction_dataset/brain_masked_cropped_2mo_normalized_to_common_space/_subject_id_ICC233/_referencetype_standard/_run_001_session_1_task_name_rest10/sub-ICC233_ses-1_task-rest10_dir-AP_run-001_bold_mcf_corrected_flirt.nii.gz,"(60, 72, 56, 1000)",1000,32.8,
ok,ICC237,1,001,videos,/lustre/disk/home/shared/cusacklab/foundcog/bids/derivatives/normalized_to_common_space/_subject_id_ICC237/_referencetype_standard/_run_001_session_1_task_name_videos/sub-ICC237_ses-1_task-videos_dir-AP_run-001_bold_mcf_corrected_flirt.nii.gz,/lustre/disk/home/shared/cusacklab/foundcog/bids/derivatives/faizan_motion_correction_dataset/brain_masked_cropped_2mo_normalized_to_common_space/_subject_id_ICC237/_referencetype_standard/_run_001_session_1_task_name_videos/sub-ICC237_ses-1_task-videos_dir-AP_run-001_bold_mcf_corrected_flirt.nii.gz,"(60, 72, 56, 485)",485,16.5,
ok,ICC237,1,002,videos,/lustre/disk/home/shared/cusacklab/foundcog/bids/derivatives/normalized_to_common_space/_subject_id_ICC237/_referencetype_standard/_run_002_session_1_task_name_videos/sub-ICC237_ses-1_task-videos_dir-AP_run-002_bold_mcf_corrected_flirt.nii.gz,/lustre/disk/home/shared/cusacklab/foundcog/bids/derivatives/faizan_motion_correction_dataset/brain_masked_cropped_2mo_normalized_to_common_space/_subject_id_ICC237/_referencetype_standard/_run_002_session_1_task_name_videos/sub-ICC237_ses-1_task-videos_dir-AP_run-002_bold_mcf_corrected_flirt.nii.gz,"(60, 72, 56, 485)",485,16.5,
ok,ICC239,1,002,videos,/lustre/disk/home/shared/cusacklab/foundcog/bids/derivatives/normalized_to_common_space/_subject_id_ICC239/_referencetype_standard/_run_002_session_1_task_name_videos/sub-ICC239_ses-1_task-videos_dir-AP_run-002_bold_mcf_corrected_flirt.nii.gz,/lustre/disk/home/shared/cusacklab/foundcog/bids/derivatives/faizan_motion_correction_dataset/brain_masked_cropped_2mo_normalized_to_common_space/_subject_id_ICC239/_referencetype_standard/_run_002_session_1_task_name_videos/sub-ICC239_ses-1_task-videos_dir-AP_run-002_bold_mcf_corrected_flirt.nii.gz,"(60, 72, 56, 485)",485,15.9,
ok,ICC235,1,001,rest10,/lustre/disk/home/shared/cusacklab/foundcog/bids/derivatives/normalized_to_common_space/_subject_id_ICC235/_referencetype_standard/_run_001_session_1_task_name_rest10/sub-ICC235_ses-1_task-rest10_dir-AP_run-001_bold_mcf_corrected_flirt.nii.gz,/lustre/disk/home/shared/cusacklab/foundcog/bids/derivatives/faizan_motion_correction_dataset/brain_masked_cropped_2mo_normalized_to_common_space/_subject_id_ICC235/_referencetype_standard/_run_001_session_1_task_name_rest10/sub-ICC235_ses-1_task-rest10_dir-AP_run-001_bold_mcf_corrected_flirt.nii.gz,"(60, 72, 56, 1000)",1000,33.7,
ok,ICC241,1,001,videos,/lustre/disk/home/shared/cusacklab/foundcog/bids/derivatives/normalized_to_common_space/_subject_id_ICC241/_referencetype_standard/_run_001_session_1_task_name_videos/sub-ICC241_ses-1_task-videos_dir-AP_run-001_bold_mcf_corrected_flirt.nii.gz,/lustre/disk/home/shared/cusacklab/foundcog/bids/derivatives/faizan_motion_correction_dataset/brain_masked_cropped_2mo_normalized_to_common_space/_subject_id_ICC241/_referencetype_standard/_run_001_session_1_task_name_videos/sub-ICC241_ses-1_task-videos_dir-AP_run-001_bold_mcf_corrected_flirt.nii.gz,"(60, 72, 56, 485)",485,16.6,
ok,ICC237,1,001,rest10,/lustre/disk/home/shared/cusacklab/foundcog/bids/derivatives/normalized_to_common_space/_subject_id_ICC237/_referencetype_standard/_run_001_session_1_task_name_rest10/sub-ICC237_ses-1_task-rest10_dir-AP_run-001_bold_mcf_corrected_flirt.nii.gz,/lustre/disk/home/shared/cusacklab/foundcog/bids/derivatives/faizan_motion_correction_dataset/brain_masked_cropped_2mo_normalized_to_common_space/_subject_id_ICC237/_referencetype_standard/_run_001_session_1_task_name_rest10/sub-ICC237_ses-1_task-rest10_dir-AP_run-001_bold_mcf_corrected_flirt.nii.gz,"(60, 72, 56, 1000)",1000,34.1,
ok,ICC241,1,002,videos,/lustre/disk/home/shared/cusacklab/foundcog/bids/derivatives/normalized_to_common_space/_subject_id_ICC241/_referencetype_standard/_run_002_session_1_task_name_videos/sub-ICC241_ses-1_task-videos_dir-AP_run-002_bold_mcf_corrected_flirt.nii.gz,/lustre/disk/home/shared/cusacklab/foundcog/bids/derivatives/faizan_motion_correction_dataset/brain_masked_cropped_2mo_normalized_to_common_space/_subject_id_ICC241/_referencetype_standard/_run_002_session_1_task_name_videos/sub-ICC241_ses-1_task-videos_dir-AP_run-002_bold_mcf_corrected_flirt.nii.gz,"(60, 72, 56, 485)",485,16.5,
ok,ICC243,1,001,videos,/lustre/disk/home/shared/cusacklab/foundcog/bids/derivatives/normalized_to_common_space/_subject_id_ICC243/_referencetype_standard/_run_001_session_1_task_name_videos/sub-ICC243_ses-1_task-videos_dir-AP_run-001_bold_mcf_corrected_flirt.nii.gz,/lustre/disk/home/shared/cusacklab/foundcog/bids/derivatives/faizan_motion_correction_dataset/brain_masked_cropped_2mo_normalized_to_common_space/_subject_id_ICC243/_referencetype_standard/_run_001_session_1_task_name_videos/sub-ICC243_ses-1_task-videos_dir-AP_run-001_bold_mcf_corrected_flirt.nii.gz,"(60, 72, 56, 485)",485,16.9,
ok,ICC243,2,001,videos,/lustre/disk/home/shared/cusacklab/foundcog/bids/derivatives/normalized_to_common_space/_subject_id_ICC243/_referencetype_standard/_run_001_session_2_task_name_videos/sub-ICC243_ses-2_task-videos_dir-AP_run-001_bold_mcf_corrected_flirt.nii.gz,/lustre/disk/home/shared/cusacklab/foundcog/bids/derivatives/faizan_motion_correction_dataset/brain_masked_cropped_2mo_normalized_to_common_space/_subject_id_ICC243/_referencetype_standard/_run_001_session_2_task_name_videos/sub-ICC243_ses-2_task-videos_dir-AP_run-001_bold_mcf_corrected_flirt.nii.gz,"(60, 72, 56, 485)",485,17.0,
ok,ICC243,1,002,videos,/lustre/disk/home/shared/cusacklab/foundcog/bids/derivatives/normalized_to_common_space/_subject_id_ICC243/_referencetype_standard/_run_002_session_1_task_name_videos/sub-ICC243_ses-1_task-videos_dir-AP_run-002_bold_mcf_corrected_flirt.nii.gz,/lustre/disk/home/shared/cusacklab/foundcog/bids/derivatives/faizan_motion_correction_dataset/brain_masked_cropped_2mo_normalized_to_common_space/_subject_id_ICC243/_referencetype_standard/_run_002_session_1_task_name_videos/sub-ICC243_ses-1_task-videos_dir-AP_run-002_bold_mcf_corrected_flirt.nii.gz,"(60, 72, 56, 485)",485,17.0,
ok,ICC255,1,001,videos,/lustre/disk/home/shared/cusacklab/foundcog/bids/derivatives/normalized_to_common_space/_subject_id_ICC255/_referencetype_standard/_run_001_session_1_task_name_videos/sub-ICC255_ses-1_task-videos_dir-AP_run-001_bold_mcf_corrected_flirt.nii.gz,/lustre/disk/home/shared/cusacklab/foundcog/bids/derivatives/faizan_motion_correction_dataset/brain_masked_cropped_2mo_normalized_to_common_space/_subject_id_ICC255/_referencetype_standard/_run_001_session_1_task_name_videos/sub-ICC255_ses-1_task-videos_dir-AP_run-001_bold_mcf_corrected_flirt.nii.gz,"(60, 72, 56, 113)",113,3.9,
ok,ICC253,1,001,videos,/lustre/disk/home/shared/cusacklab/foundcog/bids/derivatives/normalized_to_common_space/_subject_id_ICC253/_referencetype_standard/_run_001_session_1_task_name_videos/sub-ICC253_ses-1_task-videos_dir-AP_run-001_bold_mcf_corrected_flirt.nii.gz,/lustre/disk/home/shared/cusacklab/foundcog/bids/derivatives/faizan_motion_correction_dataset/brain_masked_cropped_2mo_normalized_to_common_space/_subject_id_ICC253/_referencetype_standard/_run_001_session_1_task_name_videos/sub-ICC253_ses-1_task-videos_dir-AP_run-001_bold_mcf_corrected_flirt.nii.gz,"(60, 72, 56, 485)",485,16.1,
ok,ICC253,1,002,videos,/lustre/disk/home/shared/cusacklab/foundcog/bids/derivatives/normalized_to_common_space/_subject_id_ICC253/_referencetype_standard/_run_002_session_1_task_name_videos/sub-ICC253_ses-1_task-videos_dir-AP_run-002_bold_mcf_corrected_flirt.nii.gz,/lustre/disk/home/shared/cusacklab/foundcog/bids/derivatives/faizan_motion_correction_dataset/brain_masked_cropped_2mo_normalized_to_common_space/_subject_id_ICC253/_referencetype_standard/_run_002_session_1_task_name_videos/sub-ICC253_ses-1_task-videos_dir-AP_run-002_bold_mcf_corrected_flirt.nii.gz,"(60, 72, 56, 265)",265,9.0,
ok,ICC241,2,001,rest10,/lustre/disk/home/shared/cusacklab/foundcog/bids/derivatives/normalized_to_common_space/_subject_id_ICC241/_referencetype_standard/_run_001_session_2_task_name_rest10/sub-ICC241_ses-2_task-rest10_dir-AP_run-001_bold_mcf_corrected_flirt.nii.gz,/lustre/disk/home/shared/cusacklab/foundcog/bids/derivatives/faizan_motion_correction_dataset/brain_masked_cropped_2mo_normalized_to_common_space/_subject_id_ICC241/_referencetype_standard/_run_001_session_2_task_name_rest10/sub-ICC241_ses-2_task-rest10_dir-AP_run-001_bold_mcf_corrected_flirt.nii.gz,"(60, 72, 56, 1000)",1000,34.1,
ok,ICC255,2,001,videos,/lustre/disk/home/shared/cusacklab/foundcog/bids/derivatives/normalized_to_common_space/_subject_id_ICC255/_referencetype_standard/_run_001_session_2_task_name_videos/sub-ICC255_ses-2_task-videos_dir-AP_run-001_bold_mcf_corrected_flirt.nii.gz,/lustre/disk/home/shared/cusacklab/foundcog/bids/derivatives/faizan_motion_correction_dataset/brain_masked_cropped_2mo_normalized_to_common_space/_subject_id_ICC255/_referencetype_standard/_run_001_session_2_task_name_videos/sub-ICC255_ses-2_task-videos_dir-AP_run-001_bold_mcf_corrected_flirt.nii.gz,"(60, 72, 56, 485)",485,16.4,
ok,ICC255,1,002,videos,/lustre/disk/home/shared/cusacklab/foundcog/bids/derivatives/normalized_to_common_space/_subject_id_ICC255/_referencetype_standard/_run_002_session_1_task_name_videos/sub-ICC255_ses-1_task-videos_dir-AP_run-002_bold_mcf_corrected_flirt.nii.gz,/lustre/disk/home/shared/cusacklab/foundcog/bids/derivatives/faizan_motion_correction_dataset/brain_masked_cropped_2mo_normalized_to_common_space/_subject_id_ICC255/_referencetype_standard/_run_002_session_1_task_name_videos/sub-ICC255_ses-1_task-videos_dir-AP_run-002_bold_mcf_corrected_flirt.nii.gz,"(60, 72, 56, 485)",485,16.3,
ok,ICC255,1,003,videos,/lustre/disk/home/shared/cusacklab/foundcog/bids/derivatives/normalized_to_common_space/_subject_id_ICC255/_referencetype_standard/_run_003_session_1_task_name_videos/sub-ICC255_ses-1_task-videos_dir-AP_run-003_bold_mcf_corrected_flirt.nii.gz,/lustre/disk/home/shared/cusacklab/foundcog/bids/derivatives/faizan_motion_correction_dataset/brain_masked_cropped_2mo_normalized_to_common_space/_subject_id_ICC255/_referencetype_standard/_run_003_session_1_task_name_videos/sub-ICC255_ses-1_task-videos_dir-AP_run-003_bold_mcf_corrected_flirt.nii.gz,"(60, 72, 56, 485)",485,16.3,
ok,ICC253,1,001,rest10,/lustre/disk/home/shared/cusacklab/foundcog/bids/derivatives/normalized_to_common_space/_subject_id_ICC253/_referencetype_standard/_run_001_session_1_task_name_rest10/sub-ICC253_ses-1_task-rest10_dir-AP_run-001_bold_mcf_corrected_flirt.nii.gz,/lustre/disk/home/shared/cusacklab/foundcog/bids/derivatives/faizan_motion_correction_dataset/brain_masked_cropped_2mo_normalized_to_common_space/_subject_id_ICC253/_referencetype_standard/_run_001_session_1_task_name_rest10/sub-ICC253_ses-1_task-rest10_dir-AP_run-001_bold_mcf_corrected_flirt.nii.gz,"(60, 72, 56, 1000)",1000,33.0,
ok,ICC257,1,001,videos,/lustre/disk/home/shared/cusacklab/foundcog/bids/derivatives/normalized_to_common_space/_subject_id_ICC257/_referencetype_standard/_run_001_session_1_task_name_videos/sub-ICC257_ses-1_task-videos_dir-AP_run-001_bold_mcf_corrected_flirt.nii.gz,/lustre/disk/home/shared/cusacklab/foundcog/bids/derivatives/faizan_motion_correction_dataset/brain_masked_cropped_2mo_normalized_to_common_space/_subject_id_ICC257/_referencetype_standard/_run_001_session_1_task_name_videos/sub-ICC257_ses-1_task-videos_dir-AP_run-001_bold_mcf_corrected_flirt.nii.gz,"(60, 72, 56, 485)",485,16.4,
ok,ICC37,1,002,videos,/lustre/disk/home/shared/cusacklab/foundcog/bids/derivatives/normalized_to_common_space/_subject_id_ICC37/_referencetype_standard/_run_002_session_1_task_name_videos/sub-ICC37_ses-1_task-videos_dir-AP_run-002_bold_mcf_corrected_flirt.nii.gz,/lustre/disk/home/shared/cusacklab/foundcog/bids/derivatives/faizan_motion_correction_dataset/brain_masked_cropped_2mo_normalized_to_common_space/_subject_id_ICC37/_referencetype_standard/_run_002_session_1_task_name_videos/sub-ICC37_ses-1_task-videos_dir-AP_run-002_bold_mcf_corrected_flirt.nii.gz,"(60, 72, 56, 178)",178,5.9,
ok,ICC257,2,001,videos,/lustre/disk/home/shared/cusacklab/foundcog/bids/derivatives/normalized_to_common_space/_subject_id_ICC257/_referencetype_standard/_run_001_session_2_task_name_videos/sub-ICC257_ses-2_task-videos_dir-AP_run-001_bold_mcf_corrected_flirt.nii.gz,/lustre/disk/home/shared/cusacklab/foundcog/bids/derivatives/faizan_motion_correction_dataset/brain_masked_cropped_2mo_normalized_to_common_space/_subject_id_ICC257/_referencetype_standard/_run_001_session_2_task_name_videos/sub-ICC257_ses-2_task-videos_dir-AP_run-001_bold_mcf_corrected_flirt.nii.gz,"(60, 72, 56, 409)",409,13.7,
ok,ICC43,1,001,videos,/lustre/disk/home/shared/cusacklab/foundcog/bids/derivatives/normalized_to_common_space/_subject_id_ICC43/_referencetype_standard/_run_001_session_1_task_name_videos/sub-ICC43_ses-1_task-videos_dir-AP_run-001_bold_mcf_corrected_flirt.nii.gz,/lustre/disk/home/shared/cusacklab/foundcog/bids/derivatives/faizan_motion_correction_dataset/brain_masked_cropped_2mo_normalized_to_common_space/_subject_id_ICC43/_referencetype_standard/_run_001_session_1_task_name_videos/sub-ICC43_ses-1_task-videos_dir-AP_run-001_bold_mcf_corrected_flirt.nii.gz,"(60, 72, 56, 485)",485,7.4,
ok,ICC255,1,001,rest10,/lustre/disk/home/shared/cusacklab/foundcog/bids/derivatives/normalized_to_common_space/_subject_id_ICC255/_referencetype_standard/_run_001_session_1_task_name_rest10/sub-ICC255_ses-1_task-rest10_dir-AP_run-001_bold_mcf_corrected_flirt.nii.gz,/lustre/disk/home/shared/cusacklab/foundcog/bids/derivatives/faizan_motion_correction_dataset/brain_masked_cropped_2mo_normalized_to_common_space/_subject_id_ICC255/_referencetype_standard/_run_001_session_1_task_name_rest10/sub-ICC255_ses-1_task-rest10_dir-AP_run-001_bold_mcf_corrected_flirt.nii.gz,"(60, 72, 56, 1000)",1000,33.4,
ok,ICC37,1,001,videos,/lustre/disk/home/shared/cusacklab/foundcog/bids/derivatives/normalized_to_common_space/_subject_id_ICC37/_referencetype_standard/_run_001_session_1_task_name_videos/sub-ICC37_ses-1_task-videos_dir-AP_run-001_bold_mcf_corrected_flirt.nii.gz,/lustre/disk/home/shared/cusacklab/foundcog/bids/derivatives/faizan_motion_correction_dataset/brain_masked_cropped_2mo_normalized_to_common_space/_subject_id_ICC37/_referencetype_standard/_run_001_session_1_task_name_videos/sub-ICC37_ses-1_task-videos_dir-AP_run-001_bold_mcf_corrected_flirt.nii.gz,"(60, 72, 56, 485)",485,15.7,
ok,ICC43,1,002,videos,/lustre/disk/home/shared/cusacklab/foundcog/bids/derivatives/normalized_to_common_space/_subject_id_ICC43/_referencetype_standard/_run_002_session_1_task_name_videos/sub-ICC43_ses-1_task-videos_dir-AP_run-002_bold_mcf_corrected_flirt.nii.gz,/lustre/disk/home/shared/cusacklab/foundcog/bids/derivatives/faizan_motion_correction_dataset/brain_masked_cropped_2mo_normalized_to_common_space/_subject_id_ICC43/_referencetype_standard/_run_002_session_1_task_name_videos/sub-ICC43_ses-1_task-videos_dir-AP_run-002_bold_mcf_corrected_flirt.nii.gz,"(60, 72, 56, 485)",485,7.4,
ok,ICC37,2,001,videos,/lustre/disk/home/shared/cusacklab/foundcog/bids/derivatives/normalized_to_common_space/_subject_id_ICC37/_referencetype_standard/_run_001_session_2_task_name_videos/sub-ICC37_ses-2_task-videos_dir-AP_run-001_bold_mcf_corrected_flirt.nii.gz,/lustre/disk/home/shared/cusacklab/foundcog/bids/derivatives/faizan_motion_correction_dataset/brain_masked_cropped_2mo_normalized_to_common_space/_subject_id_ICC37/_referencetype_standard/_run_001_session_2_task_name_videos/sub-ICC37_ses-2_task-videos_dir-AP_run-001_bold_mcf_corrected_flirt.nii.gz,"(60, 72, 56, 485)",485,15.9,
ok,ICC47,1,004,videos,/lustre/disk/home/shared/cusacklab/foundcog/bids/derivatives/normalized_to_common_space/_subject_id_ICC47/_referencetype_standard/_run_004_session_1_task_name_videos/sub-ICC47_ses-1_task-videos_dir-AP_run-004_bold_mcf_corrected_flirt.nii.gz,/lustre/disk/home/shared/cusacklab/foundcog/bids/derivatives/faizan_motion_correction_dataset/brain_masked_cropped_2mo_normalized_to_common_space/_subject_id_ICC47/_referencetype_standard/_run_004_session_1_task_name_videos/sub-ICC47_ses-1_task-videos_dir-AP_run-004_bold_mcf_corrected_flirt.nii.gz,"(60, 72, 56, 76)",76,2.7,
ok,ICC47,1,002,videos,/lustre/disk/home/shared/cusacklab/foundcog/bids/derivatives/normalized_to_common_space/_subject_id_ICC47/_referencetype_standard/_run_002_session_1_task_name_videos/sub-ICC47_ses-1_task-videos_dir-AP_run-002_bold_mcf_corrected_flirt.nii.gz,/lustre/disk/home/shared/cusacklab/foundcog/bids/derivatives/faizan_motion_correction_dataset/brain_masked_cropped_2mo_normalized_to_common_space/_subject_id_ICC47/_referencetype_standard/_run_002_session_1_task_name_videos/sub-ICC47_ses-1_task-videos_dir-AP_run-002_bold_mcf_corrected_flirt.nii.gz,"(60, 72, 56, 150)",150,5.1,
ok,ICC257,1,001,rest10,/lustre/disk/home/shared/cusacklab/foundcog/bids/derivatives/normalized_to_common_space/_subject_id_ICC257/_referencetype_standard/_run_001_session_1_task_name_rest10/sub-ICC257_ses-1_task-rest10_dir-AP_run-001_bold_mcf_corrected_flirt.nii.gz,/lustre/disk/home/shared/cusacklab/foundcog/bids/derivatives/faizan_motion_correction_dataset/brain_masked_cropped_2mo_normalized_to_common_space/_subject_id_ICC257/_referencetype_standard/_run_001_session_1_task_name_rest10/sub-ICC257_ses-1_task-rest10_dir-AP_run-001_bold_mcf_corrected_flirt.nii.gz,"(60, 72, 56, 1000)",1000,33.4,
ok,ICC51,1,002,videos,/lustre/disk/home/shared/cusacklab/foundcog/bids/derivatives/normalized_to_common_space/_subject_id_ICC51/_referencetype_standard/_run_002_session_1_task_name_videos/sub-ICC51_ses-1_task-videos_dir-AP_run-002_bold_mcf_corrected_flirt.nii.gz,/lustre/disk/home/shared/cusacklab/foundcog/bids/derivatives/faizan_motion_correction_dataset/brain_masked_cropped_2mo_normalized_to_common_space/_subject_id_ICC51/_referencetype_standard/_run_002_session_1_task_name_videos/sub-ICC51_ses-1_task-videos_dir-AP_run-002_bold_mcf_corrected_flirt.nii.gz,"(60, 72, 56, 146)",146,2.3,
ok,ICC51,1,001,videos,/lustre/disk/home/shared/cusacklab/foundcog/bids/derivatives/normalized_to_common_space/_subject_id_ICC51/_referencetype_standard/_run_001_session_1_task_name_videos/sub-ICC51_ses-1_task-videos_dir-AP_run-001_bold_mcf_corrected_flirt.nii.gz,/lustre/disk/home/shared/cusacklab/foundcog/bids/derivatives/faizan_motion_correction_dataset/brain_masked_cropped_2mo_normalized_to_common_space/_subject_id_ICC51/_referencetype_standard/_run_001_session_1_task_name_videos/sub-ICC51_ses-1_task-videos_dir-AP_run-001_bold_mcf_corrected_flirt.nii.gz,"(60, 72, 56, 485)",485,7.4,
ok,ICC51,2,001,videos,/lustre/disk/home/shared/cusacklab/foundcog/bids/derivatives/normalized_to_common_space/_subject_id_ICC51/_referencetype_standard/_run_001_session_2_task_name_videos/sub-ICC51_ses-2_task-videos_dir-AP_run-001_bold_mcf_corrected_flirt.nii.gz,/lustre/disk/home/shared/cusacklab/foundcog/bids/derivatives/faizan_motion_correction_dataset/brain_masked_cropped_2mo_normalized_to_common_space/_subject_id_ICC51/_referencetype_standard/_run_001_session_2_task_name_videos/sub-ICC51_ses-2_task-videos_dir-AP_run-001_bold_mcf_corrected_flirt.nii.gz,"(60, 72, 56, 485)",485,7.4,
ok,ICC47,1,001,videos,/lustre/disk/home/shared/cusacklab/foundcog/bids/derivatives/normalized_to_common_space/_subject_id_ICC47/_referencetype_standard/_run_001_session_1_task_name_videos/sub-ICC47_ses-1_task-videos_dir-AP_run-001_bold_mcf_corrected_flirt.nii.gz,/lustre/disk/home/shared/cusacklab/foundcog/bids/derivatives/faizan_motion_correction_dataset/brain_masked_cropped_2mo_normalized_to_common_space/_subject_id_ICC47/_referencetype_standard/_run_001_session_1_task_name_videos/sub-ICC47_ses-1_task-videos_dir-AP_run-001_bold_mcf_corrected_flirt.nii.gz,"(60, 72, 56, 485)",485,16.2,
ok,ICC47,1,003,videos,/lustre/disk/home/shared/cusacklab/foundcog/bids/derivatives/normalized_to_common_space/_subject_id_ICC47/_referencetype_standard/_run_003_session_1_task_name_videos/sub-ICC47_ses-1_task-videos_dir-AP_run-003_bold_mcf_corrected_flirt.nii.gz,/lustre/disk/home/shared/cusacklab/foundcog/bids/derivatives/faizan_motion_correction_dataset/brain_masked_cropped_2mo_normalized_to_common_space/_subject_id_ICC47/_referencetype_standard/_run_003_session_1_task_name_videos/sub-ICC47_ses-1_task-videos_dir-AP_run-003_bold_mcf_corrected_flirt.nii.gz,"(60, 72, 56, 485)",485,16.1,
ok,ICC37,1,001,rest10,/lustre/disk/home/shared/cusacklab/foundcog/bids/derivatives/normalized_to_common_space/_subject_id_ICC37/_referencetype_standard/_run_001_session_1_task_name_rest10/sub-ICC37_ses-1_task-rest10_dir-AP_run-001_bold_mcf_corrected_flirt.nii.gz,/lustre/disk/home/shared/cusacklab/foundcog/bids/derivatives/faizan_motion_correction_dataset/brain_masked_cropped_2mo_normalized_to_common_space/_subject_id_ICC37/_referencetype_standard/_run_001_session_1_task_name_rest10/sub-ICC37_ses-1_task-rest10_dir-AP_run-001_bold_mcf_corrected_flirt.nii.gz,"(60, 72, 56, 1000)",1000,32.3,
ok,ICC51,2,001,rest10,/lustre/disk/home/shared/cusacklab/foundcog/bids/derivatives/normalized_to_common_space/_subject_id_ICC51/_referencetype_standard/_run_001_session_2_task_name_rest10/sub-ICC51_ses-2_task-rest10_dir-AP_run-001_bold_mcf_corrected_flirt.nii.gz,/lustre/disk/home/shared/cusacklab/foundcog/bids/derivatives/faizan_motion_correction_dataset/brain_masked_cropped_2mo_normalized_to_common_space/_subject_id_ICC51/_referencetype_standard/_run_001_session_2_task_name_rest10/sub-ICC51_ses-2_task-rest10_dir-AP_run-001_bold_mcf_corrected_flirt.nii.gz,"(60, 72, 56, 1000)",1000,15.0,
ok,ICC53,2,002,videos,/lustre/disk/home/shared/cusacklab/foundcog/bids/derivatives/normalized_to_common_space/_subject_id_ICC53/_referencetype_standard/_run_002_session_2_task_name_videos/sub-ICC53_ses-2_task-videos_dir-AP_run-002_bold_mcf_corrected_flirt.nii.gz,/lustre/disk/home/shared/cusacklab/foundcog/bids/derivatives/faizan_motion_correction_dataset/brain_masked_cropped_2mo_normalized_to_common_space/_subject_id_ICC53/_referencetype_standard/_run_002_session_2_task_name_videos/sub-ICC53_ses-2_task-videos_dir-AP_run-002_bold_mcf_corrected_flirt.nii.gz,"(60, 72, 56, 141)",141,4.7,
ok,ICC55,1,001,videos,/lustre/disk/home/shared/cusacklab/foundcog/bids/derivatives/normalized_to_common_space/_subject_id_ICC55/_referencetype_standard/_run_001_session_1_task_name_videos/sub-ICC55_ses-1_task-videos_dir-AP_run-001_bold_mcf_corrected_flirt.nii.gz,/lustre/disk/home/shared/cusacklab/foundcog/bids/derivatives/faizan_motion_correction_dataset/brain_masked_cropped_2mo_normalized_to_common_space/_subject_id_ICC55/_referencetype_standard/_run_001_session_1_task_name_videos/sub-ICC55_ses-1_task-videos_dir-AP_run-001_bold_mcf_corrected_flirt.nii.gz,"(60, 72, 56, 172)",172,6.0,
ok,ICC53,1,001,videos,/lustre/disk/home/shared/cusacklab/foundcog/bids/derivatives/normalized_to_common_space/_subject_id_ICC53/_referencetype_standard/_run_001_session_1_task_name_videos/sub-ICC53_ses-1_task-videos_dir-AP_run-001_bold_mcf_corrected_flirt.nii.gz,/lustre/disk/home/shared/cusacklab/foundcog/bids/derivatives/faizan_motion_correction_dataset/brain_masked_cropped_2mo_normalized_to_common_space/_subject_id_ICC53/_referencetype_standard/_run_001_session_1_task_name_videos/sub-ICC53_ses-1_task-videos_dir-AP_run-001_bold_mcf_corrected_flirt.nii.gz,"(60, 72, 56, 485)",485,15.7,
ok,ICC47,1,001,rest10,/lustre/disk/home/shared/cusacklab/foundcog/bids/derivatives/normalized_to_common_space/_subject_id_ICC47/_referencetype_standard/_run_001_session_1_task_name_rest10/sub-ICC47_ses-1_task-rest10_dir-AP_run-001_bold_mcf_corrected_flirt.nii.gz,/lustre/disk/home/shared/cusacklab/foundcog/bids/derivatives/faizan_motion_correction_dataset/brain_masked_cropped_2mo_normalized_to_common_space/_subject_id_ICC47/_referencetype_standard/_run_001_session_1_task_name_rest10/sub-ICC47_ses-1_task-rest10_dir-AP_run-001_bold_mcf_corrected_flirt.nii.gz,"(60, 72, 56, 1000)",1000,33.5,
ok,ICC53,2,001,videos,/lustre/disk/home/shared/cusacklab/foundcog/bids/derivatives/normalized_to_common_space/_subject_id_ICC53/_referencetype_standard/_run_001_session_2_task_name_videos/sub-ICC53_ses-2_task-videos_dir-AP_run-001_bold_mcf_corrected_flirt.nii.gz,/lustre/disk/home/shared/cusacklab/foundcog/bids/derivatives/faizan_motion_correction_dataset/brain_masked_cropped_2mo_normalized_to_common_space/_subject_id_ICC53/_referencetype_standard/_run_001_session_2_task_name_videos/sub-ICC53_ses-2_task-videos_dir-AP_run-001_bold_mcf_corrected_flirt.nii.gz,"(60, 72, 56, 485)",485,15.8,
ok,ICC53,1,002,videos,/lustre/disk/home/shared/cusacklab/foundcog/bids/derivatives/normalized_to_common_space/_subject_id_ICC53/_referencetype_standard/_run_002_session_1_task_name_videos/sub-ICC53_ses-1_task-videos_dir-AP_run-002_bold_mcf_corrected_flirt.nii.gz,/lustre/disk/home/shared/cusacklab/foundcog/bids/derivatives/faizan_motion_correction_dataset/brain_masked_cropped_2mo_normalized_to_common_space/_subject_id_ICC53/_referencetype_standard/_run_002_session_1_task_name_videos/sub-ICC53_ses-1_task-videos_dir-AP_run-002_bold_mcf_corrected_flirt.nii.gz,"(60, 72, 56, 485)",485,15.8,
ok,ICC57,1,001,videos,/lustre/disk/home/shared/cusacklab/foundcog/bids/derivatives/normalized_to_common_space/_subject_id_ICC57/_referencetype_standard/_run_001_session_1_task_name_videos/sub-ICC57_ses-1_task-videos_dir-AP_run-001_bold_mcf_corrected_flirt.nii.gz,/lustre/disk/home/shared/cusacklab/foundcog/bids/derivatives/faizan_motion_correction_dataset/brain_masked_cropped_2mo_normalized_to_common_space/_subject_id_ICC57/_referencetype_standard/_run_001_session_1_task_name_videos/sub-ICC57_ses-1_task-videos_dir-AP_run-001_bold_mcf_corrected_flirt.nii.gz,"(60, 72, 56, 485)",485,7.5,
ok,ICC57,1,002,videos,/lustre/disk/home/shared/cusacklab/foundcog/bids/derivatives/normalized_to_common_space/_subject_id_ICC57/_referencetype_standard/_run_002_session_1_task_name_videos/sub-ICC57_ses-1_task-videos_dir-AP_run-002_bold_mcf_corrected_flirt.nii.gz,/lustre/disk/home/shared/cusacklab/foundcog/bids/derivatives/faizan_motion_correction_dataset/brain_masked_cropped_2mo_normalized_to_common_space/_subject_id_ICC57/_referencetype_standard/_run_002_session_1_task_name_videos/sub-ICC57_ses-1_task-videos_dir-AP_run-002_bold_mcf_corrected_flirt.nii.gz,"(60, 72, 56, 485)",485,7.5,
ok,ICC59,1,001,videos,/lustre/disk/home/shared/cusacklab/foundcog/bids/derivatives/normalized_to_common_space/_subject_id_ICC59/_referencetype_standard/_run_001_session_1_task_name_videos/sub-ICC59_ses-1_task-videos_dir-AP_run-001_bold_mcf_corrected_flirt.nii.gz,/lustre/disk/home/shared/cusacklab/foundcog/bids/derivatives/faizan_motion_correction_dataset/brain_masked_cropped_2mo_normalized_to_common_space/_subject_id_ICC59/_referencetype_standard/_run_001_session_1_task_name_videos/sub-ICC59_ses-1_task-videos_dir-AP_run-001_bold_mcf_corrected_flirt.nii.gz,"(60, 72, 56, 148)",148,4.7,
ok,ICC55,2,001,videos,/lustre/disk/home/shared/cusacklab/foundcog/bids/derivatives/normalized_to_common_space/_subject_id_ICC55/_referencetype_standard/_run_001_session_2_task_name_videos/sub-ICC55_ses-2_task-videos_dir-AP_run-001_bold_mcf_corrected_flirt.nii.gz,/lustre/disk/home/shared/cusacklab/foundcog/bids/derivatives/faizan_motion_correction_dataset/brain_masked_cropped_2mo_normalized_to_common_space/_subject_id_ICC55/_referencetype_standard/_run_001_session_2_task_name_videos/sub-ICC55_ses-2_task-videos_dir-AP_run-001_bold_mcf_corrected_flirt.nii.gz,"(60, 72, 56, 485)",485,15.9,
ok,ICC53,1,001,rest10,/lustre/disk/home/shared/cusacklab/foundcog/bids/derivatives/normalized_to_common_space/_subject_id_ICC53/_referencetype_standard/_run_001_session_1_task_name_rest10/sub-ICC53_ses-1_task-rest10_dir-AP_run-001_bold_mcf_corrected_flirt.nii.gz,/lustre/disk/home/shared/cusacklab/foundcog/bids/derivatives/faizan_motion_correction_dataset/brain_masked_cropped_2mo_normalized_to_common_space/_subject_id_ICC53/_referencetype_standard/_run_001_session_1_task_name_rest10/sub-ICC53_ses-1_task-rest10_dir-AP_run-001_bold_mcf_corrected_flirt.nii.gz,"(60, 72, 56, 1000)",1000,32.4,
ok,ICC55,2,002,videos,/lustre/disk/home/shared/cusacklab/foundcog/bids/derivatives/normalized_to_common_space/_subject_id_ICC55/_referencetype_standard/_run_002_session_2_task_name_videos/sub-ICC55_ses-2_task-videos_dir-AP_run-002_bold_mcf_corrected_flirt.nii.gz,/lustre/disk/home/shared/cusacklab/foundcog/bids/derivatives/faizan_motion_correction_dataset/brain_masked_cropped_2mo_normalized_to_common_space/_subject_id_ICC55/_referencetype_standard/_run_002_session_2_task_name_videos/sub-ICC55_ses-2_task-videos_dir-AP_run-002_bold_mcf_corrected_flirt.nii.gz,"(60, 72, 56, 485)",485,16.0,
ok,ICC55,2,003,videos,/lustre/disk/home/shared/cusacklab/foundcog/bids/derivatives/normalized_to_common_space/_subject_id_ICC55/_referencetype_standard/_run_003_session_2_task_name_videos/sub-ICC55_ses-2_task-videos_dir-AP_run-003_bold_mcf_corrected_flirt.nii.gz,/lustre/disk/home/shared/cusacklab/foundcog/bids/derivatives/faizan_motion_correction_dataset/brain_masked_cropped_2mo_normalized_to_common_space/_subject_id_ICC55/_referencetype_standard/_run_003_session_2_task_name_videos/sub-ICC55_ses-2_task-videos_dir-AP_run-003_bold_mcf_corrected_flirt.nii.gz,"(60, 72, 56, 485)",485,16.0,
ok,ICC55,1,001,rest10,/lustre/disk/home/shared/cusacklab/foundcog/bids/derivatives/normalized_to_common_space/_subject_id_ICC55/_referencetype_standard/_run_001_session_1_task_name_rest10/sub-ICC55_ses-1_task-rest10_dir-AP_run-001_bold_mcf_corrected_flirt.nii.gz,/lustre/disk/home/shared/cusacklab/foundcog/bids/derivatives/faizan_motion_correction_dataset/brain_masked_cropped_2mo_normalized_to_common_space/_subject_id_ICC55/_referencetype_standard/_run_001_session_1_task_name_rest10/sub-ICC55_ses-1_task-rest10_dir-AP_run-001_bold_mcf_corrected_flirt.nii.gz,"(60, 72, 56, 1000)",1000,33.7,
ok,ICC59,1,002,videos,/lustre/disk/home/shared/cusacklab/foundcog/bids/derivatives/normalized_to_common_space/_subject_id_ICC59/_referencetype_standard/_run_002_session_1_task_name_videos/sub-ICC59_ses-1_task-videos_dir-AP_run-002_bold_mcf_corrected_flirt.nii.gz,/lustre/disk/home/shared/cusacklab/foundcog/bids/derivatives/faizan_motion_correction_dataset/brain_masked_cropped_2mo_normalized_to_common_space/_subject_id_ICC59/_referencetype_standard/_run_002_session_1_task_name_videos/sub-ICC59_ses-1_task-videos_dir-AP_run-002_bold_mcf_corrected_flirt.nii.gz,"(60, 72, 56, 485)",485,15.8,
ok,ICC63,1,001,videos,/lustre/disk/home/shared/cusacklab/foundcog/bids/derivatives/normalized_to_common_space/_subject_id_ICC63/_referencetype_standard/_run_001_session_1_task_name_videos/sub-ICC63_ses-1_task-videos_dir-AP_run-001_bold_mcf_corrected_flirt.nii.gz,/lustre/disk/home/shared/cusacklab/foundcog/bids/derivatives/faizan_motion_correction_dataset/brain_masked_cropped_2mo_normalized_to_common_space/_subject_id_ICC63/_referencetype_standard/_run_001_session_1_task_name_videos/sub-ICC63_ses-1_task-videos_dir-AP_run-001_bold_mcf_corrected_flirt.nii.gz,"(60, 72, 56, 485)",485,16.6,
ok,ICC63,1,002,videos,/lustre/disk/home/shared/cusacklab/foundcog/bids/derivatives/normalized_to_common_space/_subject_id_ICC63/_referencetype_standard/_run_002_session_1_task_name_videos/sub-ICC63_ses-1_task-videos_dir-AP_run-002_bold_mcf_corrected_flirt.nii.gz,/lustre/disk/home/shared/cusacklab/foundcog/bids/derivatives/faizan_motion_correction_dataset/brain_masked_cropped_2mo_normalized_to_common_space/_subject_id_ICC63/_referencetype_standard/_run_002_session_1_task_name_videos/sub-ICC63_ses-1_task-videos_dir-AP_run-002_bold_mcf_corrected_flirt.nii.gz,"(60, 72, 56, 485)",485,16.5,
ok,ICC63,1,003,videos,/lustre/disk/home/shared/cusacklab/foundcog/bids/derivatives/normalized_to_common_space/_subject_id_ICC63/_referencetype_standard/_run_003_session_1_task_name_videos/sub-ICC63_ses-1_task-videos_dir-AP_run-003_bold_mcf_corrected_flirt.nii.gz,/lustre/disk/home/shared/cusacklab/foundcog/bids/derivatives/faizan_motion_correction_dataset/brain_masked_cropped_2mo_normalized_to_common_space/_subject_id_ICC63/_referencetype_standard/_run_003_session_1_task_name_videos/sub-ICC63_ses-1_task-videos_dir-AP_run-003_bold_mcf_corrected_flirt.nii.gz,"(60, 72, 56, 485)",485,16.3,
ok,ICC7,1,001,videos,/lustre/disk/home/shared/cusacklab/foundcog/bids/derivatives/normalized_to_common_space/_subject_id_ICC7/_referencetype_standard/_run_001_session_1_task_name_videos/sub-ICC7_ses-1_task-videos_dir-AP_run-001_bold_mcf_corrected_flirt.nii.gz,/lustre/disk/home/shared/cusacklab/foundcog/bids/derivatives/faizan_motion_correction_dataset/brain_masked_cropped_2mo_normalized_to_common_space/_subject_id_ICC7/_referencetype_standard/_run_001_session_1_task_name_videos/sub-ICC7_ses-1_task-videos_dir-AP_run-001_bold_mcf_corrected_flirt.nii.gz,"(60, 72, 56, 485)",485,16.0,
ok,ICC7,2,001,rest10,/lustre/disk/home/shared/cusacklab/foundcog/bids/derivatives/normalized_to_common_space/_subject_id_ICC7/_referencetype_standard/_run_001_session_2_task_name_rest10/sub-ICC7_ses-2_task-rest10_dir-AP_run-001_bold_mcf_corrected_flirt.nii.gz,/lustre/disk/home/shared/cusacklab/foundcog/bids/derivatives/faizan_motion_correction_dataset/brain_masked_cropped_2mo_normalized_to_common_space/_subject_id_ICC7/_referencetype_standard/_run_001_session_2_task_name_rest10/sub-ICC7_ses-2_task-rest10_dir-AP_run-001_bold_mcf_corrected_flirt.nii.gz,"(60, 72, 56, 371)",371,12.2,
ok,ICC7,1,002,videos,/lustre/disk/home/shared/cusacklab/foundcog/bids/derivatives/normalized_to_common_space/_subject_id_ICC7/_referencetype_standard/_run_002_session_1_task_name_videos/sub-ICC7_ses-1_task-videos_dir-AP_run-002_bold_mcf_corrected_flirt.nii.gz,/lustre/disk/home/shared/cusacklab/foundcog/bids/derivatives/faizan_motion_correction_dataset/brain_masked_cropped_2mo_normalized_to_common_space/_subject_id_ICC7/_referencetype_standard/_run_002_session_1_task_name_videos/sub-ICC7_ses-1_task-videos_dir-AP_run-002_bold_mcf_corrected_flirt.nii.gz,"(60, 72, 56, 485)",485,16.0,
ok,ICC59,2,001,rest10,/lustre/disk/home/shared/cusacklab/foundcog/bids/derivatives/normalized_to_common_space/_subject_id_ICC59/_referencetype_standard/_run_001_session_2_task_name_rest10/sub-ICC59_ses-2_task-rest10_dir-AP_run-001_bold_mcf_corrected_flirt.nii.gz,/lustre/disk/home/shared/cusacklab/foundcog/bids/derivatives/faizan_motion_correction_dataset/brain_masked_cropped_2mo_normalized_to_common_space/_subject_id_ICC59/_referencetype_standard/_run_001_session_2_task_name_rest10/sub-ICC59_ses-2_task-rest10_dir-AP_run-001_bold_mcf_corrected_flirt.nii.gz,"(60, 72, 56, 1000)",1000,32.9,
ok,ICC81,2,001,videos,/lustre/disk/home/shared/cusacklab/foundcog/bids/derivatives/normalized_to_common_space/_subject_id_ICC81/_referencetype_standard/_run_001_session_2_task_name_videos/sub-ICC81_ses-2_task-videos_dir-AP_run-001_bold_mcf_corrected_flirt.nii.gz,/lustre/disk/home/shared/cusacklab/foundcog/bids/derivatives/faizan_motion_correction_dataset/brain_masked_cropped_2mo_normalized_to_common_space/_subject_id_ICC81/_referencetype_standard/_run_001_session_2_task_name_videos/sub-ICC81_ses-2_task-videos_dir-AP_run-001_bold_mcf_corrected_flirt.nii.gz,"(60, 72, 56, 59)",59,2.0,
ok,ICC63,1,001,rest10,/lustre/disk/home/shared/cusacklab/foundcog/bids/derivatives/normalized_to_common_space/_subject_id_ICC63/_referencetype_standard/_run_001_session_1_task_name_rest10/sub-ICC63_ses-1_task-rest10_dir-AP_run-001_bold_mcf_corrected_flirt.nii.gz,/lustre/disk/home/shared/cusacklab/foundcog/bids/derivatives/faizan_motion_correction_dataset/brain_masked_cropped_2mo_normalized_to_common_space/_subject_id_ICC63/_referencetype_standard/_run_001_session_1_task_name_rest10/sub-ICC63_ses-1_task-rest10_dir-AP_run-001_bold_mcf_corrected_flirt.nii.gz,"(60, 72, 56, 1000)",1000,34.0,
ok,ICC75,1,001,videos,/lustre/disk/home/shared/cusacklab/foundcog/bids/derivatives/normalized_to_common_space/_subject_id_ICC75/_referencetype_standard/_run_001_session_1_task_name_videos/sub-ICC75_ses-1_task-videos_dir-AP_run-001_bold_mcf_corrected_flirt.nii.gz,/lustre/disk/home/shared/cusacklab/foundcog/bids/derivatives/faizan_motion_correction_dataset/brain_masked_cropped_2mo_normalized_to_common_space/_subject_id_ICC75/_referencetype_standard/_run_001_session_1_task_name_videos/sub-ICC75_ses-1_task-videos_dir-AP_run-001_bold_mcf_corrected_flirt.nii.gz,"(60, 72, 56, 485)",485,16.0,
ok,ICC75,1,002,videos,/lustre/disk/home/shared/cusacklab/foundcog/bids/derivatives/normalized_to_common_space/_subject_id_ICC75/_referencetype_standard/_run_002_session_1_task_name_videos/sub-ICC75_ses-1_task-videos_dir-AP_run-002_bold_mcf_corrected_flirt.nii.gz,/lustre/disk/home/shared/cusacklab/foundcog/bids/derivatives/faizan_motion_correction_dataset/brain_masked_cropped_2mo_normalized_to_common_space/_subject_id_ICC75/_referencetype_standard/_run_002_session_1_task_name_videos/sub-ICC75_ses-1_task-videos_dir-AP_run-002_bold_mcf_corrected_flirt.nii.gz,"(60, 72, 56, 485)",485,16.0,
ok,ICC81,1,001,videos,/lustre/disk/home/shared/cusacklab/foundcog/bids/derivatives/normalized_to_common_space/_subject_id_ICC81/_referencetype_standard/_run_001_session_1_task_name_videos/sub-ICC81_ses-1_task-videos_dir-AP_run-001_bold_mcf_corrected_flirt.nii.gz,/lustre/disk/home/shared/cusacklab/foundcog/bids/derivatives/faizan_motion_correction_dataset/brain_masked_cropped_2mo_normalized_to_common_space/_subject_id_ICC81/_referencetype_standard/_run_001_session_1_task_name_videos/sub-ICC81_ses-1_task-videos_dir-AP_run-001_bold_mcf_corrected_flirt.nii.gz,"(60, 72, 56, 485)",485,15.8,
ok,ICC85,1,001,videos,/lustre/disk/home/shared/cusacklab/foundcog/bids/derivatives/normalized_to_common_space/_subject_id_ICC85/_referencetype_standard/_run_001_session_1_task_name_videos/sub-ICC85_ses-1_task-videos_dir-AP_run-001_bold_mcf_corrected_flirt.nii.gz,/lustre/disk/home/shared/cusacklab/foundcog/bids/derivatives/faizan_motion_correction_dataset/brain_masked_cropped_2mo_normalized_to_common_space/_subject_id_ICC85/_referencetype_standard/_run_001_session_1_task_name_videos/sub-ICC85_ses-1_task-videos_dir-AP_run-001_bold_mcf_corrected_flirt.nii.gz,"(60, 72, 56, 302)",302,10.2,
ok,ICC81,1,002,videos,/lustre/disk/home/shared/cusacklab/foundcog/bids/derivatives/normalized_to_common_space/_subject_id_ICC81/_referencetype_standard/_run_002_session_1_task_name_videos/sub-ICC81_ses-1_task-videos_dir-AP_run-002_bold_mcf_corrected_flirt.nii.gz,/lustre/disk/home/shared/cusacklab/foundcog/bids/derivatives/faizan_motion_correction_dataset/brain_masked_cropped_2mo_normalized_to_common_space/_subject_id_ICC81/_referencetype_standard/_run_002_session_1_task_name_videos/sub-ICC81_ses-1_task-videos_dir-AP_run-002_bold_mcf_corrected_flirt.nii.gz,"(60, 72, 56, 485)",485,15.7,
ok,ICC75,1,001,rest10,/lustre/disk/home/shared/cusacklab/foundcog/bids/derivatives/normalized_to_common_space/_subject_id_ICC75/_referencetype_standard/_run_001_session_1_task_name_rest10/sub-ICC75_ses-1_task-rest10_dir-AP_run-001_bold_mcf_corrected_flirt.nii.gz,/lustre/disk/home/shared/cusacklab/foundcog/bids/derivatives/faizan_motion_correction_dataset/brain_masked_cropped_2mo_normalized_to_common_space/_subject_id_ICC75/_referencetype_standard/_run_001_session_1_task_name_rest10/sub-ICC75_ses-1_task-rest10_dir-AP_run-001_bold_mcf_corrected_flirt.nii.gz,"(60, 72, 56, 1000)",1000,32.6,
ok,ICC83,1,001,videos,/lustre/disk/home/shared/cusacklab/foundcog/bids/derivatives/normalized_to_common_space/_subject_id_ICC83/_referencetype_standard/_run_001_session_1_task_name_videos/sub-ICC83_ses-1_task-videos_dir-AP_run-001_bold_mcf_corrected_flirt.nii.gz,/lustre/disk/home/shared/cusacklab/foundcog/bids/derivatives/faizan_motion_correction_dataset/brain_masked_cropped_2mo_normalized_to_common_space/_subject_id_ICC83/_referencetype_standard/_run_001_session_1_task_name_videos/sub-ICC83_ses-1_task-videos_dir-AP_run-001_bold_mcf_corrected_flirt.nii.gz,"(60, 72, 56, 485)",485,16.3,
ok,ICC83,1,002,videos,/lustre/disk/home/shared/cusacklab/foundcog/bids/derivatives/normalized_to_common_space/_subject_id_ICC83/_referencetype_standard/_run_002_session_1_task_name_videos/sub-ICC83_ses-1_task-videos_dir-AP_run-002_bold_mcf_corrected_flirt.nii.gz,/lustre/disk/home/shared/cusacklab/foundcog/bids/derivatives/faizan_motion_correction_dataset/brain_masked_cropped_2mo_normalized_to_common_space/_subject_id_ICC83/_referencetype_standard/_run_002_session_1_task_name_videos/sub-ICC83_ses-1_task-videos_dir-AP_run-002_bold_mcf_corrected_flirt.nii.gz,"(60, 72, 56, 485)",485,16.1,
ok,ICC81,2,001,rest10,/lustre/disk/home/shared/cusacklab/foundcog/bids/derivatives/normalized_to_common_space/_subject_id_ICC81/_referencetype_standard/_run_001_session_2_task_name_rest10/sub-ICC81_ses-2_task-rest10_dir-AP_run-001_bold_mcf_corrected_flirt.nii.gz,/lustre/disk/home/shared/cusacklab/foundcog/bids/derivatives/faizan_motion_correction_dataset/brain_masked_cropped_2mo_normalized_to_common_space/_subject_id_ICC81/_referencetype_standard/_run_001_session_2_task_name_rest10/sub-ICC81_ses-2_task-rest10_dir-AP_run-001_bold_mcf_corrected_flirt.nii.gz,"(60, 72, 56, 1000)",1000,32.0,
ok,ICC87,1,001,videos,/lustre/disk/home/shared/cusacklab/foundcog/bids/derivatives/normalized_to_common_space/_subject_id_ICC87/_referencetype_standard/_run_001_session_1_task_name_videos/sub-ICC87_ses-1_task-videos_dir-AP_run-001_bold_mcf_corrected_flirt.nii.gz,/lustre/disk/home/shared/cusacklab/foundcog/bids/derivatives/faizan_motion_correction_dataset/brain_masked_cropped_2mo_normalized_to_common_space/_subject_id_ICC87/_referencetype_standard/_run_001_session_1_task_name_videos/sub-ICC87_ses-1_task-videos_dir-AP_run-001_bold_mcf_corrected_flirt.nii.gz,"(60, 72, 56, 379)",379,12.4,
ok,ICC85,1,002,videos,/lustre/disk/home/shared/cusacklab/foundcog/bids/derivatives/normalized_to_common_space/_subject_id_ICC85/_referencetype_standard/_run_002_session_1_task_name_videos/sub-ICC85_ses-1_task-videos_dir-AP_run-002_bold_mcf_corrected_flirt.nii.gz,/lustre/disk/home/shared/cusacklab/foundcog/bids/derivatives/faizan_motion_correction_dataset/brain_masked_cropped_2mo_normalized_to_common_space/_subject_id_ICC85/_referencetype_standard/_run_002_session_1_task_name_videos/sub-ICC85_ses-1_task-videos_dir-AP_run-002_bold_mcf_corrected_flirt.nii.gz,"(60, 72, 56, 485)",485,16.0,
ok,ICC87,1,002,videos,/lustre/disk/home/shared/cusacklab/foundcog/bids/derivatives/normalized_to_common_space/_subject_id_ICC87/_referencetype_standard/_run_002_session_1_task_name_videos/sub-ICC87_ses-1_task-videos_dir-AP_run-002_bold_mcf_corrected_flirt.nii.gz,/lustre/disk/home/shared/cusacklab/foundcog/bids/derivatives/faizan_motion_correction_dataset/brain_masked_cropped_2mo_normalized_to_common_space/_subject_id_ICC87/_referencetype_standard/_run_002_session_1_task_name_videos/sub-ICC87_ses-1_task-videos_dir-AP_run-002_bold_mcf_corrected_flirt.nii.gz,"(60, 72, 56, 485)",485,15.4,
ok,ICC83,1,001,rest10,/lustre/disk/home/shared/cusacklab/foundcog/bids/derivatives/normalized_to_common_space/_subject_id_ICC83/_referencetype_standard/_run_001_session_1_task_name_rest10/sub-ICC83_ses-1_task-rest10_dir-AP_run-001_bold_mcf_corrected_flirt.nii.gz,/lustre/disk/home/shared/cusacklab/foundcog/bids/derivatives/faizan_motion_correction_dataset/brain_masked_cropped_2mo_normalized_to_common_space/_subject_id_ICC83/_referencetype_standard/_run_001_session_1_task_name_rest10/sub-ICC83_ses-1_task-rest10_dir-AP_run-001_bold_mcf_corrected_flirt.nii.gz,"(60, 72, 56, 1000)",1000,32.6,
ok,ICC87,1,003,videos,/lustre/disk/home/shared/cusacklab/foundcog/bids/derivatives/normalized_to_common_space/_subject_id_ICC87/_referencetype_standard/_run_003_session_1_task_name_videos/sub-ICC87_ses-1_task-videos_dir-AP_run-003_bold_mcf_corrected_flirt.nii.gz,/lustre/disk/home/shared/cusacklab/foundcog/bids/derivatives/faizan_motion_correction_dataset/brain_masked_cropped_2mo_normalized_to_common_space/_subject_id_ICC87/_referencetype_standard/_run_003_session_1_task_name_videos/sub-ICC87_ses-1_task-videos_dir-AP_run-003_bold_mcf_corrected_flirt.nii.gz,"(60, 72, 56, 485)",485,15.4,
ok,ICC85,1,001,rest10,/lustre/disk/home/shared/cusacklab/foundcog/bids/derivatives/normalized_to_common_space/_subject_id_ICC85/_referencetype_standard/_run_001_session_1_task_name_rest10/sub-ICC85_ses-1_task-rest10_dir-AP_run-001_bold_mcf_corrected_flirt.nii.gz,/lustre/disk/home/shared/cusacklab/foundcog/bids/derivatives/faizan_motion_correction_dataset/brain_masked_cropped_2mo_normalized_to_common_space/_subject_id_ICC85/_referencetype_standard/_run_001_session_1_task_name_rest10/sub-ICC85_ses-1_task-rest10_dir-AP_run-001_bold_mcf_corrected_flirt.nii.gz,"(60, 72, 56, 1000)",1000,33.4,
ok,ICC89,1,001,videos,/lustre/disk/home/shared/cusacklab/foundcog/bids/derivatives/normalized_to_common_space/_subject_id_ICC89/_referencetype_standard/_run_001_session_1_task_name_videos/sub-ICC89_ses-1_task-videos_dir-AP_run-001_bold_mcf_corrected_flirt.nii.gz,/lustre/disk/home/shared/cusacklab/foundcog/bids/derivatives/faizan_motion_correction_dataset/brain_masked_cropped_2mo_normalized_to_common_space/_subject_id_ICC89/_referencetype_standard/_run_001_session_1_task_name_videos/sub-ICC89_ses-1_task-videos_dir-AP_run-001_bold_mcf_corrected_flirt.nii.gz,"(60, 72, 56, 485)",485,15.6,
ok,ICC91,1,001,videos,/lustre/disk/home/shared/cusacklab/foundcog/bids/derivatives/normalized_to_common_space/_subject_id_ICC91/_referencetype_standard/_run_001_session_1_task_name_videos/sub-ICC91_ses-1_task-videos_dir-AP_run-001_bold_mcf_corrected_flirt.nii.gz,/lustre/disk/home/shared/cusacklab/foundcog/bids/derivatives/faizan_motion_correction_dataset/brain_masked_cropped_2mo_normalized_to_common_space/_subject_id_ICC91/_referencetype_standard/_run_001_session_1_task_name_videos/sub-ICC91_ses-1_task-videos_dir-AP_run-001_bold_mcf_corrected_flirt.nii.gz,"(60, 72, 56, 343)",343,11.2,
ok,ICC89,2,001,videos,/lustre/disk/home/shared/cusacklab/foundcog/bids/derivatives/normalized_to_common_space/_subject_id_ICC89/_referencetype_standard/_run_001_session_2_task_name_videos/sub-ICC89_ses-2_task-videos_dir-AP_run-001_bold_mcf_corrected_flirt.nii.gz,/lustre/disk/home/shared/cusacklab/foundcog/bids/derivatives/faizan_motion_correction_dataset/brain_masked_cropped_2mo_normalized_to_common_space/_subject_id_ICC89/_referencetype_standard/_run_001_session_2_task_name_videos/sub-ICC89_ses-2_task-videos_dir-AP_run-001_bold_mcf_corrected_flirt.nii.gz,"(60, 72, 56, 485)",485,15.6,
ok,ICC89,1,002,videos,/lustre/disk/home/shared/cusacklab/foundcog/bids/derivatives/normalized_to_common_space/_subject_id_ICC89/_referencetype_standard/_run_002_session_1_task_name_videos/sub-ICC89_ses-1_task-videos_dir-AP_run-002_bold_mcf_corrected_flirt.nii.gz,/lustre/disk/home/shared/cusacklab/foundcog/bids/derivatives/faizan_motion_correction_dataset/brain_masked_cropped_2mo_normalized_to_common_space/_subject_id_ICC89/_referencetype_standard/_run_002_session_1_task_name_videos/sub-ICC89_ses-1_task-videos_dir-AP_run-002_bold_mcf_corrected_flirt.nii.gz,"(60, 72, 56, 485)",485,15.8,
ok,ICC87,2,001,rest10,/lustre/disk/home/shared/cusacklab/foundcog/bids/derivatives/normalized_to_common_space/_subject_id_ICC87/_referencetype_standard/_run_001_session_2_task_name_rest10/sub-ICC87_ses-2_task-rest10_dir-AP_run-001_bold_mcf_corrected_flirt.nii.gz,/lustre/disk/home/shared/cusacklab/foundcog/bids/derivatives/faizan_motion_correction_dataset/brain_masked_cropped_2mo_normalized_to_common_space/_subject_id_ICC87/_referencetype_standard/_run_001_session_2_task_name_rest10/sub-ICC87_ses-2_task-rest10_dir-AP_run-001_bold_mcf_corrected_flirt.nii.gz,"(60, 72, 56, 1000)",1000,33.0,
ok,ICC93,2,001,videos,/lustre/disk/home/shared/cusacklab/foundcog/bids/derivatives/normalized_to_common_space/_subject_id_ICC93/_referencetype_standard/_run_001_session_2_task_name_videos/sub-ICC93_ses-2_task-videos_dir-AP_run-001_bold_mcf_corrected_flirt.nii.gz,/lustre/disk/home/shared/cusacklab/foundcog/bids/derivatives/faizan_motion_correction_dataset/brain_masked_cropped_2mo_normalized_to_common_space/_subject_id_ICC93/_referencetype_standard/_run_001_session_2_task_name_videos/sub-ICC93_ses-2_task-videos_dir-AP_run-001_bold_mcf_corrected_flirt.nii.gz,"(60, 72, 56, 74)",74,2.4,
ok,ICC91,2,001,videos,/lustre/disk/home/shared/cusacklab/foundcog/bids/derivatives/normalized_to_common_space/_subject_id_ICC91/_referencetype_standard/_run_001_session_2_task_name_videos/sub-ICC91_ses-2_task-videos_dir-AP_run-001_bold_mcf_corrected_flirt.nii.gz,/lustre/disk/home/shared/cusacklab/foundcog/bids/derivatives/faizan_motion_correction_dataset/brain_masked_cropped_2mo_normalized_to_common_space/_subject_id_ICC91/_referencetype_standard/_run_001_session_2_task_name_videos/sub-ICC91_ses-2_task-videos_dir-AP_run-001_bold_mcf_corrected_flirt.nii.gz,"(60, 72, 56, 485)",485,15.8,
ok,ICC93,2,002,videos,/lustre/disk/home/shared/cusacklab/foundcog/bids/derivatives/normalized_to_common_space/_subject_id_ICC93/_referencetype_standard/_run_002_session_2_task_name_videos/sub-ICC93_ses-2_task-videos_dir-AP_run-002_bold_mcf_corrected_flirt.nii.gz,/lustre/disk/home/shared/cusacklab/foundcog/bids/derivatives/faizan_motion_correction_dataset/brain_masked_cropped_2mo_normalized_to_common_space/_subject_id_ICC93/_referencetype_standard/_run_002_session_2_task_name_videos/sub-ICC93_ses-2_task-videos_dir-AP_run-002_bold_mcf_corrected_flirt.nii.gz,"(60, 72, 56, 156)",156,4.9,
ok,ICC91,2,002,videos,/lustre/disk/home/shared/cusacklab/foundcog/bids/derivatives/normalized_to_common_space/_subject_id_ICC91/_referencetype_standard/_run_002_session_2_task_name_videos/sub-ICC91_ses-2_task-videos_dir-AP_run-002_bold_mcf_corrected_flirt.nii.gz,/lustre/disk/home/shared/cusacklab/foundcog/bids/derivatives/faizan_motion_correction_dataset/brain_masked_cropped_2mo_normalized_to_common_space/_subject_id_ICC91/_referencetype_standard/_run_002_session_2_task_name_videos/sub-ICC91_ses-2_task-videos_dir-AP_run-002_bold_mcf_corrected_flirt.nii.gz,"(60, 72, 56, 485)",485,15.7,
ok,ICC89,2,001,rest10,/lustre/disk/home/shared/cusacklab/foundcog/bids/derivatives/normalized_to_common_space/_subject_id_ICC89/_referencetype_standard/_run_001_session_2_task_name_rest10/sub-ICC89_ses-2_task-rest10_dir-AP_run-001_bold_mcf_corrected_flirt.nii.gz,/lustre/disk/home/shared/cusacklab/foundcog/bids/derivatives/faizan_motion_correction_dataset/brain_masked_cropped_2mo_normalized_to_common_space/_subject_id_ICC89/_referencetype_standard/_run_001_session_2_task_name_rest10/sub-ICC89_ses-2_task-rest10_dir-AP_run-001_bold_mcf_corrected_flirt.nii.gz,"(60, 72, 56, 1000)",1000,32.4,
ok,ICC97,1,001,videos,/lustre/disk/home/shared/cusacklab/foundcog/bids/derivatives/normalized_to_common_space/_subject_id_ICC97/_referencetype_standard/_run_001_session_1_task_name_videos/sub-ICC97_ses-1_task-videos_dir-AP_run-001_bold_mcf_corrected_flirt.nii.gz,/lustre/disk/home/shared/cusacklab/foundcog/bids/derivatives/faizan_motion_correction_dataset/brain_masked_cropped_2mo_normalized_to_common_space/_subject_id_ICC97/_referencetype_standard/_run_001_session_1_task_name_videos/sub-ICC97_ses-1_task-videos_dir-AP_run-001_bold_mcf_corrected_flirt.nii.gz,"(60, 72, 56, 485)",485,7.2,
ok,ICC97,2,001,videos,/lustre/disk/home/shared/cusacklab/foundcog/bids/derivatives/normalized_to_common_space/_subject_id_ICC97/_referencetype_standard/_run_001_session_2_task_name_videos/sub-ICC97_ses-2_task-videos_dir-AP_run-001_bold_mcf_corrected_flirt.nii.gz,/lustre/disk/home/shared/cusacklab/foundcog/bids/derivatives/faizan_motion_correction_dataset/brain_masked_cropped_2mo_normalized_to_common_space/_subject_id_ICC97/_referencetype_standard/_run_001_session_2_task_name_videos/sub-ICC97_ses-2_task-videos_dir-AP_run-001_bold_mcf_corrected_flirt.nii.gz,"(60, 72, 56, 485)",485,7.2,
ok,ICC93,1,001,videos,/lustre/disk/home/shared/cusacklab/foundcog/bids/derivatives/normalized_to_common_space/_subject_id_ICC93/_referencetype_standard/_run_001_session_1_task_name_videos/sub-ICC93_ses-1_task-videos_dir-AP_run-001_bold_mcf_corrected_flirt.nii.gz,/lustre/disk/home/shared/cusacklab/foundcog/bids/derivatives/faizan_motion_correction_dataset/brain_masked_cropped_2mo_normalized_to_common_space/_subject_id_ICC93/_referencetype_standard/_run_001_session_1_task_name_videos/sub-ICC93_ses-1_task-videos_dir-AP_run-001_bold_mcf_corrected_flirt.nii.gz,"(60, 72, 56, 485)",485,15.7,
ok,ICN14,1,001,videos,/lustre/disk/home/shared/cusacklab/foundcog/bids/derivatives/normalized_to_common_space/_subject_id_ICN14/_referencetype_standard/_run_001_session_1_task_name_videos/sub-ICN14_ses-1_task-videos_dir-AP_run-001_bold_mcf_corrected_flirt.nii.gz,/lustre/disk/home/shared/cusacklab/foundcog/bids/derivatives/faizan_motion_correction_dataset/brain_masked_cropped_2mo_normalized_to_common_space/_subject_id_ICN14/_referencetype_standard/_run_001_session_1_task_name_videos/sub-ICN14_ses-1_task-videos_dir-AP_run-001_bold_mcf_corrected_flirt.nii.gz,"(60, 72, 56, 115)",115,1.7,
ok,ICC97,1,002,videos,/lustre/disk/home/shared/cusacklab/foundcog/bids/derivatives/normalized_to_common_space/_subject_id_ICC97/_referencetype_standard/_run_002_session_1_task_name_videos/sub-ICC97_ses-1_task-videos_dir-AP_run-002_bold_mcf_corrected_flirt.nii.gz,/lustre/disk/home/shared/cusacklab/foundcog/bids/derivatives/faizan_motion_correction_dataset/brain_masked_cropped_2mo_normalized_to_common_space/_subject_id_ICC97/_referencetype_standard/_run_002_session_1_task_name_videos/sub-ICC97_ses-1_task-videos_dir-AP_run-002_bold_mcf_corrected_flirt.nii.gz,"(60, 72, 56, 485)",485,7.2,
ok,ICC91,1,001,rest10,/lustre/disk/home/shared/cusacklab/foundcog/bids/derivatives/normalized_to_common_space/_subject_id_ICC91/_referencetype_standard/_run_001_session_1_task_name_rest10/sub-ICC91_ses-1_task-rest10_dir-AP_run-001_bold_mcf_corrected_flirt.nii.gz,/lustre/disk/home/shared/cusacklab/foundcog/bids/derivatives/faizan_motion_correction_dataset/brain_masked_cropped_2mo_normalized_to_common_space/_subject_id_ICC91/_referencetype_standard/_run_001_session_1_task_name_rest10/sub-ICC91_ses-1_task-rest10_dir-AP_run-001_bold_mcf_corrected_flirt.nii.gz,"(60, 72, 56, 1000)",1000,32.4,
ok,ICC93,2,003,videos,/lustre/disk/home/shared/cusacklab/foundcog/bids/derivatives/normalized_to_common_space/_subject_id_ICC93/_referencetype_standard/_run_003_session_2_task_name_videos/sub-ICC93_ses-2_task-videos_dir-AP_run-003_bold_mcf_corrected_flirt.nii.gz,/lustre/disk/home/shared/cusacklab/foundcog/bids/derivatives/faizan_motion_correction_dataset/brain_masked_cropped_2mo_normalized_to_common_space/_subject_id_ICC93/_referencetype_standard/_run_003_session_2_task_name_videos/sub-ICC93_ses-2_task-videos_dir-AP_run-003_bold_mcf_corrected_flirt.nii.gz,"(60, 72, 56, 485)",485,15.5,
ok,ICC97,2,002,videos,/lustre/disk/home/shared/cusacklab/foundcog/bids/derivatives/normalized_to_common_space/_subject_id_ICC97/_referencetype_standard/_run_002_session_2_task_name_videos/sub-ICC97_ses-2_task-videos_dir-AP_run-002_bold_mcf_corrected_flirt.nii.gz,/lustre/disk/home/shared/cusacklab/foundcog/bids/derivatives/faizan_motion_correction_dataset/brain_masked_cropped_2mo_normalized_to_common_space/_subject_id_ICC97/_referencetype_standard/_run_002_session_2_task_name_videos/sub-ICC97_ses-2_task-videos_dir-AP_run-002_bold_mcf_corrected_flirt.nii.gz,"(60, 72, 56, 485)",485,7.3,
ok,ICN14,2,001,videos,/lustre/disk/home/shared/cusacklab/foundcog/bids/derivatives/normalized_to_common_space/_subject_id_ICN14/_referencetype_standard/_run_001_session_2_task_name_videos/sub-ICN14_ses-2_task-videos_dir-AP_run-001_bold_mcf_corrected_flirt.nii.gz,/lustre/disk/home/shared/cusacklab/foundcog/bids/derivatives/faizan_motion_correction_dataset/brain_masked_cropped_2mo_normalized_to_common_space/_subject_id_ICN14/_referencetype_standard/_run_001_session_2_task_name_videos/sub-ICN14_ses-2_task-videos_dir-AP_run-001_bold_mcf_corrected_flirt.nii.gz,"(60, 72, 56, 485)",485,7.1,
ok,ICN18,1,001,videos,/lustre/disk/home/shared/cusacklab/foundcog/bids/derivatives/normalized_to_common_space/_subject_id_ICN18/_referencetype_standard/_run_001_session_1_task_name_videos/sub-ICN18_ses-1_task-videos_dir-AP_run-001_bold_mcf_corrected_flirt.nii.gz,/lustre/disk/home/shared/cusacklab/foundcog/bids/derivatives/faizan_motion_correction_dataset/brain_masked_cropped_2mo_normalized_to_common_space/_subject_id_ICN18/_referencetype_standard/_run_001_session_1_task_name_videos/sub-ICN18_ses-1_task-videos_dir-AP_run-001_bold_mcf_corrected_flirt.nii.gz,"(60, 72, 56, 485)",485,7.0,
ok,ICN14,1,002,videos,/lustre/disk/home/shared/cusacklab/foundcog/bids/derivatives/normalized_to_common_space/_subject_id_ICN14/_referencetype_standard/_run_002_session_1_task_name_videos/sub-ICN14_ses-1_task-videos_dir-AP_run-002_bold_mcf_corrected_flirt.nii.gz,/lustre/disk/home/shared/cusacklab/foundcog/bids/derivatives/faizan_motion_correction_dataset/brain_masked_cropped_2mo_normalized_to_common_space/_subject_id_ICN14/_referencetype_standard/_run_002_session_1_task_name_videos/sub-ICN14_ses-1_task-videos_dir-AP_run-002_bold_mcf_corrected_flirt.nii.gz,"(60, 72, 56, 485)",485,7.3,
ok,ICN18,1,003,videos,/lustre/disk/home/shared/cusacklab/foundcog/bids/derivatives/normalized_to_common_space/_subject_id_ICN18/_referencetype_standard/_run_003_session_1_task_name_videos/sub-ICN18_ses-1_task-videos_dir-AP_run-003_bold_mcf_corrected_flirt.nii.gz,/lustre/disk/home/shared/cusacklab/foundcog/bids/derivatives/faizan_motion_correction_dataset/brain_masked_cropped_2mo_normalized_to_common_space/_subject_id_ICN18/_referencetype_standard/_run_003_session_1_task_name_videos/sub-ICN18_ses-1_task-videos_dir-AP_run-003_bold_mcf_corrected_flirt.nii.gz,"(60, 72, 56, 485)",485,7.1,
ok,ICN2,1,001,videos,/lustre/disk/home/shared/cusacklab/foundcog/bids/derivatives/normalized_to_common_space/_subject_id_ICN2/_referencetype_standard/_run_001_session_1_task_name_videos/sub-ICN2_ses-1_task-videos_dir-AP_run-001_bold_mcf_corrected_flirt.nii.gz,/lustre/disk/home/shared/cusacklab/foundcog/bids/derivatives/faizan_motion_correction_dataset/brain_masked_cropped_2mo_normalized_to_common_space/_subject_id_ICN2/_referencetype_standard/_run_001_session_1_task_name_videos/sub-ICN2_ses-1_task-videos_dir-AP_run-001_bold_mcf_corrected_flirt.nii.gz,"(60, 72, 56, 260)",260,3.9,
ok,ICN18,1,004,videos,/lustre/disk/home/shared/cusacklab/foundcog/bids/derivatives/normalized_to_common_space/_subject_id_ICN18/_referencetype_standard/_run_004_session_1_task_name_videos/sub-ICN18_ses-1_task-videos_dir-AP_run-004_bold_mcf_corrected_flirt.nii.gz,/lustre/disk/home/shared/cusacklab/foundcog/bids/derivatives/faizan_motion_correction_dataset/brain_masked_cropped_2mo_normalized_to_common_space/_subject_id_ICN18/_referencetype_standard/_run_004_session_1_task_name_videos/sub-ICN18_ses-1_task-videos_dir-AP_run-004_bold_mcf_corrected_flirt.nii.gz,"(60, 72, 56, 485)",485,7.0,
ok,ICN46,1,002,videos,/lustre/disk/home/shared/cusacklab/foundcog/bids/derivatives/normalized_to_common_space/_subject_id_ICN46/_referencetype_standard/_run_002_session_1_task_name_videos/sub-ICN46_ses-1_task-videos_dir-AP_run-002_bold_mcf_corrected_flirt.nii.gz,/lustre/disk/home/shared/cusacklab/foundcog/bids/derivatives/faizan_motion_correction_dataset/brain_masked_cropped_2mo_normalized_to_common_space/_subject_id_ICN46/_referencetype_standard/_run_002_session_1_task_name_videos/sub-ICN46_ses-1_task-videos_dir-AP_run-002_bold_mcf_corrected_flirt.nii.gz,"(60, 72, 56, 149)",149,2.2,
ok,ICN14,1,001,rest10,/lustre/disk/home/shared/cusacklab/foundcog/bids/derivatives/normalized_to_common_space/_subject_id_ICN14/_referencetype_standard/_run_001_session_1_task_name_rest10/sub-ICN14_ses-1_task-rest10_dir-AP_run-001_bold_mcf_corrected_flirt.nii.gz,/lustre/disk/home/shared/cusacklab/foundcog/bids/derivatives/faizan_motion_correction_dataset/brain_masked_cropped_2mo_normalized_to_common_space/_subject_id_ICN14/_referencetype_standard/_run_001_session_1_task_name_rest10/sub-ICN14_ses-1_task-rest10_dir-AP_run-001_bold_mcf_corrected_flirt.nii.gz,"(60, 72, 56, 1000)",1000,15.3,
ok,ICN2,2,001,videos,/lustre/disk/home/shared/cusacklab/foundcog/bids/derivatives/normalized_to_common_space/_subject_id_ICN2/_referencetype_standard/_run_001_session_2_task_name_videos/sub-ICN2_ses-2_task-videos_dir-AP_run-001_bold_mcf_corrected_flirt.nii.gz,/lustre/disk/home/shared/cusacklab/foundcog/bids/derivatives/faizan_motion_correction_dataset/brain_masked_cropped_2mo_normalized_to_common_space/_subject_id_ICN2/_referencetype_standard/_run_001_session_2_task_name_videos/sub-ICN2_ses-2_task-videos_dir-AP_run-001_bold_mcf_corrected_flirt.nii.gz,"(60, 72, 56, 430)",430,6.7,
ok,ICN46,1,001,videos,/lustre/disk/home/shared/cusacklab/foundcog/bids/derivatives/normalized_to_common_space/_subject_id_ICN46/_referencetype_standard/_run_001_session_1_task_name_videos/sub-ICN46_ses-1_task-videos_dir-AP_run-001_bold_mcf_corrected_flirt.nii.gz,/lustre/disk/home/shared/cusacklab/foundcog/bids/derivatives/faizan_motion_correction_dataset/brain_masked_cropped_2mo_normalized_to_common_space/_subject_id_ICN46/_referencetype_standard/_run_001_session_1_task_name_videos/sub-ICN46_ses-1_task-videos_dir-AP_run-001_bold_mcf_corrected_flirt.nii.gz,"(60, 72, 56, 485)",485,7.1,
ok,ICC93,1,001,rest10,/lustre/disk/home/shared/cusacklab/foundcog/bids/derivatives/normalized_to_common_space/_subject_id_ICC93/_referencetype_standard/_run_001_session_1_task_name_rest10/sub-ICC93_ses-1_task-rest10_dir-AP_run-001_bold_mcf_corrected_flirt.nii.gz,/lustre/disk/home/shared/cusacklab/foundcog/bids/derivatives/faizan_motion_correction_dataset/brain_masked_cropped_2mo_normalized_to_common_space/_subject_id_ICC93/_referencetype_standard/_run_001_session_1_task_name_rest10/sub-ICC93_ses-1_task-rest10_dir-AP_run-001_bold_mcf_corrected_flirt.nii.gz,"(60, 72, 56, 1000)",1000,32.3,
ok,ICN46,2,001,videos,/lustre/disk/home/shared/cusacklab/foundcog/bids/derivatives/normalized_to_common_space/_subject_id_ICN46/_referencetype_standard/_run_001_session_2_task_name_videos/sub-ICN46_ses-2_task-videos_dir-AP_run-001_bold_mcf_corrected_flirt.nii.gz,/lustre/disk/home/shared/cusacklab/foundcog/bids/derivatives/faizan_motion_correction_dataset/brain_masked_cropped_2mo_normalized_to_common_space/_subject_id_ICN46/_referencetype_standard/_run_001_session_2_task_name_videos/sub-ICN46_ses-2_task-videos_dir-AP_run-001_bold_mcf_corrected_flirt.nii.gz,"(60, 72, 56, 485)",485,7.2,
ok,ICN2,1,001,rest10,/lustre/disk/home/shared/cusacklab/foundcog/bids/derivatives/normalized_to_common_space/_subject_id_ICN2/_referencetype_standard/_run_001_session_1_task_name_rest10/sub-ICN2_ses-1_task-rest10_dir-AP_run-001_bold_mcf_corrected_flirt.nii.gz,/lustre/disk/home/shared/cusacklab/foundcog/bids/derivatives/faizan_motion_correction_dataset/brain_masked_cropped_2mo_normalized_to_common_space/_subject_id_ICN2/_referencetype_standard/_run_001_session_1_task_name_rest10/sub-ICN2_ses-1_task-rest10_dir-AP_run-001_bold_mcf_corrected_flirt.nii.gz,"(60, 72, 56, 1000)",1000,15.8,
ok,ICN48,1,001,videos,/lustre/disk/home/shared/cusacklab/foundcog/bids/derivatives/normalized_to_common_space/_subject_id_ICN48/_referencetype_standard/_run_001_session_1_task_name_videos/sub-ICN48_ses-1_task-videos_dir-AP_run-001_bold_mcf_corrected_flirt.nii.gz,/lustre/disk/home/shared/cusacklab/foundcog/bids/derivatives/faizan_motion_correction_dataset/brain_masked_cropped_2mo_normalized_to_common_space/_subject_id_ICN48/_referencetype_standard/_run_001_session_1_task_name_videos/sub-ICN48_ses-1_task-videos_dir-AP_run-001_bold_mcf_corrected_flirt.nii.gz,"(60, 72, 56, 279)",279,9.2,
ok,ICN48,1,001,rest10,/lustre/disk/home/shared/cusacklab/foundcog/bids/derivatives/normalized_to_common_space/_subject_id_ICN48/_referencetype_standard/_run_001_session_1_task_name_rest10/sub-ICN48_ses-1_task-rest10_dir-AP_run-001_bold_mcf_corrected_flirt.nii.gz,/lustre/disk/home/shared/cusacklab/foundcog/bids/derivatives/faizan_motion_correction_dataset/brain_masked_cropped_2mo_normalized_to_common_space/_subject_id_ICN48/_referencetype_standard/_run_001_session_1_task_name_rest10/sub-ICN48_ses-1_task-rest10_dir-AP_run-001_bold_mcf_corrected_flirt.nii.gz,"(60, 72, 56, 1000)",1000,15.0,
ok,ICN48,2,001,videos,/lustre/disk/home/shared/cusacklab/foundcog/bids/derivatives/normalized_to_common_space/_subject_id_ICN48/_referencetype_standard/_run_001_session_2_task_name_videos/sub-ICN48_ses-2_task-videos_dir-AP_run-001_bold_mcf_corrected_flirt.nii.gz,/lustre/disk/home/shared/cusacklab/foundcog/bids/derivatives/faizan_motion_correction_dataset/brain_masked_cropped_2mo_normalized_to_common_space/_subject_id_ICN48/_referencetype_standard/_run_001_session_2_task_name_videos/sub-ICN48_ses-2_task-videos_dir-AP_run-001_bold_mcf_corrected_flirt.nii.gz,"(60, 72, 56, 485)",485,16.0,
ok,ICN50,1,001,videos,/lustre/disk/home/shared/cusacklab/foundcog/bids/derivatives/normalized_to_common_space/_subject_id_ICN50/_referencetype_standard/_run_001_session_1_task_name_videos/sub-ICN50_ses-1_task-videos_dir-AP_run-001_bold_mcf_corrected_flirt.nii.gz,/lustre/disk/home/shared/cusacklab/foundcog/bids/derivatives/faizan_motion_correction_dataset/brain_masked_cropped_2mo_normalized_to_common_space/_subject_id_ICN50/_referencetype_standard/_run_001_session_1_task_name_videos/sub-ICN50_ses-1_task-videos_dir-AP_run-001_bold_mcf_corrected_flirt.nii.gz,"(60, 72, 56, 485)",485,15.1,
ok,ICN50,1,003,videos,/lustre/disk/home/shared/cusacklab/foundcog/bids/derivatives/normalized_to_common_space/_subject_id_ICN50/_referencetype_standard/_run_003_session_1_task_name_videos/sub-ICN50_ses-1_task-videos_dir-AP_run-003_bold_mcf_corrected_flirt.nii.gz,/lustre/disk/home/shared/cusacklab/foundcog/bids/derivatives/faizan_motion_correction_dataset/brain_masked_cropped_2mo_normalized_to_common_space/_subject_id_ICN50/_referencetype_standard/_run_003_session_1_task_name_videos/sub-ICN50_ses-1_task-videos_dir-AP_run-003_bold_mcf_corrected_flirt.nii.gz,"(60, 72, 56, 485)",485,15.0,
ok,ICN8,1,001,videos,/lustre/disk/home/shared/cusacklab/foundcog/bids/derivatives/normalized_to_common_space/_subject_id_ICN8/_referencetype_standard/_run_001_session_1_task_name_videos/sub-ICN8_ses-1_task-videos_dir-AP_run-001_bold_mcf_corrected_flirt.nii.gz,/lustre/disk/home/shared/cusacklab/foundcog/bids/derivatives/faizan_motion_correction_dataset/brain_masked_cropped_2mo_normalized_to_common_space/_subject_id_ICN8/_referencetype_standard/_run_001_session_1_task_name_videos/sub-ICN8_ses-1_task-videos_dir-AP_run-001_bold_mcf_corrected_flirt.nii.gz,"(60, 72, 56, 485)",485,15.9,
ok,ICN8,2,001,videos,/lustre/disk/home/shared/cusacklab/foundcog/bids/derivatives/normalized_to_common_space/_subject_id_ICN8/_referencetype_standard/_run_001_session_2_task_name_videos/sub-ICN8_ses-2_task-videos_dir-AP_run-001_bold_mcf_corrected_flirt.nii.gz,/lustre/disk/home/shared/cusacklab/foundcog/bids/derivatives/faizan_motion_correction_dataset/brain_masked_cropped_2mo_normalized_to_common_space/_subject_id_ICN8/_referencetype_standard/_run_001_session_2_task_name_videos/sub-ICN8_ses-2_task-videos_dir-AP_run-001_bold_mcf_corrected_flirt.nii.gz,"(60, 72, 56, 485)",485,15.7,
ok,IRC109,1,002,videos,/lustre/disk/home/shared/cusacklab/foundcog/bids/derivatives/normalized_to_common_space/_subject_id_IRC109/_referencetype_standard/_run_002_session_1_task_name_videos/sub-IRC109_ses-1_task-videos_dir-AP_run-002_bold_mcf_corrected_flirt.nii.gz,/lustre/disk/home/shared/cusacklab/foundcog/bids/derivatives/faizan_motion_correction_dataset/brain_masked_cropped_2mo_normalized_to_common_space/_subject_id_IRC109/_referencetype_standard/_run_002_session_1_task_name_videos/sub-IRC109_ses-1_task-videos_dir-AP_run-002_bold_mcf_corrected_flirt.nii.gz,"(60, 72, 56, 124)",124,4.2,
ok,ICN8,1,002,videos,/lustre/disk/home/shared/cusacklab/foundcog/bids/derivatives/normalized_to_common_space/_subject_id_ICN8/_referencetype_standard/_run_002_session_1_task_name_videos/sub-ICN8_ses-1_task-videos_dir-AP_run-002_bold_mcf_corrected_flirt.nii.gz,/lustre/disk/home/shared/cusacklab/foundcog/bids/derivatives/faizan_motion_correction_dataset/brain_masked_cropped_2mo_normalized_to_common_space/_subject_id_ICN8/_referencetype_standard/_run_002_session_1_task_name_videos/sub-ICN8_ses-1_task-videos_dir-AP_run-002_bold_mcf_corrected_flirt.nii.gz,"(60, 72, 56, 485)",485,15.8,
ok,IRC119,1,001,videos,/lustre/disk/home/shared/cusacklab/foundcog/bids/derivatives/normalized_to_common_space/_subject_id_IRC119/_referencetype_standard/_run_001_session_1_task_name_videos/sub-IRC119_ses-1_task-videos_dir-AP_run-001_bold_mcf_corrected_flirt.nii.gz,/lustre/disk/home/shared/cusacklab/foundcog/bids/derivatives/faizan_motion_correction_dataset/brain_masked_cropped_2mo_normalized_to_common_space/_subject_id_IRC119/_referencetype_standard/_run_001_session_1_task_name_videos/sub-IRC119_ses-1_task-videos_dir-AP_run-001_bold_mcf_corrected_flirt.nii.gz,"(60, 72, 56, 485)",485,7.2,
ok,ICN50,1,001,rest10,/lustre/disk/home/shared/cusacklab/foundcog/bids/derivatives/normalized_to_common_space/_subject_id_ICN50/_referencetype_standard/_run_001_session_1_task_name_rest10/sub-ICN50_ses-1_task-rest10_dir-AP_run-001_bold_mcf_corrected_flirt.nii.gz,/lustre/disk/home/shared/cusacklab/foundcog/bids/derivatives/faizan_motion_correction_dataset/brain_masked_cropped_2mo_normalized_to_common_space/_subject_id_ICN50/_referencetype_standard/_run_001_session_1_task_name_rest10/sub-ICN50_ses-1_task-rest10_dir-AP_run-001_bold_mcf_corrected_flirt.nii.gz,"(60, 72, 56, 1000)",1000,31.6,
ok,IRC109,1,001,videos,/lustre/disk/home/shared/cusacklab/foundcog/bids/derivatives/normalized_to_common_space/_subject_id_IRC109/_referencetype_standard/_run_001_session_1_task_name_videos/sub-IRC109_ses-1_task-videos_dir-AP_run-001_bold_mcf_corrected_flirt.nii.gz,/lustre/disk/home/shared/cusacklab/foundcog/bids/derivatives/faizan_motion_correction_dataset/brain_masked_cropped_2mo_normalized_to_common_space/_subject_id_IRC109/_referencetype_standard/_run_001_session_1_task_name_videos/sub-IRC109_ses-1_task-videos_dir-AP_run-001_bold_mcf_corrected_flirt.nii.gz,"(60, 72, 56, 485)",485,16.2,
ok,IRC109,2,001,videos,/lustre/disk/home/shared/cusacklab/foundcog/bids/derivatives/normalized_to_common_space/_subject_id_IRC109/_referencetype_standard/_run_001_session_2_task_name_videos/sub-IRC109_ses-2_task-videos_dir-AP_run-001_bold_mcf_corrected_flirt.nii.gz,/lustre/disk/home/shared/cusacklab/foundcog/bids/derivatives/faizan_motion_correction_dataset/brain_masked_cropped_2mo_normalized_to_common_space/_subject_id_IRC109/_referencetype_standard/_run_001_session_2_task_name_videos/sub-IRC109_ses-2_task-videos_dir-AP_run-001_bold_mcf_corrected_flirt.nii.gz,"(60, 72, 56, 485)",485,16.3,
ok,IRC119,2,001,videos,/lustre/disk/home/shared/cusacklab/foundcog/bids/derivatives/normalized_to_common_space/_subject_id_IRC119/_referencetype_standard/_run_001_session_2_task_name_videos/sub-IRC119_ses-2_task-videos_dir-AP_run-001_bold_mcf_corrected_flirt.nii.gz,/lustre/disk/home/shared/cusacklab/foundcog/bids/derivatives/faizan_motion_correction_dataset/brain_masked_cropped_2mo_normalized_to_common_space/_subject_id_IRC119/_referencetype_standard/_run_001_session_2_task_name_videos/sub-IRC119_ses-2_task-videos_dir-AP_run-001_bold_mcf_corrected_flirt.nii.gz,"(60, 72, 56, 485)",485,7.3,
ok,IRC13,2,001,videos,/lustre/disk/home/shared/cusacklab/foundcog/bids/derivatives/normalized_to_common_space/_subject_id_IRC13/_referencetype_standard/_run_001_session_2_task_name_videos/sub-IRC13_ses-2_task-videos_dir-AP_run-001_bold_mcf_corrected_flirt.nii.gz,/lustre/disk/home/shared/cusacklab/foundcog/bids/derivatives/faizan_motion_correction_dataset/brain_masked_cropped_2mo_normalized_to_common_space/_subject_id_IRC13/_referencetype_standard/_run_001_session_2_task_name_videos/sub-IRC13_ses-2_task-videos_dir-AP_run-001_bold_mcf_corrected_flirt.nii.gz,"(60, 72, 56, 73)",73,1.1,
ok,IRC119,1,002,videos,/lustre/disk/home/shared/cusacklab/foundcog/bids/derivatives/normalized_to_common_space/_subject_id_IRC119/_referencetype_standard/_run_002_session_1_task_name_videos/sub-IRC119_ses-1_task-videos_dir-AP_run-002_bold_mcf_corrected_flirt.nii.gz,/lustre/disk/home/shared/cusacklab/foundcog/bids/derivatives/faizan_motion_correction_dataset/brain_masked_cropped_2mo_normalized_to_common_space/_subject_id_IRC119/_referencetype_standard/_run_002_session_1_task_name_videos/sub-IRC119_ses-1_task-videos_dir-AP_run-002_bold_mcf_corrected_flirt.nii.gz,"(60, 72, 56, 485)",485,7.2,
ok,ICN8,1,001,rest10,/lustre/disk/home/shared/cusacklab/foundcog/bids/derivatives/normalized_to_common_space/_subject_id_ICN8/_referencetype_standard/_run_001_session_1_task_name_rest10/sub-ICN8_ses-1_task-rest10_dir-AP_run-001_bold_mcf_corrected_flirt.nii.gz,/lustre/disk/home/shared/cusacklab/foundcog/bids/derivatives/faizan_motion_correction_dataset/brain_masked_cropped_2mo_normalized_to_common_space/_subject_id_ICN8/_referencetype_standard/_run_001_session_1_task_name_rest10/sub-ICN8_ses-1_task-rest10_dir-AP_run-001_bold_mcf_corrected_flirt.nii.gz,"(60, 72, 56, 1000)",1000,32.4,
ok,IRC13,2,002,videos,/lustre/disk/home/shared/cusacklab/foundcog/bids/derivatives/normalized_to_common_space/_subject_id_IRC13/_referencetype_standard/_run_002_session_2_task_name_videos/sub-IRC13_ses-2_task-videos_dir-AP_run-002_bold_mcf_corrected_flirt.nii.gz,/lustre/disk/home/shared/cusacklab/foundcog/bids/derivatives/faizan_motion_correction_dataset/brain_masked_cropped_2mo_normalized_to_common_space/_subject_id_IRC13/_referencetype_standard/_run_002_session_2_task_name_videos/sub-IRC13_ses-2_task-videos_dir-AP_run-002_bold_mcf_corrected_flirt.nii.gz,"(60, 72, 56, 181)",181,2.7,
ok,IRC13,1,001,videos,/lustre/disk/home/shared/cusacklab/foundcog/bids/derivatives/normalized_to_common_space/_subject_id_IRC13/_referencetype_standard/_run_001_session_1_task_name_videos/sub-IRC13_ses-1_task-videos_dir-AP_run-001_bold_mcf_corrected_flirt.nii.gz,/lustre/disk/home/shared/cusacklab/foundcog/bids/derivatives/faizan_motion_correction_dataset/brain_masked_cropped_2mo_normalized_to_common_space/_subject_id_IRC13/_referencetype_standard/_run_001_session_1_task_name_videos/sub-IRC13_ses-1_task-videos_dir-AP_run-001_bold_mcf_corrected_flirt.nii.gz,"(60, 72, 56, 485)",485,7.4,
ok,IRC17,1,001,videos,/lustre/disk/home/shared/cusacklab/foundcog/bids/derivatives/normalized_to_common_space/_subject_id_IRC17/_referencetype_standard/_run_001_session_1_task_name_videos/sub-IRC17_ses-1_task-videos_dir-AP_run-001_bold_mcf_corrected_flirt.nii.gz,/lustre/disk/home/shared/cusacklab/foundcog/bids/derivatives/faizan_motion_correction_dataset/brain_masked_cropped_2mo_normalized_to_common_space/_subject_id_IRC17/_referencetype_standard/_run_001_session_1_task_name_videos/sub-IRC17_ses-1_task-videos_dir-AP_run-001_bold_mcf_corrected_flirt.nii.gz,"(60, 72, 56, 485)",485,7.4,
ok,IRC17,1,002,videos,/lustre/disk/home/shared/cusacklab/foundcog/bids/derivatives/normalized_to_common_space/_subject_id_IRC17/_referencetype_standard/_run_002_session_1_task_name_videos/sub-IRC17_ses-1_task-videos_dir-AP_run-002_bold_mcf_corrected_flirt.nii.gz,/lustre/disk/home/shared/cusacklab/foundcog/bids/derivatives/faizan_motion_correction_dataset/brain_masked_cropped_2mo_normalized_to_common_space/_subject_id_IRC17/_referencetype_standard/_run_002_session_1_task_name_videos/sub-IRC17_ses-1_task-videos_dir-AP_run-002_bold_mcf_corrected_flirt.nii.gz,"(60, 72, 56, 485)",485,7.5,
ok,IRC13,1,001,rest10,/lustre/disk/home/shared/cusacklab/foundcog/bids/derivatives/normalized_to_common_space/_subject_id_IRC13/_referencetype_standard/_run_001_session_1_task_name_rest10/sub-IRC13_ses-1_task-rest10_dir-AP_run-001_bold_mcf_corrected_flirt.nii.gz,/lustre/disk/home/shared/cusacklab/foundcog/bids/derivatives/faizan_motion_correction_dataset/brain_masked_cropped_2mo_normalized_to_common_space/_subject_id_IRC13/_referencetype_standard/_run_001_session_1_task_name_rest10/sub-IRC13_ses-1_task-rest10_dir-AP_run-001_bold_mcf_corrected_flirt.nii.gz,"(60, 72, 56, 1000)",1000,15.6,
ok,IRC109,1,001,rest10,/lustre/disk/home/shared/cusacklab/foundcog/bids/derivatives/normalized_to_common_space/_subject_id_IRC109/_referencetype_standard/_run_001_session_1_task_name_rest10/sub-IRC109_ses-1_task-rest10_dir-AP_run-001_bold_mcf_corrected_flirt.nii.gz,/lustre/disk/home/shared/cusacklab/foundcog/bids/derivatives/faizan_motion_correction_dataset/brain_masked_cropped_2mo_normalized_to_common_space/_subject_id_IRC109/_referencetype_standard/_run_001_session_1_task_name_rest10/sub-IRC109_ses-1_task-rest10_dir-AP_run-001_bold_mcf_corrected_flirt.nii.gz,"(60, 72, 56, 1000)",1000,33.9,
ok,IRC19,1,001,videos,/lustre/disk/home/shared/cusacklab/foundcog/bids/derivatives/normalized_to_common_space/_subject_id_IRC19/_referencetype_standard/_run_001_session_1_task_name_videos/sub-IRC19_ses-1_task-videos_dir-AP_run-001_bold_mcf_corrected_flirt.nii.gz,/lustre/disk/home/shared/cusacklab/foundcog/bids/derivatives/faizan_motion_correction_dataset/brain_masked_cropped_2mo_normalized_to_common_space/_subject_id_IRC19/_referencetype_standard/_run_001_session_1_task_name_videos/sub-IRC19_ses-1_task-videos_dir-AP_run-001_bold_mcf_corrected_flirt.nii.gz,"(60, 72, 56, 485)",485,15.7,
ok,IRC19,2,001,videos,/lustre/disk/home/shared/cusacklab/foundcog/bids/derivatives/normalized_to_common_space/_subject_id_IRC19/_referencetype_standard/_run_001_session_2_task_name_videos/sub-IRC19_ses-2_task-videos_dir-AP_run-001_bold_mcf_corrected_flirt.nii.gz,/lustre/disk/home/shared/cusacklab/foundcog/bids/derivatives/faizan_motion_correction_dataset/brain_masked_cropped_2mo_normalized_to_common_space/_subject_id_IRC19/_referencetype_standard/_run_001_session_2_task_name_videos/sub-IRC19_ses-2_task-videos_dir-AP_run-001_bold_mcf_corrected_flirt.nii.gz,"(60, 72, 56, 485)",485,15.8,
ok,IRC19,2,002,videos,/lustre/disk/home/shared/cusacklab/foundcog/bids/derivatives/normalized_to_common_space/_subject_id_IRC19/_referencetype_standard/_run_002_session_2_task_name_videos/sub-IRC19_ses-2_task-videos_dir-AP_run-002_bold_mcf_corrected_flirt.nii.gz,/lustre/disk/home/shared/cusacklab/foundcog/bids/derivatives/faizan_motion_correction_dataset/brain_masked_cropped_2mo_normalized_to_common_space/_subject_id_IRC19/_referencetype_standard/_run_002_session_2_task_name_videos/sub-IRC19_ses-2_task-videos_dir-AP_run-002_bold_mcf_corrected_flirt.nii.gz,"(60, 72, 56, 485)",485,15.8,
ok,IRC21,1,001,videos,/lustre/disk/home/shared/cusacklab/foundcog/bids/derivatives/normalized_to_common_space/_subject_id_IRC21/_referencetype_standard/_run_001_session_1_task_name_videos/sub-IRC21_ses-1_task-videos_dir-AP_run-001_bold_mcf_corrected_flirt.nii.gz,/lustre/disk/home/shared/cusacklab/foundcog/bids/derivatives/faizan_motion_correction_dataset/brain_masked_cropped_2mo_normalized_to_common_space/_subject_id_IRC21/_referencetype_standard/_run_001_session_1_task_name_videos/sub-IRC21_ses-1_task-videos_dir-AP_run-001_bold_mcf_corrected_flirt.nii.gz,"(60, 72, 56, 485)",485,15.5,
ok,IRC25,1,001,videos,/lustre/disk/home/shared/cusacklab/foundcog/bids/derivatives/normalized_to_common_space/_subject_id_IRC25/_referencetype_standard/_run_001_session_1_task_name_videos/sub-IRC25_ses-1_task-videos_dir-AP_run-001_bold_mcf_corrected_flirt.nii.gz,/lustre/disk/home/shared/cusacklab/foundcog/bids/derivatives/faizan_motion_correction_dataset/brain_masked_cropped_2mo_normalized_to_common_space/_subject_id_IRC25/_referencetype_standard/_run_001_session_1_task_name_videos/sub-IRC25_ses-1_task-videos_dir-AP_run-001_bold_mcf_corrected_flirt.nii.gz,"(60, 72, 56, 485)",485,7.3,
ok,IRC25,2,001,videos,/lustre/disk/home/shared/cusacklab/foundcog/bids/derivatives/normalized_to_common_space/_subject_id_IRC25/_referencetype_standard/_run_001_session_2_task_name_videos/sub-IRC25_ses-2_task-videos_dir-AP_run-001_bold_mcf_corrected_flirt.nii.gz,/lustre/disk/home/shared/cusacklab/foundcog/bids/derivatives/faizan_motion_correction_dataset/brain_masked_cropped_2mo_normalized_to_common_space/_subject_id_IRC25/_referencetype_standard/_run_001_session_2_task_name_videos/sub-IRC25_ses-2_task-videos_dir-AP_run-001_bold_mcf_corrected_flirt.nii.gz,"(60, 72, 56, 485)",485,7.3,
ok,IRC21,2,001,videos,/lustre/disk/home/shared/cusacklab/foundcog/bids/derivatives/normalized_to_common_space/_subject_id_IRC21/_referencetype_standard/_run_001_session_2_task_name_videos/sub-IRC21_ses-2_task-videos_dir-AP_run-001_bold_mcf_corrected_flirt.nii.gz,/lustre/disk/home/shared/cusacklab/foundcog/bids/derivatives/faizan_motion_correction_dataset/brain_masked_cropped_2mo_normalized_to_common_space/_subject_id_IRC21/_referencetype_standard/_run_001_session_2_task_name_videos/sub-IRC21_ses-2_task-videos_dir-AP_run-001_bold_mcf_corrected_flirt.nii.gz,"(60, 72, 56, 485)",485,15.8,
ok,IRC25,1,002,videos,/lustre/disk/home/shared/cusacklab/foundcog/bids/derivatives/normalized_to_common_space/_subject_id_IRC25/_referencetype_standard/_run_002_session_1_task_name_videos/sub-IRC25_ses-1_task-videos_dir-AP_run-002_bold_mcf_corrected_flirt.nii.gz,/lustre/disk/home/shared/cusacklab/foundcog/bids/derivatives/faizan_motion_correction_dataset/brain_masked_cropped_2mo_normalized_to_common_space/_subject_id_IRC25/_referencetype_standard/_run_002_session_1_task_name_videos/sub-IRC25_ses-1_task-videos_dir-AP_run-002_bold_mcf_corrected_flirt.nii.gz,"(60, 72, 56, 485)",485,7.3,
ok,IRC27,1,001,videos,/lustre/disk/home/shared/cusacklab/foundcog/bids/derivatives/normalized_to_common_space/_subject_id_IRC27/_referencetype_standard/_run_001_session_1_task_name_videos/sub-IRC27_ses-1_task-videos_dir-AP_run-001_bold_mcf_corrected_flirt.nii.gz,/lustre/disk/home/shared/cusacklab/foundcog/bids/derivatives/faizan_motion_correction_dataset/brain_masked_cropped_2mo_normalized_to_common_space/_subject_id_IRC27/_referencetype_standard/_run_001_session_1_task_name_videos/sub-IRC27_ses-1_task-videos_dir-AP_run-001_bold_mcf_corrected_flirt.nii.gz,"(60, 72, 56, 485)",485,7.2,
ok,IRC21,1,002,videos,/lustre/disk/home/shared/cusacklab/foundcog/bids/derivatives/normalized_to_common_space/_subject_id_IRC21/_referencetype_standard/_run_002_session_1_task_name_videos/sub-IRC21_ses-1_task-videos_dir-AP_run-002_bold_mcf_corrected_flirt.nii.gz,/lustre/disk/home/shared/cusacklab/foundcog/bids/derivatives/faizan_motion_correction_dataset/brain_masked_cropped_2mo_normalized_to_common_space/_subject_id_IRC21/_referencetype_standard/_run_002_session_1_task_name_videos/sub-IRC21_ses-1_task-videos_dir-AP_run-002_bold_mcf_corrected_flirt.nii.gz,"(60, 72, 56, 485)",485,15.6,
ok,IRC27,2,001,videos,/lustre/disk/home/shared/cusacklab/foundcog/bids/derivatives/normalized_to_common_space/_subject_id_IRC27/_referencetype_standard/_run_001_session_2_task_name_videos/sub-IRC27_ses-2_task-videos_dir-AP_run-001_bold_mcf_corrected_flirt.nii.gz,/lustre/disk/home/shared/cusacklab/foundcog/bids/derivatives/faizan_motion_correction_dataset/brain_masked_cropped_2mo_normalized_to_common_space/_subject_id_IRC27/_referencetype_standard/_run_001_session_2_task_name_videos/sub-IRC27_ses-2_task-videos_dir-AP_run-001_bold_mcf_corrected_flirt.nii.gz,"(60, 72, 56, 485)",485,7.1,
ok,IRC29,2,002,videos,/lustre/disk/home/shared/cusacklab/foundcog/bids/derivatives/normalized_to_common_space/_subject_id_IRC29/_referencetype_standard/_run_002_session_2_task_name_videos/sub-IRC29_ses-2_task-videos_dir-AP_run-002_bold_mcf_corrected_flirt.nii.gz,/lustre/disk/home/shared/cusacklab/foundcog/bids/derivatives/faizan_motion_correction_dataset/brain_masked_cropped_2mo_normalized_to_common_space/_subject_id_IRC29/_referencetype_standard/_run_002_session_2_task_name_videos/sub-IRC29_ses-2_task-videos_dir-AP_run-002_bold_mcf_corrected_flirt.nii.gz,"(60, 72, 56, 68)",68,2.2,
ok,IRC19,1,001,rest10,/lustre/disk/home/shared/cusacklab/foundcog/bids/derivatives/normalized_to_common_space/_subject_id_IRC19/_referencetype_standard/_run_001_session_1_task_name_rest10/sub-IRC19_ses-1_task-rest10_dir-AP_run-001_bold_mcf_corrected_flirt.nii.gz,/lustre/disk/home/shared/cusacklab/foundcog/bids/derivatives/faizan_motion_correction_dataset/brain_masked_cropped_2mo_normalized_to_common_space/_subject_id_IRC19/_referencetype_standard/_run_001_session_1_task_name_rest10/sub-IRC19_ses-1_task-rest10_dir-AP_run-001_bold_mcf_corrected_flirt.nii.gz,"(60, 72, 56, 1000)",1000,32.5,
ok,IRC29,1,001,videos,/lustre/disk/home/shared/cusacklab/foundcog/bids/derivatives/normalized_to_common_space/_subject_id_IRC29/_referencetype_standard/_run_001_session_1_task_name_videos/sub-IRC29_ses-1_task-videos_dir-AP_run-001_bold_mcf_corrected_flirt.nii.gz,/lustre/disk/home/shared/cusacklab/foundcog/bids/derivatives/faizan_motion_correction_dataset/brain_masked_cropped_2mo_normalized_to_common_space/_subject_id_IRC29/_referencetype_standard/_run_001_session_1_task_name_videos/sub-IRC29_ses-1_task-videos_dir-AP_run-001_bold_mcf_corrected_flirt.nii.gz,"(60, 72, 56, 194)",194,6.2,
ok,IRC3,1,001,videos,/lustre/disk/home/shared/cusacklab/foundcog/bids/derivatives/normalized_to_common_space/_subject_id_IRC3/_referencetype_standard/_run_001_session_1_task_name_videos/sub-IRC3_ses-1_task-videos_dir-AP_run-001_bold_mcf_corrected_flirt.nii.gz,/lustre/disk/home/shared/cusacklab/foundcog/bids/derivatives/faizan_motion_correction_dataset/brain_masked_cropped_2mo_normalized_to_common_space/_subject_id_IRC3/_referencetype_standard/_run_001_session_1_task_name_videos/sub-IRC3_ses-1_task-videos_dir-AP_run-001_bold_mcf_corrected_flirt.nii.gz,"(60, 72, 56, 152)",152,2.2,
ok,IRC3,1,001,rest10,/lustre/disk/home/shared/cusacklab/foundcog/bids/derivatives/normalized_to_common_space/_subject_id_IRC3/_referencetype_standard/_run_001_session_1_task_name_rest10/sub-IRC3_ses-1_task-rest10_dir-AP_run-001_bold_mcf_corrected_flirt.nii.gz,/lustre/disk/home/shared/cusacklab/foundcog/bids/derivatives/faizan_motion_correction_dataset/brain_masked_cropped_2mo_normalized_to_common_space/_subject_id_IRC3/_referencetype_standard/_run_001_session_1_task_name_rest10/sub-IRC3_ses-1_task-rest10_dir-AP_run-001_bold_mcf_corrected_flirt.nii.gz,"(60, 72, 56, 483)",483,7.2,
ok,IRC21,1,001,rest10,/lustre/disk/home/shared/cusacklab/foundcog/bids/derivatives/normalized_to_common_space/_subject_id_IRC21/_referencetype_standard/_run_001_session_1_task_name_rest10/sub-IRC21_ses-1_task-rest10_dir-AP_run-001_bold_mcf_corrected_flirt.nii.gz,/lustre/disk/home/shared/cusacklab/foundcog/bids/derivatives/faizan_motion_correction_dataset/brain_masked_cropped_2mo_normalized_to_common_space/_subject_id_IRC21/_referencetype_standard/_run_001_session_1_task_name_rest10/sub-IRC21_ses-1_task-rest10_dir-AP_run-001_bold_mcf_corrected_flirt.nii.gz,"(60, 72, 56, 1000)",1000,32.6,
ok,IRC3,1,002,videos,/lustre/disk/home/shared/cusacklab/foundcog/bids/derivatives/normalized_to_common_space/_subject_id_IRC3/_referencetype_standard/_run_002_session_1_task_name_videos/sub-IRC3_ses-1_task-videos_dir-AP_run-002_bold_mcf_corrected_flirt.nii.gz,/lustre/disk/home/shared/cusacklab/foundcog/bids/derivatives/faizan_motion_correction_dataset/brain_masked_cropped_2mo_normalized_to_common_space/_subject_id_IRC3/_referencetype_standard/_run_002_session_1_task_name_videos/sub-IRC3_ses-1_task-videos_dir-AP_run-002_bold_mcf_corrected_flirt.nii.gz,"(60, 72, 56, 475)",475,7.0,
ok,IRC31,2,001,videos,/lustre/disk/home/shared/cusacklab/foundcog/bids/derivatives/normalized_to_common_space/_subject_id_IRC31/_referencetype_standard/_run_001_session_2_task_name_videos/sub-IRC31_ses-2_task-videos_dir-AP_run-001_bold_mcf_corrected_flirt.nii.gz,/lustre/disk/home/shared/cusacklab/foundcog/bids/derivatives/faizan_motion_correction_dataset/brain_masked_cropped_2mo_normalized_to_common_space/_subject_id_IRC31/_referencetype_standard/_run_001_session_2_task_name_videos/sub-IRC31_ses-2_task-videos_dir-AP_run-001_bold_mcf_corrected_flirt.nii.gz,"(60, 72, 56, 115)",115,3.8,
ok,IRC29,2,001,videos,/lustre/disk/home/shared/cusacklab/foundcog/bids/derivatives/normalized_to_common_space/_subject_id_IRC29/_referencetype_standard/_run_001_session_2_task_name_videos/sub-IRC29_ses-2_task-videos_dir-AP_run-001_bold_mcf_corrected_flirt.nii.gz,/lustre/disk/home/shared/cusacklab/foundcog/bids/derivatives/faizan_motion_correction_dataset/brain_masked_cropped_2mo_normalized_to_common_space/_subject_id_IRC29/_referencetype_standard/_run_001_session_2_task_name_videos/sub-IRC29_ses-2_task-videos_dir-AP_run-001_bold_mcf_corrected_flirt.nii.gz,"(60, 72, 56, 485)",485,15.6,
ok,IRC29,1,002,videos,/lustre/disk/home/shared/cusacklab/foundcog/bids/derivatives/normalized_to_common_space/_subject_id_IRC29/_referencetype_standard/_run_002_session_1_task_name_videos/sub-IRC29_ses-1_task-videos_dir-AP_run-002_bold_mcf_corrected_flirt.nii.gz,/lustre/disk/home/shared/cusacklab/foundcog/bids/derivatives/faizan_motion_correction_dataset/brain_masked_cropped_2mo_normalized_to_common_space/_subject_id_IRC29/_referencetype_standard/_run_002_session_1_task_name_videos/sub-IRC29_ses-1_task-videos_dir-AP_run-002_bold_mcf_corrected_flirt.nii.gz,"(60, 72, 56, 485)",485,15.4,
ok,IRC31,1,001,videos,/lustre/disk/home/shared/cusacklab/foundcog/bids/derivatives/normalized_to_common_space/_subject_id_IRC31/_referencetype_standard/_run_001_session_1_task_name_videos/sub-IRC31_ses-1_task-videos_dir-AP_run-001_bold_mcf_corrected_flirt.nii.gz,/lustre/disk/home/shared/cusacklab/foundcog/bids/derivatives/faizan_motion_correction_dataset/brain_masked_cropped_2mo_normalized_to_common_space/_subject_id_IRC31/_referencetype_standard/_run_001_session_1_task_name_videos/sub-IRC31_ses-1_task-videos_dir-AP_run-001_bold_mcf_corrected_flirt.nii.gz,"(60, 72, 56, 485)",485,15.5,
ok,IRC41,1,001,videos,/lustre/disk/home/shared/cusacklab/foundcog/bids/derivatives/normalized_to_common_space/_subject_id_IRC41/_referencetype_standard/_run_001_session_1_task_name_videos/sub-IRC41_ses-1_task-videos_dir-AP_run-001_bold_mcf_corrected_flirt.nii.gz,/lustre/disk/home/shared/cusacklab/foundcog/bids/derivatives/faizan_motion_correction_dataset/brain_masked_cropped_2mo_normalized_to_common_space/_subject_id_IRC41/_referencetype_standard/_run_001_session_1_task_name_videos/sub-IRC41_ses-1_task-videos_dir-AP_run-001_bold_mcf_corrected_flirt.nii.gz,"(60, 72, 56, 485)",485,15.6,
ok,IRC29,1,001,rest10,/lustre/disk/home/shared/cusacklab/foundcog/bids/derivatives/normalized_to_common_space/_subject_id_IRC29/_referencetype_standard/_run_001_session_1_task_name_rest10/sub-IRC29_ses-1_task-rest10_dir-AP_run-001_bold_mcf_corrected_flirt.nii.gz,/lustre/disk/home/shared/cusacklab/foundcog/bids/derivatives/faizan_motion_correction_dataset/brain_masked_cropped_2mo_normalized_to_common_space/_subject_id_IRC29/_referencetype_standard/_run_001_session_1_task_name_rest10/sub-IRC29_ses-1_task-rest10_dir-AP_run-001_bold_mcf_corrected_flirt.nii.gz,"(60, 72, 56, 1000)",1000,32.2,
ok,IRC41,2,001,videos,/lustre/disk/home/shared/cusacklab/foundcog/bids/derivatives/normalized_to_common_space/_subject_id_IRC41/_referencetype_standard/_run_001_session_2_task_name_videos/sub-IRC41_ses-2_task-videos_dir-AP_run-001_bold_mcf_corrected_flirt.nii.gz,/lustre/disk/home/shared/cusacklab/foundcog/bids/derivatives/faizan_motion_correction_dataset/brain_masked_cropped_2mo_normalized_to_common_space/_subject_id_IRC41/_referencetype_standard/_run_001_session_2_task_name_videos/sub-IRC41_ses-2_task-videos_dir-AP_run-001_bold_mcf_corrected_flirt.nii.gz,"(60, 72, 56, 485)",485,15.6,
ok,IRC41,1,002,videos,/lustre/disk/home/shared/cusacklab/foundcog/bids/derivatives/normalized_to_common_space/_subject_id_IRC41/_referencetype_standard/_run_002_session_1_task_name_videos/sub-IRC41_ses-1_task-videos_dir-AP_run-002_bold_mcf_corrected_flirt.nii.gz,/lustre/disk/home/shared/cusacklab/foundcog/bids/derivatives/faizan_motion_correction_dataset/brain_masked_cropped_2mo_normalized_to_common_space/_subject_id_IRC41/_referencetype_standard/_run_002_session_1_task_name_videos/sub-IRC41_ses-1_task-videos_dir-AP_run-002_bold_mcf_corrected_flirt.nii.gz,"(60, 72, 56, 485)",485,15.7,
ok,IRC41,2,002,videos,/lustre/disk/home/shared/cusacklab/foundcog/bids/derivatives/normalized_to_common_space/_subject_id_IRC41/_referencetype_standard/_run_002_session_2_task_name_videos/sub-IRC41_ses-2_task-videos_dir-AP_run-002_bold_mcf_corrected_flirt.nii.gz,/lustre/disk/home/shared/cusacklab/foundcog/bids/derivatives/faizan_motion_correction_dataset/brain_masked_cropped_2mo_normalized_to_common_space/_subject_id_IRC41/_referencetype_standard/_run_002_session_2_task_name_videos/sub-IRC41_ses-2_task-videos_dir-AP_run-002_bold_mcf_corrected_flirt.nii.gz,"(60, 72, 56, 485)",485,15.6,
ok,IRC49,1,002,videos,/lustre/disk/home/shared/cusacklab/foundcog/bids/derivatives/normalized_to_common_space/_subject_id_IRC49/_referencetype_standard/_run_002_session_1_task_name_videos/sub-IRC49_ses-1_task-videos_dir-AP_run-002_bold_mcf_corrected_flirt.nii.gz,/lustre/disk/home/shared/cusacklab/foundcog/bids/derivatives/faizan_motion_correction_dataset/brain_masked_cropped_2mo_normalized_to_common_space/_subject_id_IRC49/_referencetype_standard/_run_002_session_1_task_name_videos/sub-IRC49_ses-1_task-videos_dir-AP_run-002_bold_mcf_corrected_flirt.nii.gz,"(60, 72, 56, 160)",160,2.4,
ok,IRC45,1,001,videos,/lustre/disk/home/shared/cusacklab/foundcog/bids/derivatives/normalized_to_common_space/_subject_id_IRC45/_referencetype_standard/_run_001_session_1_task_name_videos/sub-IRC45_ses-1_task-videos_dir-AP_run-001_bold_mcf_corrected_flirt.nii.gz,/lustre/disk/home/shared/cusacklab/foundcog/bids/derivatives/faizan_motion_correction_dataset/brain_masked_cropped_2mo_normalized_to_common_space/_subject_id_IRC45/_referencetype_standard/_run_001_session_1_task_name_videos/sub-IRC45_ses-1_task-videos_dir-AP_run-001_bold_mcf_corrected_flirt.nii.gz,"(60, 72, 56, 485)",485,15.6,
ok,IRC31,1,001,rest10,/lustre/disk/home/shared/cusacklab/foundcog/bids/derivatives/normalized_to_common_space/_subject_id_IRC31/_referencetype_standard/_run_001_session_1_task_name_rest10/sub-IRC31_ses-1_task-rest10_dir-AP_run-001_bold_mcf_corrected_flirt.nii.gz,/lustre/disk/home/shared/cusacklab/foundcog/bids/derivatives/faizan_motion_correction_dataset/brain_masked_cropped_2mo_normalized_to_common_space/_subject_id_IRC31/_referencetype_standard/_run_001_session_1_task_name_rest10/sub-IRC31_ses-1_task-rest10_dir-AP_run-001_bold_mcf_corrected_flirt.nii.gz,"(60, 72, 56, 1000)",1000,33.1,
ok,IRC49,1,001,videos,/lustre/disk/home/shared/cusacklab/foundcog/bids/derivatives/normalized_to_common_space/_subject_id_IRC49/_referencetype_standard/_run_001_session_1_task_name_videos/sub-IRC49_ses-1_task-videos_dir-AP_run-001_bold_mcf_corrected_flirt.nii.gz,/lustre/disk/home/shared/cusacklab/foundcog/bids/derivatives/faizan_motion_correction_dataset/brain_masked_cropped_2mo_normalized_to_common_space/_subject_id_IRC49/_referencetype_standard/_run_001_session_1_task_name_videos/sub-IRC49_ses-1_task-videos_dir-AP_run-001_bold_mcf_corrected_flirt.nii.gz,"(60, 72, 56, 485)",485,7.3,
ok,IRC61,1,002,videos,/lustre/disk/home/shared/cusacklab/foundcog/bids/derivatives/normalized_to_common_space/_subject_id_IRC61/_referencetype_standard/_run_002_session_1_task_name_videos/sub-IRC61_ses-1_task-videos_dir-AP_run-002_bold_mcf_corrected_flirt.nii.gz,/lustre/disk/home/shared/cusacklab/foundcog/bids/derivatives/faizan_motion_correction_dataset/brain_masked_cropped_2mo_normalized_to_common_space/_subject_id_IRC61/_referencetype_standard/_run_002_session_1_task_name_videos/sub-IRC61_ses-1_task-videos_dir-AP_run-002_bold_mcf_corrected_flirt.nii.gz,"(60, 72, 56, 148)",148,4.8,
ok,IRC41,1,001,rest10,/lustre/disk/home/shared/cusacklab/foundcog/bids/derivatives/normalized_to_common_space/_subject_id_IRC41/_referencetype_standard/_run_001_session_1_task_name_rest10/sub-IRC41_ses-1_task-rest10_dir-AP_run-001_bold_mcf_corrected_flirt.nii.gz,/lustre/disk/home/shared/cusacklab/foundcog/bids/derivatives/faizan_motion_correction_dataset/brain_masked_cropped_2mo_normalized_to_common_space/_subject_id_IRC41/_referencetype_standard/_run_001_session_1_task_name_rest10/sub-IRC41_ses-1_task-rest10_dir-AP_run-001_bold_mcf_corrected_flirt.nii.gz,"(60, 72, 56, 1000)",1000,33.0,
ok,IRC45,2,001,videos,/lustre/disk/home/shared/cusacklab/foundcog/bids/derivatives/normalized_to_common_space/_subject_id_IRC45/_referencetype_standard/_run_001_session_2_task_name_videos/sub-IRC45_ses-2_task-videos_dir-AP_run-001_bold_mcf_corrected_flirt.nii.gz,/lustre/disk/home/shared/cusacklab/foundcog/bids/derivatives/faizan_motion_correction_dataset/brain_masked_cropped_2mo_normalized_to_common_space/_subject_id_IRC45/_referencetype_standard/_run_001_session_2_task_name_videos/sub-IRC45_ses-2_task-videos_dir-AP_run-001_bold_mcf_corrected_flirt.nii.gz,"(60, 72, 56, 485)",485,15.8,
ok,IRC61,2,001,videos,/lustre/disk/home/shared/cusacklab/foundcog/bids/derivatives/normalized_to_common_space/_subject_id_IRC61/_referencetype_standard/_run_001_session_2_task_name_videos/sub-IRC61_ses-2_task-videos_dir-AP_run-001_bold_mcf_corrected_flirt.nii.gz,/lustre/disk/home/shared/cusacklab/foundcog/bids/derivatives/faizan_motion_correction_dataset/brain_masked_cropped_2mo_normalized_to_common_space/_subject_id_IRC61/_referencetype_standard/_run_001_session_2_task_name_videos/sub-IRC61_ses-2_task-videos_dir-AP_run-001_bold_mcf_corrected_flirt.nii.gz,"(60, 72, 56, 195)",195,6.3,
ok,IRC45,1,002,videos,/lustre/disk/home/shared/cusacklab/foundcog/bids/derivatives/normalized_to_common_space/_subject_id_IRC45/_referencetype_standard/_run_002_session_1_task_name_videos/sub-IRC45_ses-1_task-videos_dir-AP_run-002_bold_mcf_corrected_flirt.nii.gz,/lustre/disk/home/shared/cusacklab/foundcog/bids/derivatives/faizan_motion_correction_dataset/brain_masked_cropped_2mo_normalized_to_common_space/_subject_id_IRC45/_referencetype_standard/_run_002_session_1_task_name_videos/sub-IRC45_ses-1_task-videos_dir-AP_run-002_bold_mcf_corrected_flirt.nii.gz,"(60, 72, 56, 485)",485,15.9,
ok,IRC61,2,003,videos,/lustre/disk/home/shared/cusacklab/foundcog/bids/derivatives/normalized_to_common_space/_subject_id_IRC61/_referencetype_standard/_run_003_session_2_task_name_videos/sub-IRC61_ses-2_task-videos_dir-AP_run-003_bold_mcf_corrected_flirt.nii.gz,/lustre/disk/home/shared/cusacklab/foundcog/bids/derivatives/faizan_motion_correction_dataset/brain_masked_cropped_2mo_normalized_to_common_space/_subject_id_IRC61/_referencetype_standard/_run_003_session_2_task_name_videos/sub-IRC61_ses-2_task-videos_dir-AP_run-003_bold_mcf_corrected_flirt.nii.gz,"(60, 72, 56, 67)",67,2.2,
ok,IRC69,1,001,videos,/lustre/disk/home/shared/cusacklab/foundcog/bids/derivatives/normalized_to_common_space/_subject_id_IRC69/_referencetype_standard/_run_001_session_1_task_name_videos/sub-IRC69_ses-1_task-videos_dir-AP_run-001_bold_mcf_corrected_flirt.nii.gz,/lustre/disk/home/shared/cusacklab/foundcog/bids/derivatives/faizan_motion_correction_dataset/brain_masked_cropped_2mo_normalized_to_common_space/_subject_id_IRC69/_referencetype_standard/_run_001_session_1_task_name_videos/sub-IRC69_ses-1_task-videos_dir-AP_run-001_bold_mcf_corrected_flirt.nii.gz,"(60, 72, 56, 100)",100,1.5,
ok,IRC67,1,001,videos,/lustre/disk/home/shared/cusacklab/foundcog/bids/derivatives/normalized_to_common_space/_subject_id_IRC67/_referencetype_standard/_run_001_session_1_task_name_videos/sub-IRC67_ses-1_task-videos_dir-AP_run-001_bold_mcf_corrected_flirt.nii.gz,/lustre/disk/home/shared/cusacklab/foundcog/bids/derivatives/faizan_motion_correction_dataset/brain_masked_cropped_2mo_normalized_to_common_space/_subject_id_IRC67/_referencetype_standard/_run_001_session_1_task_name_videos/sub-IRC67_ses-1_task-videos_dir-AP_run-001_bold_mcf_corrected_flirt.nii.gz,"(60, 72, 56, 485)",485,6.8,
ok,IRC69,1,002,videos,/lustre/disk/home/shared/cusacklab/foundcog/bids/derivatives/normalized_to_common_space/_subject_id_IRC69/_referencetype_standard/_run_002_session_1_task_name_videos/sub-IRC69_ses-1_task-videos_dir-AP_run-002_bold_mcf_corrected_flirt.nii.gz,/lustre/disk/home/shared/cusacklab/foundcog/bids/derivatives/faizan_motion_correction_dataset/brain_masked_cropped_2mo_normalized_to_common_space/_subject_id_IRC69/_referencetype_standard/_run_002_session_1_task_name_videos/sub-IRC69_ses-1_task-videos_dir-AP_run-002_bold_mcf_corrected_flirt.nii.gz,"(60, 72, 56, 485)",485,7.3,
ok,IRC61,1,001,videos,/lustre/disk/home/shared/cusacklab/foundcog/bids/derivatives/normalized_to_common_space/_subject_id_IRC61/_referencetype_standard/_run_001_session_1_task_name_videos/sub-IRC61_ses-1_task-videos_dir-AP_run-001_bold_mcf_corrected_flirt.nii.gz,/lustre/disk/home/shared/cusacklab/foundcog/bids/derivatives/faizan_motion_correction_dataset/brain_masked_cropped_2mo_normalized_to_common_space/_subject_id_IRC61/_referencetype_standard/_run_001_session_1_task_name_videos/sub-IRC61_ses-1_task-videos_dir-AP_run-001_bold_mcf_corrected_flirt.nii.gz,"(60, 72, 56, 485)",485,15.8,
ok,IRC69,1,003,videos,/lustre/disk/home/shared/cusacklab/foundcog/bids/derivatives/normalized_to_common_space/_subject_id_IRC69/_referencetype_standard/_run_003_session_1_task_name_videos/sub-IRC69_ses-1_task-videos_dir-AP_run-003_bold_mcf_corrected_flirt.nii.gz,/lustre/disk/home/shared/cusacklab/foundcog/bids/derivatives/faizan_motion_correction_dataset/brain_masked_cropped_2mo_normalized_to_common_space/_subject_id_IRC69/_referencetype_standard/_run_003_session_1_task_name_videos/sub-IRC69_ses-1_task-videos_dir-AP_run-003_bold_mcf_corrected_flirt.nii.gz,"(60, 72, 56, 485)",485,7.3,
ok,IRC9,1,001,videos,/lustre/disk/home/shared/cusacklab/foundcog/bids/derivatives/normalized_to_common_space/_subject_id_IRC9/_referencetype_standard/_run_001_session_1_task_name_videos/sub-IRC9_ses-1_task-videos_dir-AP_run-001_bold_mcf_corrected_flirt.nii.gz,/lustre/disk/home/shared/cusacklab/foundcog/bids/derivatives/faizan_motion_correction_dataset/brain_masked_cropped_2mo_normalized_to_common_space/_subject_id_IRC9/_referencetype_standard/_run_001_session_1_task_name_videos/sub-IRC9_ses-1_task-videos_dir-AP_run-001_bold_mcf_corrected_flirt.nii.gz,"(60, 72, 56, 450)",450,7.0,
ok,IRC9,2,001,videos,/lustre/disk/home/shared/cusacklab/foundcog/bids/derivatives/normalized_to_common_space/_subject_id_IRC9/_referencetype_standard/_run_001_session_2_task_name_videos/sub-IRC9_ses-2_task-videos_dir-AP_run-001_bold_mcf_corrected_flirt.nii.gz,/lustre/disk/home/shared/cusacklab/foundcog/bids/derivatives/faizan_motion_correction_dataset/brain_masked_cropped_2mo_normalized_to_common_space/_subject_id_IRC9/_referencetype_standard/_run_001_session_2_task_name_videos/sub-IRC9_ses-2_task-videos_dir-AP_run-001_bold_mcf_corrected_flirt.nii.gz,"(60, 72, 56, 475)",475,7.5,
ok,IRC61,2,002,videos,/lustre/disk/home/shared/cusacklab/foundcog/bids/derivatives/normalized_to_common_space/_subject_id_IRC61/_referencetype_standard/_run_002_session_2_task_name_videos/sub-IRC61_ses-2_task-videos_dir-AP_run-002_bold_mcf_corrected_flirt.nii.gz,/lustre/disk/home/shared/cusacklab/foundcog/bids/derivatives/faizan_motion_correction_dataset/brain_masked_cropped_2mo_normalized_to_common_space/_subject_id_IRC61/_referencetype_standard/_run_002_session_2_task_name_videos/sub-IRC61_ses-2_task-videos_dir-AP_run-002_bold_mcf_corrected_flirt.nii.gz,"(60, 72, 56, 485)",485,15.5,
ok,IRC9,2,002,videos,/lustre/disk/home/shared/cusacklab/foundcog/bids/derivatives/normalized_to_common_space/_subject_id_IRC9/_referencetype_standard/_run_002_session_2_task_name_videos/sub-IRC9_ses-2_task-videos_dir-AP_run-002_bold_mcf_corrected_flirt.nii.gz,/lustre/disk/home/shared/cusacklab/foundcog/bids/derivatives/faizan_motion_correction_dataset/brain_masked_cropped_2mo_normalized_to_common_space/_subject_id_IRC9/_referencetype_standard/_run_002_session_2_task_name_videos/sub-IRC9_ses-2_task-videos_dir-AP_run-002_bold_mcf_corrected_flirt.nii.gz,"(60, 72, 56, 475)",475,7.5,
ok,IRC45,2,001,rest10,/lustre/disk/home/shared/cusacklab/foundcog/bids/derivatives/normalized_to_common_space/_subject_id_IRC45/_referencetype_standard/_run_001_session_2_task_name_rest10/sub-IRC45_ses-2_task-rest10_dir-AP_run-001_bold_mcf_corrected_flirt.nii.gz,/lustre/disk/home/shared/cusacklab/foundcog/bids/derivatives/faizan_motion_correction_dataset/brain_masked_cropped_2mo_normalized_to_common_space/_subject_id_IRC45/_referencetype_standard/_run_001_session_2_task_name_rest10/sub-IRC45_ses-2_task-rest10_dir-AP_run-001_bold_mcf_corrected_flirt.nii.gz,"(60, 72, 56, 1000)",1000,33.4,
ok,IRC99,1,002,videos,/lustre/disk/home/shared/cusacklab/foundcog/bids/derivatives/normalized_to_common_space/_subject_id_IRC99/_referencetype_standard/_run_002_session_1_task_name_videos/sub-IRC99_ses-1_task-videos_dir-AP_run-002_bold_mcf_corrected_flirt.nii.gz,/lustre/disk/home/shared/cusacklab/foundcog/bids/derivatives/faizan_motion_correction_dataset/brain_masked_cropped_2mo_normalized_to_common_space/_subject_id_IRC99/_referencetype_standard/_run_002_session_1_task_name_videos/sub-IRC99_ses-1_task-videos_dir-AP_run-002_bold_mcf_corrected_flirt.nii.gz,"(60, 72, 56, 274)",274,9.0,
ok,IRN1,1,001,videos,/lustre/disk/home/shared/cusacklab/foundcog/bids/derivatives/normalized_to_common_space/_subject_id_IRN1/_referencetype_standard/_run_001_session_1_task_name_videos/sub-IRN1_ses-1_task-videos_dir-AP_run-001_bold_mcf_corrected_flirt.nii.gz,/lustre/disk/home/shared/cusacklab/foundcog/bids/derivatives/faizan_motion_correction_dataset/brain_masked_cropped_2mo_normalized_to_common_space/_subject_id_IRN1/_referencetype_standard/_run_001_session_1_task_name_videos/sub-IRN1_ses-1_task-videos_dir-AP_run-001_bold_mcf_corrected_flirt.nii.gz,"(60, 72, 56, 450)",450,6.2,
ok,IRN1,1,002,videos,/lustre/disk/home/shared/cusacklab/foundcog/bids/derivatives/normalized_to_common_space/_subject_id_IRN1/_referencetype_standard/_run_002_session_1_task_name_videos/sub-IRN1_ses-1_task-videos_dir-AP_run-002_bold_mcf_corrected_flirt.nii.gz,/lustre/disk/home/shared/cusacklab/foundcog/bids/derivatives/faizan_motion_correction_dataset/brain_masked_cropped_2mo_normalized_to_common_space/_subject_id_IRN1/_referencetype_standard/_run_002_session_1_task_name_videos/sub-IRN1_ses-1_task-videos_dir-AP_run-002_bold_mcf_corrected_flirt.nii.gz,"(60, 72, 56, 450)",450,6.4,
ok,IRC61,1,001,rest10,/lustre/disk/home/shared/cusacklab/foundcog/bids/derivatives/normalized_to_common_space/_subject_id_IRC61/_referencetype_standard/_run_001_session_1_task_name_rest10/sub-IRC61_ses-1_task-rest10_dir-AP_run-001_bold_mcf_corrected_flirt.nii.gz,/lustre/disk/home/shared/cusacklab/foundcog/bids/derivatives/faizan_motion_correction_dataset/brain_masked_cropped_2mo_normalized_to_common_space/_subject_id_IRC61/_referencetype_standard/_run_001_session_1_task_name_rest10/sub-IRC61_ses-1_task-rest10_dir-AP_run-001_bold_mcf_corrected_flirt.nii.gz,"(60, 72, 56, 1000)",1000,32.8,
ok,IRC99,1,003,videos,/lustre/disk/home/shared/cusacklab/foundcog/bids/derivatives/normalized_to_common_space/_subject_id_IRC99/_referencetype_standard/_run_003_session_1_task_name_videos/sub-IRC99_ses-1_task-videos_dir-AP_run-003_bold_mcf_corrected_flirt.nii.gz,/lustre/disk/home/shared/cusacklab/foundcog/bids/derivatives/faizan_motion_correction_dataset/brain_masked_cropped_2mo_normalized_to_common_space/_subject_id_IRC99/_referencetype_standard/_run_003_session_1_task_name_videos/sub-IRC99_ses-1_task-videos_dir-AP_run-003_bold_mcf_corrected_flirt.nii.gz,"(60, 72, 56, 330)",330,10.9,
ok,IRC99,1,001,videos,/lustre/disk/home/shared/cusacklab/foundcog/bids/derivatives/normalized_to_common_space/_subject_id_IRC99/_referencetype_standard/_run_001_session_1_task_name_videos/sub-IRC99_ses-1_task-videos_dir-AP_run-001_bold_mcf_corrected_flirt.nii.gz,/lustre/disk/home/shared/cusacklab/foundcog/bids/derivatives/faizan_motion_correction_dataset/brain_masked_cropped_2mo_normalized_to_common_space/_subject_id_IRC99/_referencetype_standard/_run_001_session_1_task_name_videos/sub-IRC99_ses-1_task-videos_dir-AP_run-001_bold_mcf_corrected_flirt.nii.gz,"(60, 72, 56, 485)",485,16.1,
ok,IRN1,1,001,rest10,/lustre/disk/home/shared/cusacklab/foundcog/bids/derivatives/normalized_to_common_space/_subject_id_IRN1/_referencetype_standard/_run_001_session_1_task_name_rest10/sub-IRN1_ses-1_task-rest10_dir-AP_run-001_bold_mcf_corrected_flirt.nii.gz,/lustre/disk/home/shared/cusacklab/foundcog/bids/derivatives/faizan_motion_correction_dataset/brain_masked_cropped_2mo_normalized_to_common_space/_subject_id_IRN1/_referencetype_standard/_run_001_session_1_task_name_rest10/sub-IRN1_ses-1_task-rest10_dir-AP_run-001_bold_mcf_corrected_flirt.nii.gz,"(60, 72, 56, 1000)",1000,14.4,
ok,IRN20,1,001,videos,/lustre/disk/home/shared/cusacklab/foundcog/bids/derivatives/normalized_to_common_space/_subject_id_IRN20/_referencetype_standard/_run_001_session_1_task_name_videos/sub-IRN20_ses-1_task-videos_dir-AP_run-001_bold_mcf_corrected_flirt.nii.gz,/lustre/disk/home/shared/cusacklab/foundcog/bids/derivatives/faizan_motion_correction_dataset/brain_masked_cropped_2mo_normalized_to_common_space/_subject_id_IRN20/_referencetype_standard/_run_001_session_1_task_name_videos/sub-IRN20_ses-1_task-videos_dir-AP_run-001_bold_mcf_corrected_flirt.nii.gz,"(60, 72, 56, 235)",235,7.8,
ok,IRN12,1,001,videos,/lustre/disk/home/shared/cusacklab/foundcog/bids/derivatives/normalized_to_common_space/_subject_id_IRN12/_referencetype_standard/_run_001_session_1_task_name_videos/sub-IRN12_ses-1_task-videos_dir-AP_run-001_bold_mcf_corrected_flirt.nii.gz,/lustre/disk/home/shared/cusacklab/foundcog/bids/derivatives/faizan_motion_correction_dataset/brain_masked_cropped_2mo_normalized_to_common_space/_subject_id_IRN12/_referencetype_standard/_run_001_session_1_task_name_videos/sub-IRN12_ses-1_task-videos_dir-AP_run-001_bold_mcf_corrected_flirt.nii.gz,"(60, 72, 56, 485)",485,15.6,
ok,IRN12,2,001,videos,/lustre/disk/home/shared/cusacklab/foundcog/bids/derivatives/normalized_to_common_space/_subject_id_IRN12/_referencetype_standard/_run_001_session_2_task_name_videos/sub-IRN12_ses-2_task-videos_dir-AP_run-001_bold_mcf_corrected_flirt.nii.gz,/lustre/disk/home/shared/cusacklab/foundcog/bids/derivatives/faizan_motion_correction_dataset/brain_masked_cropped_2mo_normalized_to_common_space/_subject_id_IRN12/_referencetype_standard/_run_001_session_2_task_name_videos/sub-IRN12_ses-2_task-videos_dir-AP_run-001_bold_mcf_corrected_flirt.nii.gz,"(60, 72, 56, 485)",485,15.6,
ok,IRN20,1,002,videos,/lustre/disk/home/shared/cusacklab/foundcog/bids/derivatives/normalized_to_common_space/_subject_id_IRN20/_referencetype_standard/_run_002_session_1_task_name_videos/sub-IRN20_ses-1_task-videos_dir-AP_run-002_bold_mcf_corrected_flirt.nii.gz,/lustre/disk/home/shared/cusacklab/foundcog/bids/derivatives/faizan_motion_correction_dataset/brain_masked_cropped_2mo_normalized_to_common_space/_subject_id_IRN20/_referencetype_standard/_run_002_session_1_task_name_videos/sub-IRN20_ses-1_task-videos_dir-AP_run-002_bold_mcf_corrected_flirt.nii.gz,"(60, 72, 56, 180)",180,5.9,
ok,IRN12,1,002,videos,/lustre/disk/home/shared/cusacklab/foundcog/bids/derivatives/normalized_to_common_space/_subject_id_IRN12/_referencetype_standard/_run_002_session_1_task_name_videos/sub-IRN12_ses-1_task-videos_dir-AP_run-002_bold_mcf_corrected_flirt.nii.gz,/lustre/disk/home/shared/cusacklab/foundcog/bids/derivatives/faizan_motion_correction_dataset/brain_masked_cropped_2mo_normalized_to_common_space/_subject_id_IRN12/_referencetype_standard/_run_002_session_1_task_name_videos/sub-IRN12_ses-1_task-videos_dir-AP_run-002_bold_mcf_corrected_flirt.nii.gz,"(60, 72, 56, 485)",485,15.6,
ok,IRC99,2,001,rest10,/lustre/disk/home/shared/cusacklab/foundcog/bids/derivatives/normalized_to_common_space/_subject_id_IRC99/_referencetype_standard/_run_001_session_2_task_name_rest10/sub-IRC99_ses-2_task-rest10_dir-AP_run-001_bold_mcf_corrected_flirt.nii.gz,/lustre/disk/home/shared/cusacklab/foundcog/bids/derivatives/faizan_motion_correction_dataset/brain_masked_cropped_2mo_normalized_to_common_space/_subject_id_IRC99/_referencetype_standard/_run_001_session_2_task_name_rest10/sub-IRC99_ses-2_task-rest10_dir-AP_run-001_bold_mcf_corrected_flirt.nii.gz,"(60, 72, 56, 1000)",1000,33.3,
ok,IRN26,1,001,videos,/lustre/disk/home/shared/cusacklab/foundcog/bids/derivatives/normalized_to_common_space/_subject_id_IRN26/_referencetype_standard/_run_001_session_1_task_name_videos/sub-IRN26_ses-1_task-videos_dir-AP_run-001_bold_mcf_corrected_flirt.nii.gz,/lustre/disk/home/shared/cusacklab/foundcog/bids/derivatives/faizan_motion_correction_dataset/brain_masked_cropped_2mo_normalized_to_common_space/_subject_id_IRN26/_referencetype_standard/_run_001_session_1_task_name_videos/sub-IRN26_ses-1_task-videos_dir-AP_run-001_bold_mcf_corrected_flirt.nii.gz,"(60, 72, 56, 131)",131,4.0,
ok,IRN22,1,001,videos,/lustre/disk/home/shared/cusacklab/foundcog/bids/derivatives/normalized_to_common_space/_subject_id_IRN22/_referencetype_standard/_run_001_session_1_task_name_videos/sub-IRN22_ses-1_task-videos_dir-AP_run-001_bold_mcf_corrected_flirt.nii.gz,/lustre/disk/home/shared/cusacklab/foundcog/bids/derivatives/faizan_motion_correction_dataset/brain_masked_cropped_2mo_normalized_to_common_space/_subject_id_IRN22/_referencetype_standard/_run_001_session_1_task_name_videos/sub-IRN22_ses-1_task-videos_dir-AP_run-001_bold_mcf_corrected_flirt.nii.gz,"(60, 72, 56, 338)",338,5.1,
ok,IRN20,2,001,videos,/lustre/disk/home/shared/cusacklab/foundcog/bids/derivatives/normalized_to_common_space/_subject_id_IRN20/_referencetype_standard/_run_001_session_2_task_name_videos/sub-IRN20_ses-2_task-videos_dir-AP_run-001_bold_mcf_corrected_flirt.nii.gz,/lustre/disk/home/shared/cusacklab/foundcog/bids/derivatives/faizan_motion_correction_dataset/brain_masked_cropped_2mo_normalized_to_common_space/_subject_id_IRN20/_referencetype_standard/_run_001_session_2_task_name_videos/sub-IRN20_ses-2_task-videos_dir-AP_run-001_bold_mcf_corrected_flirt.nii.gz,"(60, 72, 56, 485)",485,16.1,
ok,IRN22,1,002,videos,/lustre/disk/home/shared/cusacklab/foundcog/bids/derivatives/normalized_to_common_space/_subject_id_IRN22/_referencetype_standard/_run_002_session_1_task_name_videos/sub-IRN22_ses-1_task-videos_dir-AP_run-002_bold_mcf_corrected_flirt.nii.gz,/lustre/disk/home/shared/cusacklab/foundcog/bids/derivatives/faizan_motion_correction_dataset/brain_masked_cropped_2mo_normalized_to_common_space/_subject_id_IRN22/_referencetype_standard/_run_002_session_1_task_name_videos/sub-IRN22_ses-1_task-videos_dir-AP_run-002_bold_mcf_corrected_flirt.nii.gz,"(60, 72, 56, 485)",485,7.3,
ok,IRN26,1,003,videos,/lustre/disk/home/shared/cusacklab/foundcog/bids/derivatives/normalized_to_common_space/_subject_id_IRN26/_referencetype_standard/_run_003_session_1_task_name_videos/sub-IRN26_ses-1_task-videos_dir-AP_run-003_bold_mcf_corrected_flirt.nii.gz,/lustre/disk/home/shared/cusacklab/foundcog/bids/derivatives/faizan_motion_correction_dataset/brain_masked_cropped_2mo_normalized_to_common_space/_subject_id_IRN26/_referencetype_standard/_run_003_session_1_task_name_videos/sub-IRN26_ses-1_task-videos_dir-AP_run-003_bold_mcf_corrected_flirt.nii.gz,"(60, 72, 56, 88)",88,2.7,
ok,IRN20,2,002,videos,/lustre/disk/home/shared/cusacklab/foundcog/bids/derivatives/normalized_to_common_space/_subject_id_IRN20/_referencetype_standard/_run_002_session_2_task_name_videos/sub-IRN20_ses-2_task-videos_dir-AP_run-002_bold_mcf_corrected_flirt.nii.gz,/lustre/disk/home/shared/cusacklab/foundcog/bids/derivatives/faizan_motion_correction_dataset/brain_masked_cropped_2mo_normalized_to_common_space/_subject_id_IRN20/_referencetype_standard/_run_002_session_2_task_name_videos/sub-IRN20_ses-2_task-videos_dir-AP_run-002_bold_mcf_corrected_flirt.nii.gz,"(60, 72, 56, 485)",485,16.0,
ok,IRN12,2,001,rest10,/lustre/disk/home/shared/cusacklab/foundcog/bids/derivatives/normalized_to_common_space/_subject_id_IRN12/_referencetype_standard/_run_001_session_2_task_name_rest10/sub-IRN12_ses-2_task-rest10_dir-AP_run-001_bold_mcf_corrected_flirt.nii.gz,/lustre/disk/home/shared/cusacklab/foundcog/bids/derivatives/faizan_motion_correction_dataset/brain_masked_cropped_2mo_normalized_to_common_space/_subject_id_IRN12/_referencetype_standard/_run_001_session_2_task_name_rest10/sub-IRN12_ses-2_task-rest10_dir-AP_run-001_bold_mcf_corrected_flirt.nii.gz,"(60, 72, 56, 1000)",1000,32.2,
ok,IRN20,1,001,rest10,/lustre/disk/home/shared/cusacklab/foundcog/bids/derivatives/normalized_to_common_space/_subject_id_IRN20/_referencetype_standard/_run_001_session_1_task_name_rest10/sub-IRN20_ses-1_task-rest10_dir-AP_run-001_bold_mcf_corrected_flirt.nii.gz,/lustre/disk/home/shared/cusacklab/foundcog/bids/derivatives/faizan_motion_correction_dataset/brain_masked_cropped_2mo_normalized_to_common_space/_subject_id_IRN20/_referencetype_standard/_run_001_session_1_task_name_rest10/sub-IRN20_ses-1_task-rest10_dir-AP_run-001_bold_mcf_corrected_flirt.nii.gz,"(60, 72, 56, 1000)",1000,32.5,
ok,IRN26,1,002,videos,/lustre/disk/home/shared/cusacklab/foundcog/bids/derivatives/normalized_to_common_space/_subject_id_IRN26/_referencetype_standard/_run_002_session_1_task_name_videos/sub-IRN26_ses-1_task-videos_dir-AP_run-002_bold_mcf_corrected_flirt.nii.gz,/lustre/disk/home/shared/cusacklab/foundcog/bids/derivatives/faizan_motion_correction_dataset/brain_masked_cropped_2mo_normalized_to_common_space/_subject_id_IRN26/_referencetype_standard/_run_002_session_1_task_name_videos/sub-IRN26_ses-1_task-videos_dir-AP_run-002_bold_mcf_corrected_flirt.nii.gz,"(60, 72, 56, 485)",485,14.6,
ok,IRN26,2,001,videos,/lustre/disk/home/shared/cusacklab/foundcog/bids/derivatives/normalized_to_common_space/_subject_id_IRN26/_referencetype_standard/_run_001_session_2_task_name_videos/sub-IRN26_ses-2_task-videos_dir-AP_run-001_bold_mcf_corrected_flirt.nii.gz,/lustre/disk/home/shared/cusacklab/foundcog/bids/derivatives/faizan_motion_correction_dataset/brain_masked_cropped_2mo_normalized_to_common_space/_subject_id_IRN26/_referencetype_standard/_run_001_session_2_task_name_videos/sub-IRN26_ses-2_task-videos_dir-AP_run-001_bold_mcf_corrected_flirt.nii.gz,"(60, 72, 56, 485)",485,14.7,
ok,IRN32,1,001,videos,/lustre/disk/home/shared/cusacklab/foundcog/bids/derivatives/normalized_to_common_space/_subject_id_IRN32/_referencetype_standard/_run_001_session_1_task_name_videos/sub-IRN32_ses-1_task-videos_dir-AP_run-001_bold_mcf_corrected_flirt.nii.gz,/lustre/disk/home/shared/cusacklab/foundcog/bids/derivatives/faizan_motion_correction_dataset/brain_masked_cropped_2mo_normalized_to_common_space/_subject_id_IRN32/_referencetype_standard/_run_001_session_1_task_name_videos/sub-IRN32_ses-1_task-videos_dir-AP_run-001_bold_mcf_corrected_flirt.nii.gz,"(60, 72, 56, 93)",93,3.1,
ok,IRN32,1,002,videos,/lustre/disk/home/shared/cusacklab/foundcog/bids/derivatives/normalized_to_common_space/_subject_id_IRN32/_referencetype_standard/_run_002_session_1_task_name_videos/sub-IRN32_ses-1_task-videos_dir-AP_run-002_bold_mcf_corrected_flirt.nii.gz,/lustre/disk/home/shared/cusacklab/foundcog/bids/derivatives/faizan_motion_correction_dataset/brain_masked_cropped_2mo_normalized_to_common_space/_subject_id_IRN32/_referencetype_standard/_run_002_session_1_task_name_videos/sub-IRN32_ses-1_task-videos_dir-AP_run-002_bold_mcf_corrected_flirt.nii.gz,"(60, 72, 56, 100)",100,3.3,
ok,IRN30,1,001,videos,/lustre/disk/home/shared/cusacklab/foundcog/bids/derivatives/normalized_to_common_space/_subject_id_IRN30/_referencetype_standard/_run_001_session_1_task_name_videos/sub-IRN30_ses-1_task-videos_dir-AP_run-001_bold_mcf_corrected_flirt.nii.gz,/lustre/disk/home/shared/cusacklab/foundcog/bids/derivatives/faizan_motion_correction_dataset/brain_masked_cropped_2mo_normalized_to_common_space/_subject_id_IRN30/_referencetype_standard/_run_001_session_1_task_name_videos/sub-IRN30_ses-1_task-videos_dir-AP_run-001_bold_mcf_corrected_flirt.nii.gz,"(60, 72, 56, 485)",485,16.1,
ok,IRN30,1,002,videos,/lustre/disk/home/shared/cusacklab/foundcog/bids/derivatives/normalized_to_common_space/_subject_id_IRN30/_referencetype_standard/_run_002_session_1_task_name_videos/sub-IRN30_ses-1_task-videos_dir-AP_run-002_bold_mcf_corrected_flirt.nii.gz,/lustre/disk/home/shared/cusacklab/foundcog/bids/derivatives/faizan_motion_correction_dataset/brain_masked_cropped_2mo_normalized_to_common_space/_subject_id_IRN30/_referencetype_standard/_run_002_session_1_task_name_videos/sub-IRN30_ses-1_task-videos_dir-AP_run-002_bold_mcf_corrected_flirt.nii.gz,"(60, 72, 56, 485)",485,15.7,
ok,IRN34,1,001,videos,/lustre/disk/home/shared/cusacklab/foundcog/bids/derivatives/normalized_to_common_space/_subject_id_IRN34/_referencetype_standard/_run_001_session_1_task_name_videos/sub-IRN34_ses-1_task-videos_dir-AP_run-001_bold_mcf_corrected_flirt.nii.gz,/lustre/disk/home/shared/cusacklab/foundcog/bids/derivatives/faizan_motion_correction_dataset/brain_masked_cropped_2mo_normalized_to_common_space/_subject_id_IRN34/_referencetype_standard/_run_001_session_1_task_name_videos/sub-IRN34_ses-1_task-videos_dir-AP_run-001_bold_mcf_corrected_flirt.nii.gz,"(60, 72, 56, 485)",485,7.2,
ok,IRN32,2,001,videos,/lustre/disk/home/shared/cusacklab/foundcog/bids/derivatives/normalized_to_common_space/_subject_id_IRN32/_referencetype_standard/_run_001_session_2_task_name_videos/sub-IRN32_ses-2_task-videos_dir-AP_run-001_bold_mcf_corrected_flirt.nii.gz,/lustre/disk/home/shared/cusacklab/foundcog/bids/derivatives/faizan_motion_correction_dataset/brain_masked_cropped_2mo_normalized_to_common_space/_subject_id_IRN32/_referencetype_standard/_run_001_session_2_task_name_videos/sub-IRN32_ses-2_task-videos_dir-AP_run-001_bold_mcf_corrected_flirt.nii.gz,"(60, 72, 56, 342)",342,11.3,
ok,IRN34,2,001,videos,/lustre/disk/home/shared/cusacklab/foundcog/bids/derivatives/normalized_to_common_space/_subject_id_IRN34/_referencetype_standard/_run_001_session_2_task_name_videos/sub-IRN34_ses-2_task-videos_dir-AP_run-001_bold_mcf_corrected_flirt.nii.gz,/lustre/disk/home/shared/cusacklab/foundcog/bids/derivatives/faizan_motion_correction_dataset/brain_masked_cropped_2mo_normalized_to_common_space/_subject_id_IRN34/_referencetype_standard/_run_001_session_2_task_name_videos/sub-IRN34_ses-2_task-videos_dir-AP_run-001_bold_mcf_corrected_flirt.nii.gz,"(60, 72, 56, 485)",485,7.2,
ok,IRN26,2,001,rest10,/lustre/disk/home/shared/cusacklab/foundcog/bids/derivatives/normalized_to_common_space/_subject_id_IRN26/_referencetype_standard/_run_001_session_2_task_name_rest10/sub-IRN26_ses-2_task-rest10_dir-AP_run-001_bold_mcf_corrected_flirt.nii.gz,/lustre/disk/home/shared/cusacklab/foundcog/bids/derivatives/faizan_motion_correction_dataset/brain_masked_cropped_2mo_normalized_to_common_space/_subject_id_IRN26/_referencetype_standard/_run_001_session_2_task_name_rest10/sub-IRN26_ses-2_task-rest10_dir-AP_run-001_bold_mcf_corrected_flirt.nii.gz,"(60, 72, 56, 1000)",1000,31.2,
ok,IRN34,2,001,rest10,/lustre/disk/home/shared/cusacklab/foundcog/bids/derivatives/normalized_to_common_space/_subject_id_IRN34/_referencetype_standard/_run_001_session_2_task_name_rest10/sub-IRN34_ses-2_task-rest10_dir-AP_run-001_bold_mcf_corrected_flirt.nii.gz,/lustre/disk/home/shared/cusacklab/foundcog/bids/derivatives/faizan_motion_correction_dataset/brain_masked_cropped_2mo_normalized_to_common_space/_subject_id_IRN34/_referencetype_standard/_run_001_session_2_task_name_rest10/sub-IRN34_ses-2_task-rest10_dir-AP_run-001_bold_mcf_corrected_flirt.nii.gz,"(60, 72, 56, 1000)",1000,15.1,
ok,IRN42,1,001,videos,/lustre/disk/home/shared/cusacklab/foundcog/bids/derivatives/normalized_to_common_space/_subject_id_IRN42/_referencetype_standard/_run_001_session_1_task_name_videos/sub-IRN42_ses-1_task-videos_dir-AP_run-001_bold_mcf_corrected_flirt.nii.gz,/lustre/disk/home/shared/cusacklab/foundcog/bids/derivatives/faizan_motion_correction_dataset/brain_masked_cropped_2mo_normalized_to_common_space/_subject_id_IRN42/_referencetype_standard/_run_001_session_1_task_name_videos/sub-IRN42_ses-1_task-videos_dir-AP_run-001_bold_mcf_corrected_flirt.nii.gz,"(60, 72, 56, 485)",485,7.3,
ok,IRN30,1,001,rest10,/lustre/disk/home/shared/cusacklab/foundcog/bids/derivatives/normalized_to_common_space/_subject_id_IRN30/_referencetype_standard/_run_001_session_1_task_name_rest10/sub-IRN30_ses-1_task-rest10_dir-AP_run-001_bold_mcf_corrected_flirt.nii.gz,/lustre/disk/home/shared/cusacklab/foundcog/bids/derivatives/faizan_motion_correction_dataset/brain_masked_cropped_2mo_normalized_to_common_space/_subject_id_IRN30/_referencetype_standard/_run_001_session_1_task_name_rest10/sub-IRN30_ses-1_task-rest10_dir-AP_run-001_bold_mcf_corrected_flirt.nii.gz,"(60, 72, 56, 1000)",1000,32.9,
ok,IRN42,2,001,videos,/lustre/disk/home/shared/cusacklab/foundcog/bids/derivatives/normalized_to_common_space/_subject_id_IRN42/_referencetype_standard/_run_001_session_2_task_name_videos/sub-IRN42_ses-2_task-videos_dir-AP_run-001_bold_mcf_corrected_flirt.nii.gz,/lustre/disk/home/shared/cusacklab/foundcog/bids/derivatives/faizan_motion_correction_dataset/brain_masked_cropped_2mo_normalized_to_common_space/_subject_id_IRN42/_referencetype_standard/_run_001_session_2_task_name_videos/sub-IRN42_ses-2_task-videos_dir-AP_run-001_bold_mcf_corrected_flirt.nii.gz,"(60, 72, 56, 485)",485,7.4,
ok,IRN42,1,002,videos,/lustre/disk/home/shared/cusacklab/foundcog/bids/derivatives/normalized_to_common_space/_subject_id_IRN42/_referencetype_standard/_run_002_session_1_task_name_videos/sub-IRN42_ses-1_task-videos_dir-AP_run-002_bold_mcf_corrected_flirt.nii.gz,/lustre/disk/home/shared/cusacklab/foundcog/bids/derivatives/faizan_motion_correction_dataset/brain_masked_cropped_2mo_normalized_to_common_space/_subject_id_IRN42/_referencetype_standard/_run_002_session_1_task_name_videos/sub-IRN42_ses-1_task-videos_dir-AP_run-002_bold_mcf_corrected_flirt.nii.gz,"(60, 72, 56, 485)",485,7.4,
ok,IRN36,1,001,videos,/lustre/disk/home/shared/cusacklab/foundcog/bids/derivatives/normalized_to_common_space/_subject_id_IRN36/_referencetype_standard/_run_001_session_1_task_name_videos/sub-IRN36_ses-1_task-videos_dir-AP_run-001_bold_mcf_corrected_flirt.nii.gz,/lustre/disk/home/shared/cusacklab/foundcog/bids/derivatives/faizan_motion_correction_dataset/brain_masked_cropped_2mo_normalized_to_common_space/_subject_id_IRN36/_referencetype_standard/_run_001_session_1_task_name_videos/sub-IRN36_ses-1_task-videos_dir-AP_run-001_bold_mcf_corrected_flirt.nii.gz,"(60, 72, 56, 485)",485,16.0,
ok,IRN36,2,001,videos,/lustre/disk/home/shared/cusacklab/foundcog/bids/derivatives/normalized_to_common_space/_subject_id_IRN36/_referencetype_standard/_run_001_session_2_task_name_videos/sub-IRN36_ses-2_task-videos_dir-AP_run-001_bold_mcf_corrected_flirt.nii.gz,/lustre/disk/home/shared/cusacklab/foundcog/bids/derivatives/faizan_motion_correction_dataset/brain_masked_cropped_2mo_normalized_to_common_space/_subject_id_IRN36/_referencetype_standard/_run_001_session_2_task_name_videos/sub-IRN36_ses-2_task-videos_dir-AP_run-001_bold_mcf_corrected_flirt.nii.gz,"(60, 72, 56, 485)",485,16.2,
ok,IRN52,1,001,videos,/lustre/disk/home/shared/cusacklab/foundcog/bids/derivatives/normalized_to_common_space/_subject_id_IRN52/_referencetype_standard/_run_001_session_1_task_name_videos/sub-IRN52_ses-1_task-videos_dir-AP_run-001_bold_mcf_corrected_flirt.nii.gz,/lustre/disk/home/shared/cusacklab/foundcog/bids/derivatives/faizan_motion_correction_dataset/brain_masked_cropped_2mo_normalized_to_common_space/_subject_id_IRN52/_referencetype_standard/_run_001_session_1_task_name_videos/sub-IRN52_ses-1_task-videos_dir-AP_run-001_bold_mcf_corrected_flirt.nii.gz,"(60, 72, 56, 122)",122,4.3,
ok,IRN44,2,001,videos,/lustre/disk/home/shared/cusacklab/foundcog/bids/derivatives/normalized_to_common_space/_subject_id_IRN44/_referencetype_standard/_run_001_session_2_task_name_videos/sub-IRN44_ses-2_task-videos_dir-AP_run-001_bold_mcf_corrected_flirt.nii.gz,/lustre/disk/home/shared/cusacklab/foundcog/bids/derivatives/faizan_motion_correction_dataset/brain_masked_cropped_2mo_normalized_to_common_space/_subject_id_IRN44/_referencetype_standard/_run_001_session_2_task_name_videos/sub-IRN44_ses-2_task-videos_dir-AP_run-001_bold_mcf_corrected_flirt.nii.gz,"(60, 72, 56, 258)",258,8.3,
ok,IRN32,1,001,rest10,/lustre/disk/home/shared/cusacklab/foundcog/bids/derivatives/normalized_to_common_space/_subject_id_IRN32/_referencetype_standard/_run_001_session_1_task_name_rest10/sub-IRN32_ses-1_task-rest10_dir-AP_run-001_bold_mcf_corrected_flirt.nii.gz,/lustre/disk/home/shared/cusacklab/foundcog/bids/derivatives/faizan_motion_correction_dataset/brain_masked_cropped_2mo_normalized_to_common_space/_subject_id_IRN32/_referencetype_standard/_run_001_session_1_task_name_rest10/sub-IRN32_ses-1_task-rest10_dir-AP_run-001_bold_mcf_corrected_flirt.nii.gz,"(60, 72, 56, 1000)",1000,33.0,
ok,IRN60,1,002,videos,/lustre/disk/home/shared/cusacklab/foundcog/bids/derivatives/normalized_to_common_space/_subject_id_IRN60/_referencetype_standard/_run_002_session_1_task_name_videos/sub-IRN60_ses-1_task-videos_dir-AP_run-002_bold_mcf_corrected_flirt.nii.gz,/lustre/disk/home/shared/cusacklab/foundcog/bids/derivatives/faizan_motion_correction_dataset/brain_masked_cropped_2mo_normalized_to_common_space/_subject_id_IRN60/_referencetype_standard/_run_002_session_1_task_name_videos/sub-IRN60_ses-1_task-videos_dir-AP_run-002_bold_mcf_corrected_flirt.nii.gz,"(60, 72, 56, 103)",103,3.2,
ok,IRN44,1,001,videos,/lustre/disk/home/shared/cusacklab/foundcog/bids/derivatives/normalized_to_common_space/_subject_id_IRN44/_referencetype_standard/_run_001_session_1_task_name_videos/sub-IRN44_ses-1_task-videos_dir-AP_run-001_bold_mcf_corrected_flirt.nii.gz,/lustre/disk/home/shared/cusacklab/foundcog/bids/derivatives/faizan_motion_correction_dataset/brain_masked_cropped_2mo_normalized_to_common_space/_subject_id_IRN44/_referencetype_standard/_run_001_session_1_task_name_videos/sub-IRN44_ses-1_task-videos_dir-AP_run-001_bold_mcf_corrected_flirt.nii.gz,"(60, 72, 56, 485)",485,15.7,
ok,IRN44,1,002,videos,/lustre/disk/home/shared/cusacklab/foundcog/bids/derivatives/normalized_to_common_space/_subject_id_IRN44/_referencetype_standard/_run_002_session_1_task_name_videos/sub-IRN44_ses-1_task-videos_dir-AP_run-002_bold_mcf_corrected_flirt.nii.gz,/lustre/disk/home/shared/cusacklab/foundcog/bids/derivatives/faizan_motion_correction_dataset/brain_masked_cropped_2mo_normalized_to_common_space/_subject_id_IRN44/_referencetype_standard/_run_002_session_1_task_name_videos/sub-IRN44_ses-1_task-videos_dir-AP_run-002_bold_mcf_corrected_flirt.nii.gz,"(60, 72, 56, 485)",485,15.7,
ok,IRN62,2,001,videos,/lustre/disk/home/shared/cusacklab/foundcog/bids/derivatives/normalized_to_common_space/_subject_id_IRN62/_referencetype_standard/_run_001_session_2_task_name_videos/sub-IRN62_ses-2_task-videos_dir-AP_run-001_bold_mcf_corrected_flirt.nii.gz,/lustre/disk/home/shared/cusacklab/foundcog/bids/derivatives/faizan_motion_correction_dataset/brain_masked_cropped_2mo_normalized_to_common_space/_subject_id_IRN62/_referencetype_standard/_run_001_session_2_task_name_videos/sub-IRN62_ses-2_task-videos_dir-AP_run-001_bold_mcf_corrected_flirt.nii.gz,"(60, 72, 56, 485)",485,7.2,
ok,IRN60,1,001,videos,/lustre/disk/home/shared/cusacklab/foundcog/bids/derivatives/normalized_to_common_space/_subject_id_IRN60/_referencetype_standard/_run_001_session_1_task_name_videos/sub-IRN60_ses-1_task-videos_dir-AP_run-001_bold_mcf_corrected_flirt.nii.gz,/lustre/disk/home/shared/cusacklab/foundcog/bids/derivatives/faizan_motion_correction_dataset/brain_masked_cropped_2mo_normalized_to_common_space/_subject_id_IRN60/_referencetype_standard/_run_001_session_1_task_name_videos/sub-IRN60_ses-1_task-videos_dir-AP_run-001_bold_mcf_corrected_flirt.nii.gz,"(60, 72, 56, 485)",485,14.9,
ok,IRN60,2,001,videos,/lustre/disk/home/shared/cusacklab/foundcog/bids/derivatives/normalized_to_common_space/_subject_id_IRN60/_referencetype_standard/_run_001_session_2_task_name_videos/sub-IRN60_ses-2_task-videos_dir-AP_run-001_bold_mcf_corrected_flirt.nii.gz,/lustre/disk/home/shared/cusacklab/foundcog/bids/derivatives/faizan_motion_correction_dataset/brain_masked_cropped_2mo_normalized_to_common_space/_subject_id_IRN60/_referencetype_standard/_run_001_session_2_task_name_videos/sub-IRN60_ses-2_task-videos_dir-AP_run-001_bold_mcf_corrected_flirt.nii.gz,"(60, 72, 56, 485)",485,15.5,
ok,IRN62,2,002,videos,/lustre/disk/home/shared/cusacklab/foundcog/bids/derivatives/normalized_to_common_space/_subject_id_IRN62/_referencetype_standard/_run_002_session_2_task_name_videos/sub-IRN62_ses-2_task-videos_dir-AP_run-002_bold_mcf_corrected_flirt.nii.gz,/lustre/disk/home/shared/cusacklab/foundcog/bids/derivatives/faizan_motion_correction_dataset/brain_masked_cropped_2mo_normalized_to_common_space/_subject_id_IRN62/_referencetype_standard/_run_002_session_2_task_name_videos/sub-IRN62_ses-2_task-videos_dir-AP_run-002_bold_mcf_corrected_flirt.nii.gz,"(60, 72, 56, 485)",485,8.4,
ok,IRN44,1,001,rest10,/lustre/disk/home/shared/cusacklab/foundcog/bids/derivatives/normalized_to_common_space/_subject_id_IRN44/_referencetype_standard/_run_001_session_1_task_name_rest10/sub-IRN44_ses-1_task-rest10_dir-AP_run-001_bold_mcf_corrected_flirt.nii.gz,/lustre/disk/home/shared/cusacklab/foundcog/bids/derivatives/faizan_motion_correction_dataset/brain_masked_cropped_2mo_normalized_to_common_space/_subject_id_IRN44/_referencetype_standard/_run_001_session_1_task_name_rest10/sub-IRN44_ses-1_task-rest10_dir-AP_run-001_bold_mcf_corrected_flirt.nii.gz,"(60, 72, 56, 1000)",1000,32.3,
ok,IRN62,1,002,videos,/lustre/disk/home/shared/cusacklab/foundcog/bids/derivatives/normalized_to_common_space/_subject_id_IRN62/_referencetype_standard/_run_002_session_1_task_name_videos/sub-IRN62_ses-1_task-videos_dir-AP_run-002_bold_mcf_corrected_flirt.nii.gz,/lustre/disk/home/shared/cusacklab/foundcog/bids/derivatives/faizan_motion_correction_dataset/brain_masked_cropped_2mo_normalized_to_common_space/_subject_id_IRN62/_referencetype_standard/_run_002_session_1_task_name_videos/sub-IRN62_ses-1_task-videos_dir-AP_run-002_bold_mcf_corrected_flirt.nii.gz,"(60, 72, 56, 485)",485,16.4,
ok,IRN52,1,001,rest10,/lustre/disk/home/shared/cusacklab/foundcog/bids/derivatives/normalized_to_common_space/_subject_id_IRN52/_referencetype_standard/_run_001_session_1_task_name_rest10/sub-IRN52_ses-1_task-rest10_dir-AP_run-001_bold_mcf_corrected_flirt.nii.gz,/lustre/disk/home/shared/cusacklab/foundcog/bids/derivatives/faizan_motion_correction_dataset/brain_masked_cropped_2mo_normalized_to_common_space/_subject_id_IRN52/_referencetype_standard/_run_001_session_1_task_name_rest10/sub-IRN52_ses-1_task-rest10_dir-AP_run-001_bold_mcf_corrected_flirt.nii.gz,"(60, 72, 56, 1000)",1000,34.1,
ok,IRN60,1,001,rest10,/lustre/disk/home/shared/cusacklab/foundcog/bids/derivatives/normalized_to_common_space/_subject_id_IRN60/_referencetype_standard/_run_001_session_1_task_name_rest10/sub-IRN60_ses-1_task-rest10_dir-AP_run-001_bold_mcf_corrected_flirt.nii.gz,/lustre/disk/home/shared/cusacklab/foundcog/bids/derivatives/faizan_motion_correction_dataset/brain_masked_cropped_2mo_normalized_to_common_space/_subject_id_IRN60/_referencetype_standard/_run_001_session_1_task_name_rest10/sub-IRN60_ses-1_task-rest10_dir-AP_run-001_bold_mcf_corrected_flirt.nii.gz,"(60, 72, 56, 1000)",1000,31.5,
ok,IRN64,1,001,videos,/lustre/disk/home/shared/cusacklab/foundcog/bids/derivatives/normalized_to_common_space/_subject_id_IRN64/_referencetype_standard/_run_001_session_1_task_name_videos/sub-IRN64_ses-1_task-videos_dir-AP_run-001_bold_mcf_corrected_flirt.nii.gz,/lustre/disk/home/shared/cusacklab/foundcog/bids/derivatives/faizan_motion_correction_dataset/brain_masked_cropped_2mo_normalized_to_common_space/_subject_id_IRN64/_referencetype_standard/_run_001_session_1_task_name_videos/sub-IRN64_ses-1_task-videos_dir-AP_run-001_bold_mcf_corrected_flirt.nii.gz,"(60, 72, 56, 485)",485,16.4,
ok,IRN64,2,001,videos,/lustre/disk/home/shared/cusacklab/foundcog/bids/derivatives/normalized_to_common_space/_subject_id_IRN64/_referencetype_standard/_run_001_session_2_task_name_videos/sub-IRN64_ses-2_task-videos_dir-AP_run-001_bold_mcf_corrected_flirt.nii.gz,/lustre/disk/home/shared/cusacklab/foundcog/bids/derivatives/faizan_motion_correction_dataset/brain_masked_cropped_2mo_normalized_to_common_space/_subject_id_IRN64/_referencetype_standard/_run_001_session_2_task_name_videos/sub-IRN64_ses-2_task-videos_dir-AP_run-001_bold_mcf_corrected_flirt.nii.gz,"(60, 72, 56, 426)",426,13.9,
ok,IRN62,1,001,rest10,/lustre/disk/home/shared/cusacklab/foundcog/bids/derivatives/normalized_to_common_space/_subject_id_IRN62/_referencetype_standard/_run_001_session_1_task_name_rest10/sub-IRN62_ses-1_task-rest10_dir-AP_run-001_bold_mcf_corrected_flirt.nii.gz,/lustre/disk/home/shared/cusacklab/foundcog/bids/derivatives/faizan_motion_correction_dataset/brain_masked_cropped_2mo_normalized_to_common_space/_subject_id_IRN62/_referencetype_standard/_run_001_session_1_task_name_rest10/sub-IRN62_ses-1_task-rest10_dir-AP_run-001_bold_mcf_corrected_flirt.nii.gz,"(60, 72, 56, 1000)",1000,33.3,
ok,IRN64,1,003,videos,/lustre/disk/home/shared/cusacklab/foundcog/bids/derivatives/normalized_to_common_space/_subject_id_IRN64/_referencetype_standard/_run_003_session_1_task_name_videos/sub-IRN64_ses-1_task-videos_dir-AP_run-003_bold_mcf_corrected_flirt.nii.gz,/lustre/disk/home/shared/cusacklab/foundcog/bids/derivatives/faizan_motion_correction_dataset/brain_masked_cropped_2mo_normalized_to_common_space/_subject_id_IRN64/_referencetype_standard/_run_003_session_1_task_name_videos/sub-IRN64_ses-1_task-videos_dir-AP_run-003_bold_mcf_corrected_flirt.nii.gz,"(60, 72, 56, 485)",485,16.4,
ok,IRN68,1,001,videos,/lustre/disk/home/shared/cusacklab/foundcog/bids/derivatives/normalized_to_common_space/_subject_id_IRN68/_referencetype_standard/_run_001_session_1_task_name_videos/sub-IRN68_ses-1_task-videos_dir-AP_run-001_bold_mcf_corrected_flirt.nii.gz,/lustre/disk/home/shared/cusacklab/foundcog/bids/derivatives/faizan_motion_correction_dataset/brain_masked_cropped_2mo_normalized_to_common_space/_subject_id_IRN68/_referencetype_standard/_run_001_session_1_task_name_videos/sub-IRN68_ses-1_task-videos_dir-AP_run-001_bold_mcf_corrected_flirt.nii.gz,"(60, 72, 56, 485)",485,15.7,
ok,IRN66,1,001,videos,/lustre/disk/home/shared/cusacklab/foundcog/bids/derivatives/normalized_to_common_space/_subject_id_IRN66/_referencetype_standard/_run_001_session_1_task_name_videos/sub-IRN66_ses-1_task-videos_dir-AP_run-001_bold_mcf_corrected_flirt.nii.gz,/lustre/disk/home/shared/cusacklab/foundcog/bids/derivatives/faizan_motion_correction_dataset/brain_masked_cropped_2mo_normalized_to_common_space/_subject_id_IRN66/_referencetype_standard/_run_001_session_1_task_name_videos/sub-IRN66_ses-1_task-videos_dir-AP_run-001_bold_mcf_corrected_flirt.nii.gz,"(60, 72, 56, 485)",485,16.6,
ok,IRN72,1,001,videos,/lustre/disk/home/shared/cusacklab/foundcog/bids/derivatives/normalized_to_common_space/_subject_id_IRN72/_referencetype_standard/_run_001_session_1_task_name_videos/sub-IRN72_ses-1_task-videos_dir-AP_run-001_bold_mcf_corrected_flirt.nii.gz,/lustre/disk/home/shared/cusacklab/foundcog/bids/derivatives/faizan_motion_correction_dataset/brain_masked_cropped_2mo_normalized_to_common_space/_subject_id_IRN72/_referencetype_standard/_run_001_session_1_task_name_videos/sub-IRN72_ses-1_task-videos_dir-AP_run-001_bold_mcf_corrected_flirt.nii.gz,"(60, 72, 56, 228)",228,7.3,
ok,IRN64,2,001,rest10,/lustre/disk/home/shared/cusacklab/foundcog/bids/derivatives/normalized_to_common_space/_subject_id_IRN64/_referencetype_standard/_run_001_session_2_task_name_rest10/sub-IRN64_ses-2_task-rest10_dir-AP_run-001_bold_mcf_corrected_flirt.nii.gz,/lustre/disk/home/shared/cusacklab/foundcog/bids/derivatives/faizan_motion_correction_dataset/brain_masked_cropped_2mo_normalized_to_common_space/_subject_id_IRN64/_referencetype_standard/_run_001_session_2_task_name_rest10/sub-IRN64_ses-2_task-rest10_dir-AP_run-001_bold_mcf_corrected_flirt.nii.gz,"(60, 72, 56, 1000)",1000,33.4,
ok,IRN68,1,002,videos,/lustre/disk/home/shared/cusacklab/foundcog/bids/derivatives/normalized_to_common_space/_subject_id_IRN68/_referencetype_standard/_run_002_session_1_task_name_videos/sub-IRN68_ses-1_task-videos_dir-AP_run-002_bold_mcf_corrected_flirt.nii.gz,/lustre/disk/home/shared/cusacklab/foundcog/bids/derivatives/faizan_motion_correction_dataset/brain_masked_cropped_2mo_normalized_to_common_space/_subject_id_IRN68/_referencetype_standard/_run_002_session_1_task_name_videos/sub-IRN68_ses-1_task-videos_dir-AP_run-002_bold_mcf_corrected_flirt.nii.gz,"(60, 72, 56, 485)",485,15.8,
ok,IRN66,1,001,rest10,/lustre/disk/home/shared/cusacklab/foundcog/bids/derivatives/normalized_to_common_space/_subject_id_IRN66/_referencetype_standard/_run_001_session_1_task_name_rest10/sub-IRN66_ses-1_task-rest10_dir-AP_run-001_bold_mcf_corrected_flirt.nii.gz,/lustre/disk/home/shared/cusacklab/foundcog/bids/derivatives/faizan_motion_correction_dataset/brain_masked_cropped_2mo_normalized_to_common_space/_subject_id_IRN66/_referencetype_standard/_run_001_session_1_task_name_rest10/sub-IRN66_ses-1_task-rest10_dir-AP_run-001_bold_mcf_corrected_flirt.nii.gz,"(60, 72, 56, 1000)",1000,33.7,
ok,IRN72,1,002,videos,/lustre/disk/home/shared/cusacklab/foundcog/bids/derivatives/normalized_to_common_space/_subject_id_IRN72/_referencetype_standard/_run_002_session_1_task_name_videos/sub-IRN72_ses-1_task-videos_dir-AP_run-002_bold_mcf_corrected_flirt.nii.gz,/lustre/disk/home/shared/cusacklab/foundcog/bids/derivatives/faizan_motion_correction_dataset/brain_masked_cropped_2mo_normalized_to_common_space/_subject_id_IRN72/_referencetype_standard/_run_002_session_1_task_name_videos/sub-IRN72_ses-1_task-videos_dir-AP_run-002_bold_mcf_corrected_flirt.nii.gz,"(60, 72, 56, 485)",485,15.6,
ok,IRN72,1,003,videos,/lustre/disk/home/shared/cusacklab/foundcog/bids/derivatives/normalized_to_common_space/_subject_id_IRN72/_referencetype_standard/_run_003_session_1_task_name_videos/sub-IRN72_ses-1_task-videos_dir-AP_run-003_bold_mcf_corrected_flirt.nii.gz,/lustre/disk/home/shared/cusacklab/foundcog/bids/derivatives/faizan_motion_correction_dataset/brain_masked_cropped_2mo_normalized_to_common_space/_subject_id_IRN72/_referencetype_standard/_run_003_session_1_task_name_videos/sub-IRN72_ses-1_task-videos_dir-AP_run-003_bold_mcf_corrected_flirt.nii.gz,"(60, 72, 56, 485)",485,15.7,
ok,IRN68,2,001,rest10,/lustre/disk/home/shared/cusacklab/foundcog/bids/derivatives/normalized_to_common_space/_subject_id_IRN68/_referencetype_standard/_run_001_session_2_task_name_rest10/sub-IRN68_ses-2_task-rest10_dir-AP_run-001_bold_mcf_corrected_flirt.nii.gz,/lustre/disk/home/shared/cusacklab/foundcog/bids/derivatives/faizan_motion_correction_dataset/brain_masked_cropped_2mo_normalized_to_common_space/_subject_id_IRN68/_referencetype_standard/_run_001_session_2_task_name_rest10/sub-IRN68_ses-2_task-rest10_dir-AP_run-001_bold_mcf_corrected_flirt.nii.gz,"(60, 72, 56, 1000)",1000,32.6,
ok,IRN74,1,001,videos,/lustre/disk/home/shared/cusacklab/foundcog/bids/derivatives/normalized_to_common_space/_subject_id_IRN74/_referencetype_standard/_run_001_session_1_task_name_videos/sub-IRN74_ses-1_task-videos_dir-AP_run-001_bold_mcf_corrected_flirt.nii.gz,/lustre/disk/home/shared/cusacklab/foundcog/bids/derivatives/faizan_motion_correction_dataset/brain_masked_cropped_2mo_normalized_to_common_space/_subject_id_IRN74/_referencetype_standard/_run_001_session_1_task_name_videos/sub-IRN74_ses-1_task-videos_dir-AP_run-001_bold_mcf_corrected_flirt.nii.gz,"(60, 72, 56, 485)",485,15.8,
ok,IRN78,1,001,videos,/lustre/disk/home/shared/cusacklab/foundcog/bids/derivatives/normalized_to_common_space/_subject_id_IRN78/_referencetype_standard/_run_001_session_1_task_name_videos/sub-IRN78_ses-1_task-videos_dir-AP_run-001_bold_mcf_corrected_flirt.nii.gz,/lustre/disk/home/shared/cusacklab/foundcog/bids/derivatives/faizan_motion_correction_dataset/brain_masked_cropped_2mo_normalized_to_common_space/_subject_id_IRN78/_referencetype_standard/_run_001_session_1_task_name_videos/sub-IRN78_ses-1_task-videos_dir-AP_run-001_bold_mcf_corrected_flirt.nii.gz,"(60, 72, 56, 485)",485,7.0,
ok,IRN78,1,002,videos,/lustre/disk/home/shared/cusacklab/foundcog/bids/derivatives/normalized_to_common_space/_subject_id_IRN78/_referencetype_standard/_run_002_session_1_task_name_videos/sub-IRN78_ses-1_task-videos_dir-AP_run-002_bold_mcf_corrected_flirt.nii.gz,/lustre/disk/home/shared/cusacklab/foundcog/bids/derivatives/faizan_motion_correction_dataset/brain_masked_cropped_2mo_normalized_to_common_space/_subject_id_IRN78/_referencetype_standard/_run_002_session_1_task_name_videos/sub-IRN78_ses-1_task-videos_dir-AP_run-002_bold_mcf_corrected_flirt.nii.gz,"(60, 72, 56, 485)",485,7.1,
ok,IRN72,1,001,rest10,/lustre/disk/home/shared/cusacklab/foundcog/bids/derivatives/normalized_to_common_space/_subject_id_IRN72/_referencetype_standard/_run_001_session_1_task_name_rest10/sub-IRN72_ses-1_task-rest10_dir-AP_run-001_bold_mcf_corrected_flirt.nii.gz,/lustre/disk/home/shared/cusacklab/foundcog/bids/derivatives/faizan_motion_correction_dataset/brain_masked_cropped_2mo_normalized_to_common_space/_subject_id_IRN72/_referencetype_standard/_run_001_session_1_task_name_rest10/sub-IRN72_ses-1_task-rest10_dir-AP_run-001_bold_mcf_corrected_flirt.nii.gz,"(60, 72, 56, 1000)",1000,32.1,
ok,IRN78,1,003,videos,/lustre/disk/home/shared/cusacklab/foundcog/bids/derivatives/normalized_to_common_space/_subject_id_IRN78/_referencetype_standard/_run_003_session_1_task_name_videos/sub-IRN78_ses-1_task-videos_dir-AP_run-003_bold_mcf_corrected_flirt.nii.gz,/lustre/disk/home/shared/cusacklab/foundcog/bids/derivatives/faizan_motion_correction_dataset/brain_masked_cropped_2mo_normalized_to_common_space/_subject_id_IRN78/_referencetype_standard/_run_003_session_1_task_name_videos/sub-IRN78_ses-1_task-videos_dir-AP_run-003_bold_mcf_corrected_flirt.nii.gz,"(60, 72, 56, 485)",485,6.9,
ok,ITT1,1,001,videos,/lustre/disk/home/shared/cusacklab/foundcog/bids/derivatives/normalized_to_common_space/_subject_id_ITT1/_referencetype_standard/_run_001_session_1_task_name_videos/sub-ITT1_ses-1_task-videos_dir-AP_run-001_bold_mcf_corrected_flirt.nii.gz,/lustre/disk/home/shared/cusacklab/foundcog/bids/derivatives/faizan_motion_correction_dataset/brain_masked_cropped_2mo_normalized_to_common_space/_subject_id_ITT1/_referencetype_standard/_run_001_session_1_task_name_videos/sub-ITT1_ses-1_task-videos_dir-AP_run-001_bold_mcf_corrected_flirt.nii.gz,"(60, 72, 56, 381)",381,5.8,
ok,IRN76,1,001,videos,/lustre/disk/home/shared/cusacklab/foundcog/bids/derivatives/normalized_to_common_space/_subject_id_IRN76/_referencetype_standard/_run_001_session_1_task_name_videos/sub-IRN76_ses-1_task-videos_dir-AP_run-001_bold_mcf_corrected_flirt.nii.gz,/lustre/disk/home/shared/cusacklab/foundcog/bids/derivatives/faizan_motion_correction_dataset/brain_masked_cropped_2mo_normalized_to_common_space/_subject_id_IRN76/_referencetype_standard/_run_001_session_1_task_name_videos/sub-IRN76_ses-1_task-videos_dir-AP_run-001_bold_mcf_corrected_flirt.nii.gz,"(60, 72, 56, 485)",485,15.4,
ok,IRN74,1,001,rest10,/lustre/disk/home/shared/cusacklab/foundcog/bids/derivatives/normalized_to_common_space/_subject_id_IRN74/_referencetype_standard/_run_001_session_1_task_name_rest10/sub-IRN74_ses-1_task-rest10_dir-AP_run-001_bold_mcf_corrected_flirt.nii.gz,/lustre/disk/home/shared/cusacklab/foundcog/bids/derivatives/faizan_motion_correction_dataset/brain_masked_cropped_2mo_normalized_to_common_space/_subject_id_IRN74/_referencetype_standard/_run_001_session_1_task_name_rest10/sub-IRN74_ses-1_task-rest10_dir-AP_run-001_bold_mcf_corrected_flirt.nii.gz,"(60, 72, 56, 1000)",1000,31.6,
ok,IRN76,1,001,rest10,/lustre/disk/home/shared/cusacklab/foundcog/bids/derivatives/normalized_to_common_space/_subject_id_IRN76/_referencetype_standard/_run_001_session_1_task_name_rest10/sub-IRN76_ses-1_task-rest10_dir-AP_run-001_bold_mcf_corrected_flirt.nii.gz,/lustre/disk/home/shared/cusacklab/foundcog/bids/derivatives/faizan_motion_correction_dataset/brain_masked_cropped_2mo_normalized_to_common_space/_subject_id_IRN76/_referencetype_standard/_run_001_session_1_task_name_rest10/sub-IRN76_ses-1_task-rest10_dir-AP_run-001_bold_mcf_corrected_flirt.nii.gz,"(60, 72, 56, 1000)",1000,31.7,
